date,arbitrum_tvl,optimism_tvl,base_tvl,zksync era_tvl
2021-06-04,0.0,,,
2021-06-05,0.0,,,
2021-06-06,0.0,,,
2021-06-07,0.0,,,
2021-06-08,0.0,,,
2021-06-09,0.0,,,
2021-06-10,0.0,,,
2021-06-11,0.0,,,
2021-06-12,0.0,,,
2021-06-13,0.0,,,
2021-06-14,0.0,,,
2021-06-15,0.0,,,
2021-06-16,0.0,,,
2021-07-14,,68353956.0,,
2021-07-15,,62829548.0,,
2021-07-16,,58726312.0,,
2021-07-17,,57839776.0,,
2021-07-18,,58169034.0,,
2021-07-19,,54851270.0,,
2021-07-20,,51021473.0,,
2021-07-21,,55935130.0,,
2021-07-22,,58054505.0,,
2021-07-23,,58914814.0,,
2021-07-24,,57906599.0,,
2021-07-25,,56639532.0,,
2021-07-26,,64992621.0,,
2021-07-27,,63056037.0,,
2021-07-28,,62986829.0,,
2021-07-29,,67912510.0,,
2021-07-30,,65930043.0,,
2021-07-31,,70431242.0,,
2021-08-01,,70021404.0,,
2021-08-02,,66792228.0,,
2021-08-03,,64233598.0,,
2021-08-04,,67709113.0,,
2021-08-05,,74333324.0,,
2021-08-06,,72062634.0,,
2021-08-07,,74705534.0,,
2021-08-08,,69418082.0,,
2021-08-09,,72034382.0,,
2021-08-10,,72511363.0,,
2021-08-11,,75861302.0,,
2021-08-12,,73297285.0,,
2021-08-13,,86392556.0,,
2021-08-14,,93255614.0,,
2021-08-15,,93153512.0,,
2021-08-16,,89266923.0,,
2021-08-17,0.0,83887091.0,,
2021-08-18,0.0,88497201.0,,
2021-08-19,0.0,94449280.0,,
2021-08-20,0.0,97061224.0,,
2021-08-21,0.0,112362881.0,,
2021-08-22,0.0,113077183.0,,
2021-08-23,0.0,117079603.0,,
2021-08-24,0.0,112349617.0,,
2021-08-25,0.0,103579537.0,,
2021-08-26,0.0,96265505.0,,
2021-08-27,0.0,102522071.0,,
2021-08-28,0.0,100454234.0,,
2021-08-29,0.0,98288837.0,,
2021-08-30,0.0,94243916.0,,
2021-08-31,3119.0,96977865.0,,
2021-09-01,473417.0,106135524.0,,
2021-09-02,8167686.0,111059160.0,,
2021-09-03,12221890.0,107763679.0,,
2021-09-04,12538201.0,108751210.0,,
2021-09-05,14102394.0,114056167.0,,
2021-09-06,15586949.0,124063701.0,,
2021-09-07,26672050.0,101894333.0,,
2021-09-08,34848322.0,105969065.0,,
2021-09-09,37349317.0,109694730.0,,
2021-09-10,42532144.0,102469400.0,,
2021-09-11,49742853.0,106005604.0,,
2021-09-12,81508397.0,109937138.0,,
2021-09-13,127215078.0,128311502.0,,
2021-09-14,166938737.0,133013342.0,,
2021-09-15,230778004.0,127312135.0,,
2021-09-16,305908367.0,140107137.0,,
2021-09-17,342543866.0,140514482.0,,
2021-09-18,597421147.0,122806151.0,,
2021-09-19,658837061.0,121744571.0,,
2021-09-20,635391659.0,104117485.0,,
2021-09-21,584649521.0,96430138.0,,
2021-09-22,682082361.0,106270845.0,,
2021-09-23,717266879.0,107523128.0,,
2021-09-24,732869442.0,106367782.0,,
2021-09-25,811531502.0,103796058.0,,
2021-09-26,863251570.0,105930077.0,,
2021-09-27,901167499.0,102257731.0,,
2021-09-28,883957378.0,99772573.0,,
2021-09-29,882932221.0,98555845.0,,
2021-09-30,915418690.0,101105148.0,,
2021-10-01,965690309.0,103348046.0,,
2021-10-02,992719870.0,106707068.0,,
2021-10-03,1047522811.0,107803160.0,,
2021-10-04,1049094002.0,112981728.0,,
2021-10-05,1135604638.0,112936495.0,,
2021-10-06,1154092106.0,113898018.0,,
2021-10-07,1202990695.0,113390656.0,,
2021-10-08,1205895659.0,113934477.0,,
2021-10-09,1204610924.0,112502613.0,,
2021-10-10,1395349583.0,113218265.0,,
2021-10-11,1380811259.0,109611066.0,,
2021-10-12,1455980881.0,108176740.0,,
2021-10-13,1524632751.0,107296007.0,,
2021-10-14,1587198134.0,108015099.0,,
2021-10-15,1629868586.0,96426625.0,,
2021-10-16,1633332447.0,98317207.0,,
2021-10-17,1659748840.0,99205315.0,,
2021-10-18,1676633346.0,99690494.0,,
2021-10-19,1713321687.0,100318467.0,,
2021-10-20,1759395962.0,103258460.0,,
2021-10-21,1836076516.0,107746659.0,,
2021-10-22,1807474334.0,106723831.0,,
2021-10-23,1777470479.0,106623508.0,,
2021-10-24,1848635282.0,108564601.0,,
2021-10-25,1868999517.0,107684933.0,,
2021-10-26,1906541596.0,109905321.0,,
2021-10-27,2188325276.0,111283184.0,,
2021-10-28,2175788089.0,105123946.0,,
2021-10-29,2301829099.0,112688865.0,,
2021-10-30,2319507336.0,257845557.0,,
2021-10-31,2300267075.0,253685253.0,,
2021-11-01,2416302863.0,257673670.0,,
2021-11-02,2492208097.0,259880962.0,,
2021-11-03,2578805599.0,268609423.0,,
2021-11-04,2586001410.0,279958404.0,,
2021-11-05,2567412795.0,287406773.0,,
2021-11-06,2555828592.0,289804525.0,,
2021-11-07,2486623383.0,287159698.0,,
2021-11-08,2563375985.0,292670699.0,,
2021-11-09,2636667459.0,297522284.0,,
2021-11-10,2600002548.0,299837545.0,,
2021-11-11,2534653651.0,279890940.0,,
2021-11-12,2586645839.0,290400255.0,,
2021-11-13,2548438116.0,321704588.0,,
2021-11-14,2521884495.0,328374317.0,,
2021-11-15,2547013753.0,334247492.0,,
2021-11-16,2468498433.0,326753583.0,,
2021-11-17,2320974219.0,306706024.0,,
2021-11-18,2334711769.0,320270848.0,,
2021-11-19,2213452527.0,303897852.0,,
2021-11-20,2268658133.0,345936121.0,,
2021-11-21,2304586925.0,346023738.0,,
2021-11-22,2285744255.0,340538125.0,,
2021-11-23,2171313270.0,342567825.0,,
2021-11-24,2225584102.0,365390137.0,,
2021-11-25,2220835559.0,359557424.0,,
2021-11-26,2247688193.0,364947030.0,,
2021-11-27,2027570318.0,344447018.0,,
2021-11-28,2007780603.0,346932452.0,,
2021-11-29,1924680733.0,352005052.0,,
2021-11-30,1947386932.0,362624371.0,,
2021-12-01,1980965797.0,366145199.0,,
2021-12-02,1930463897.0,354521258.0,,
2021-12-03,1909851817.0,350567661.0,,
2021-12-04,1766261750.0,330869891.0,,
2021-12-05,1722999531.0,313457959.0,,
2021-12-06,1766115339.0,298651172.0,,
2021-12-07,1815388273.0,311906420.0,,
2021-12-08,1823088289.0,309018276.0,,
2021-12-09,1897478264.0,319632649.0,,
2021-12-10,1807977527.0,302669992.0,,
2021-12-11,1758522967.0,295716621.0,,
2021-12-12,1806802927.0,308149371.0,,
2021-12-13,1822664949.0,307920547.0,,
2021-12-14,1724286419.0,286799188.0,,
2021-12-15,1661504549.0,290645527.0,,
2021-12-16,1729795976.0,300754520.0,,
2021-12-17,1703217333.0,297366239.0,,
2021-12-18,1676933047.0,301756308.0,,
2021-12-19,1706430082.0,308298455.0,,
2021-12-20,1699556211.0,306824888.0,,
2021-12-21,1733584489.0,306937655.0,,
2021-12-22,1776588353.0,313862680.0,,
2021-12-23,1778253612.0,316152954.0,,
2021-12-24,1837708685.0,325140257.0,,
2021-12-25,1835081329.0,323664126.0,,
2021-12-26,1845341589.0,325402904.0,,
2021-12-27,1847538483.0,327987385.0,,
2021-12-28,1861719957.0,359184387.0,,
2021-12-29,1791997465.0,353097752.0,,
2021-12-30,1751614415.0,346707070.0,,
2021-12-31,1775161249.0,342776666.0,,
2022-01-01,1686459388.0,345702850.0,,
2022-01-02,1716748310.0,348430425.0,,
2022-01-03,1771489040.0,355551997.0,,
2022-01-04,1787135388.0,332803016.0,,
2022-01-05,1926674872.0,361130178.0,,
2022-01-06,1848309040.0,371864645.0,,
2022-01-07,1822120115.0,355049389.0,,
2022-01-08,1756599372.0,321078256.0,,
2022-01-09,1713764663.0,305746905.0,,
2022-01-10,1735916148.0,286702010.0,,
2022-01-11,1702979874.0,298207495.0,,
2022-01-12,1762377223.0,306134333.0,,
2022-01-13,1793909156.0,312814699.0,,
2022-01-14,1821049638.0,289858251.0,,
2022-01-15,1865775174.0,292552699.0,,
2022-01-16,1902246286.0,294897302.0,,
2022-01-17,1841479403.0,296943844.0,,
2022-01-18,1759393005.0,288610287.0,,
2022-01-19,1739776716.0,294815769.0,,
2022-01-20,1724450476.0,292935119.0,,
2022-01-21,1664610104.0,312702508.0,,
2022-01-22,1429100338.0,280864418.0,,
2022-01-23,1267566172.0,267546073.0,,
2022-01-24,1351794990.0,271149911.0,,
2022-01-25,1315399656.0,272153342.0,,
2022-01-26,1369916973.0,277748091.0,,
2022-01-27,1389779624.0,283350501.0,,
2022-01-28,1417245006.0,277176896.0,,
2022-01-29,1404874218.0,289624391.0,,
2022-01-30,1439333435.0,296000776.0,,
2022-01-31,1488837253.0,292693054.0,,
2022-02-01,1580196516.0,305663790.0,,
2022-02-02,1626140777.0,312911493.0,,
2022-02-03,1595859186.0,328222788.0,,
2022-02-04,1589446697.0,320824134.0,,
2022-02-05,1717669076.0,332146403.0,,
2022-02-06,1754978858.0,338363846.0,,
2022-02-07,1769874653.0,340884257.0,,
2022-02-08,1576954653.0,346068926.0,,
2022-02-09,1570529915.0,340869673.0,,
2022-02-10,1670692448.0,346622870.0,,
2022-02-11,1638361468.0,328969966.0,,
2022-02-12,1584852258.0,314783500.0,,
2022-02-13,1575276002.0,314383148.0,,
2022-02-14,1569675768.0,302846972.0,,
2022-02-15,1585327913.0,307459217.0,,
2022-02-16,1654031134.0,331250029.0,,
2022-02-17,1637422629.0,326692612.0,,
2022-02-18,1567955018.0,309021796.0,,
2022-02-19,1544138212.0,301537995.0,,
2022-02-20,1544248129.0,300528704.0,,
2022-02-21,1505734137.0,288087975.0,,
2022-02-22,1482077277.0,287011648.0,,
2022-02-23,1487902652.0,294995143.0,,
2022-02-24,1526299680.0,286623879.0,,
2022-02-25,1512824206.0,290356012.0,,
2022-02-26,1525065230.0,300790550.0,,
2022-02-27,1525783110.0,295140841.0,,
2022-02-28,1547917689.0,288044558.0,,
2022-03-01,1629159012.0,305401556.0,,
2022-03-02,1668986739.0,301048498.0,,
2022-03-03,1673891965.0,299558085.0,,
2022-03-04,1551200805.0,283837055.0,,
2022-03-05,1480879134.0,264186368.0,,
2022-03-06,1476365386.0,273751896.0,,
2022-03-07,1423756232.0,270323852.0,,
2022-03-08,1403763668.0,269451309.0,,
2022-03-09,1435827720.0,280836771.0,,
2022-03-10,1461317761.0,307349790.0,,
2022-03-11,1429517325.0,298515777.0,,
2022-03-12,1419590388.0,288295767.0,,
2022-03-13,1427607737.0,290669968.0,,
2022-03-14,1414371015.0,278202599.0,,
2022-03-15,1431298738.0,277811894.0,,
2022-03-16,1450820292.0,279105367.0,,
2022-03-17,1531313761.0,270615039.0,,
2022-03-18,1535042888.0,298548763.0,,
2022-03-19,1573754747.0,324754026.0,,
2022-03-20,1568878983.0,321265685.0,,
2022-03-21,1527707851.0,327530835.0,,
2022-03-22,1660374166.0,341874157.0,,
2022-03-23,1707899817.0,348135073.0,,
2022-03-24,1757674391.0,377769621.0,,
2022-03-25,1811720262.0,373389207.0,,
2022-03-26,1868741399.0,367846233.0,,
2022-03-27,1718170144.0,373544361.0,,
2022-03-28,1772871887.0,387947835.0,,
2022-03-29,1783266466.0,390488143.0,,
2022-03-30,1794314791.0,402808213.0,,
2022-03-31,1753403144.0,435746277.0,,
2022-04-01,1730188409.0,433986149.0,,
2022-04-02,1774268086.0,447273226.0,,
2022-04-03,1773724791.0,448475130.0,,
2022-04-04,1782741538.0,450998939.0,,
2022-04-05,1787851969.0,421375327.0,,
2022-04-06,1766124830.0,423444072.0,,
2022-04-07,1718962318.0,424857182.0,,
2022-04-08,1719475650.0,435067820.0,,
2022-04-09,1754600041.0,420646110.0,,
2022-04-10,1766605976.0,430779501.0,,
2022-04-11,1752297587.0,421503639.0,,
2022-04-12,1686851877.0,394726759.0,,
2022-04-13,1699689607.0,405711131.0,,
2022-04-14,1731894793.0,413652544.0,,
2022-04-15,1707020830.0,421203997.0,,
2022-04-16,1717587801.0,422737557.0,,
2022-04-17,1721573496.0,421226590.0,,
2022-04-18,1708633778.0,412126419.0,,
2022-04-19,1715765484.0,424474341.0,,
2022-04-20,1674132955.0,454356071.0,,
2022-04-21,1662961343.0,484016421.0,,
2022-04-22,1632217440.0,473553233.0,,
2022-04-23,1622036592.0,466051544.0,,
2022-04-24,1619971789.0,479374315.0,,
2022-04-25,1607068788.0,473342505.0,,
2022-04-26,1613576740.0,498459203.0,,
2022-04-27,1556065006.0,475764024.0,,
2022-04-28,1550055651.0,479957167.0,,
2022-04-29,1557446744.0,474612101.0,,
2022-04-30,1464033631.0,447961828.0,,
2022-05-01,1419577752.0,423239759.0,,
2022-05-02,1435036465.0,436340380.0,,
2022-05-03,1442654898.0,431488815.0,,
2022-05-04,1433362020.0,427601234.0,,
2022-05-05,1471457467.0,453013218.0,,
2022-05-06,1423372799.0,420263930.0,,
2022-05-07,1351830234.0,403175095.0,,
2022-05-08,1343247796.0,394287490.0,,
2022-05-09,1329101703.0,385901453.0,,
2022-05-10,1247953366.0,362375042.0,,
2022-05-11,1269801774.0,367630926.0,,
2022-05-12,1179437076.0,309265213.0,,0.0
2022-05-13,1083688227.0,285550327.0,,0.0
2022-05-14,1085420861.0,280983753.0,,0.0
2022-05-15,1084794597.0,275372654.0,,0.0
2022-05-16,1093197893.0,282803067.0,,0.0
2022-05-17,1086300984.0,278151542.0,,0.0
2022-05-18,1069945910.0,280666772.0,,0.0
2022-05-19,1026145984.0,271937411.0,,0.0
2022-05-20,1041699282.0,274569372.0,,0.0
2022-05-21,1038589011.0,271214435.0,,0.0
2022-05-22,1046136494.0,275179333.0,,0.0
2022-05-23,1009116048.0,280361547.0,,0.0
2022-05-24,1009655796.0,271317813.0,,0.0
2022-05-25,1010180743.0,273289976.0,,0.0
2022-05-26,1012103992.0,261538793.0,,0.0
2022-05-27,986886755.0,264739996.0,,0.0
2022-05-28,979520077.0,248172986.0,,0.0
2022-05-29,991960448.0,246162135.0,,0.0
2022-05-30,995970480.0,269058332.0,,0.0
2022-05-31,1032741579.0,275203556.0,,0.0
2022-06-01,1016825921.0,276665668.0,,0.0
2022-06-02,987590815.0,316376757.0,,0.0
2022-06-03,1006543828.0,325786436.0,,0.0
2022-06-04,983668126.0,335405216.0,,0.0
2022-06-05,985219834.0,350600460.0,,0.0
2022-06-06,988253092.0,353949594.0,,0.0
2022-06-07,988477400.0,356623050.0,,0.0
2022-06-08,988354173.0,360981199.0,,0.0
2022-06-09,980065799.0,352419866.0,,0.0
2022-06-10,974231413.0,325512820.0,,0.0
2022-06-11,952218018.0,321674092.0,,0.0
2022-06-12,913642455.0,310774221.0,,0.0
2022-06-13,882931122.0,283859932.0,,0.0
2022-06-14,805311270.0,256091590.0,,0.0
2022-06-15,795899653.0,254220807.0,,0.0
2022-06-16,752197470.0,256154790.0,,0.0
2022-06-17,719817445.0,243798895.0,,0.0
2022-06-18,716973448.0,236820210.0,,0.0
2022-06-19,668110694.0,222666785.0,,0.0
2022-06-20,689566917.0,238656241.0,,0.0
2022-06-21,697045892.0,273999273.0,,0.0
2022-06-22,698413969.0,276257543.0,,0.0
2022-06-23,674442229.0,304220289.0,,0.0
2022-06-24,696730007.0,313684200.0,,0.0
2022-06-25,702812935.0,317202013.0,,0.0
2022-06-26,697179990.0,307846920.0,,0.0
2022-06-27,690595428.0,300690927.0,,0.0
2022-06-28,683572377.0,286914469.0,,0.0
2022-06-29,679319467.0,292769185.0,,0.0
2022-06-30,676475033.0,276948270.0,,0.0
2022-07-01,673148033.0,270792065.0,,0.0
2022-07-02,670943308.0,271571994.0,,0.0
2022-07-03,682461163.0,285240547.0,,0.0
2022-07-04,568441679.0,276700924.0,,0.0
2022-07-05,574231803.0,289656776.0,,0.0
2022-07-06,574845745.0,286357349.0,,0.0
2022-07-07,583266636.0,286326290.0,,0.0
2022-07-08,610128741.0,289443990.0,,0.0
2022-07-09,599598947.0,287270497.0,,0.0
2022-07-10,614077983.0,290187898.0,,0.0
2022-07-11,595517631.0,284778855.0,,0.0
2022-07-12,568477008.0,274578928.0,,0.0
2022-07-13,562821927.0,271103461.0,,0.0
2022-07-14,580661478.0,280592702.0,,0.0
2022-07-15,590811594.0,293801218.0,,0.0
2022-07-16,596906764.0,301705624.0,,0.0
2022-07-17,621605522.0,324492950.0,,0.0
2022-07-18,610613009.0,328464521.0,,0.0
2022-07-19,657936720.0,353376392.0,,0.0
2022-07-20,639290572.0,358373595.0,,0.0
2022-07-21,636645108.0,362419544.0,,0.0
2022-07-22,636114114.0,381971975.0,,0.0
2022-07-23,640084841.0,387582940.0,,0.0
2022-07-24,637712299.0,399566587.0,,0.0
2022-07-25,662684305.0,395822214.0,,0.0
2022-07-26,668228389.0,401130415.0,,0.0
2022-07-27,773515863.0,408112940.0,,0.0
2022-07-28,728742032.0,452534563.0,,0.0
2022-07-29,739818219.0,496524842.0,,0.0
2022-07-30,749516625.0,531736162.0,,0.0
2022-07-31,758916035.0,536323369.0,,0.0
2022-08-01,749627296.0,533955151.0,,0.0
2022-08-02,749931646.0,530639144.0,,0.0
2022-08-03,753387856.0,536157912.0,,0.0
2022-08-04,774066475.0,551379444.0,,0.0
2022-08-05,784644976.0,767374402.0,,0.0
2022-08-06,809561870.0,986341592.0,,0.0
2022-08-07,806972391.0,1046213502.0,,0.0
2022-08-08,840273412.0,1078296991.0,,0.0
2022-08-09,839066439.0,1095695106.0,,0.0
2022-08-10,820007218.0,1067000301.0,,0.0
2022-08-11,879845792.0,1148609503.0,,0.0
2022-08-12,897539803.0,1137548511.0,,0.0
2022-08-13,931204179.0,1146261032.0,,0.0
2022-08-14,918747441.0,1101897966.0,,0.0
2022-08-15,903777943.0,1068333223.0,,0.0
2022-08-16,900000724.0,1059643061.0,,0.0
2022-08-17,886599959.0,1033628772.0,,0.0
2022-08-18,884718100.0,1027894904.0,,0.0
2022-08-19,882455520.0,900789337.0,,0.0
2022-08-20,861303813.0,862122784.0,,0.0
2022-08-21,862484241.0,837484104.0,,0.0
2022-08-22,885180859.0,860500548.0,,0.0
2022-08-23,882415063.0,859287266.0,,0.0
2022-08-24,883905597.0,877289278.0,,0.0
2022-08-25,901757155.0,873934547.0,,0.0
2022-08-26,913603627.0,891662850.0,,0.0
2022-08-27,884411839.0,855354165.0,,0.0
2022-08-28,877412875.0,872050566.0,,0.0
2022-08-29,864194323.0,849872084.0,,0.0
2022-08-30,906904806.0,884142766.0,,0.0
2022-08-31,897029556.0,896718051.0,,0.0
2022-09-01,888688996.0,900980992.0,,0.0
2022-09-02,904581937.0,906524172.0,,0.0
2022-09-03,916138477.0,909991150.0,,0.0
2022-09-04,915156412.0,903795346.0,,0.0
2022-09-05,917699455.0,908893859.0,,0.0
2022-09-06,917169596.0,891187866.0,,0.0
2022-09-07,882115204.0,843470600.0,,0.0
2022-09-08,889085293.0,860821414.0,,0.0
2022-09-09,896313690.0,856584042.0,,0.0
2022-09-10,911231988.0,887048796.0,,0.0
2022-09-11,930573197.0,890304436.0,,0.0
2022-09-12,924610530.0,887195266.0,,0.0
2022-09-13,900064315.0,889836072.0,,0.0
2022-09-14,858841165.0,854369358.0,,0.0
2022-09-15,849596127.0,829717506.0,,0.0
2022-09-16,824975202.0,823225578.0,,0.0
2022-09-17,865029445.0,825994673.0,,0.0
2022-09-18,893818950.0,840123001.0,,0.0
2022-09-19,859081208.0,820166504.0,,0.0
2022-09-20,885925028.0,831805294.0,,0.0
2022-09-21,866897627.0,843541090.0,,0.0
2022-09-22,857675888.0,808022751.0,,0.0
2022-09-23,900724983.0,829618218.0,,0.0
2022-09-24,900003515.0,832553561.0,,0.0
2022-09-25,902133789.0,836613579.0,,0.0
2022-09-26,913201145.0,827326483.0,,0.0
2022-09-27,934100686.0,839495416.0,,0.0
2022-09-28,921286594.0,843777929.0,,0.0
2022-09-29,922393025.0,897311378.0,,0.0
2022-09-30,916110867.0,907320143.0,,0.0
2022-10-01,911964978.0,902629155.0,,0.0
2022-10-02,908015043.0,903667260.0,,0.0
2022-10-03,900434827.0,901251539.0,,0.0
2022-10-04,910729327.0,921985186.0,,0.0
2022-10-05,925405252.0,930236302.0,,0.0
2022-10-06,959490451.0,920250802.0,,0.0
2022-10-07,936284633.0,923266779.0,,0.0
2022-10-08,934443555.0,902268466.0,,0.0
2022-10-09,930574016.0,922906888.0,,0.0
2022-10-10,934032755.0,920821728.0,,0.0
2022-10-11,921271667.0,910506884.0,,0.0
2022-10-12,922399286.0,915604362.0,,0.0
2022-10-13,908001550.0,906572077.0,,0.0
2022-10-14,916065040.0,916031752.0,,0.0
2022-10-15,917440481.0,918838202.0,,0.0
2022-10-16,922526194.0,919083503.0,,0.0
2022-10-17,932232691.0,927066642.0,,0.0
2022-10-18,942251988.0,897768586.0,,0.0
2022-10-19,937210893.0,906998487.0,,0.0
2022-10-20,920919754.0,912735961.0,,0.0
2022-10-21,903571648.0,906135704.0,,0.0
2022-10-22,921711010.0,905943177.0,,0.0
2022-10-23,917629988.0,906218237.0,,0.0
2022-10-24,937792014.0,913248953.0,,0.0
2022-10-25,937401025.0,910443780.0,,0.0
2022-10-26,968202093.0,929202701.0,,0.0
2022-10-27,988753257.0,947619925.0,,0.0
2022-10-28,983831481.0,978201562.0,,0.0
2022-10-29,992844389.0,991481846.0,,0.0
2022-10-30,1022448576.0,1016331132.0,,0.0
2022-10-31,1007224354.0,1003330005.0,,0.0
2022-11-01,1010313199.0,977122602.0,,0.0
2022-11-02,1019433927.0,963034897.0,,0.0
2022-11-03,1012287400.0,907129721.0,,0.0
2022-11-04,1026709459.0,864857460.0,,0.0
2022-11-05,1066061980.0,873965823.0,,0.0
2022-11-06,1071250183.0,874281511.0,,0.0
2022-11-07,1055013925.0,855602965.0,,0.0
2022-11-08,1054894910.0,864292044.0,,0.0
2022-11-09,938339082.0,773709308.0,,0.0
2022-11-10,847933997.0,685012419.0,,0.0
2022-11-11,887957708.0,659122121.0,,0.0
2022-11-12,892965987.0,636713058.0,,0.0
2022-11-13,879966708.0,613778069.0,,0.0
2022-11-14,861739785.0,601891665.0,,0.0
2022-11-15,882887481.0,560992105.0,,0.0
2022-11-16,898181563.0,560192916.0,,0.0
2022-11-17,909344488.0,559156686.0,,0.0
2022-11-18,919200701.0,544521421.0,,0.0
2022-11-19,931146128.0,547273338.0,,0.0
2022-11-20,953714060.0,553930466.0,,0.0
2022-11-21,937279253.0,539366518.0,,0.0
2022-11-22,925953076.0,532078962.0,,0.0
2022-11-23,939077143.0,536365082.0,,0.0
2022-11-24,957808346.0,543623253.0,,0.0
2022-11-25,970378234.0,542493373.0,,0.0
2022-11-26,954322804.0,528692121.0,,0.0
2022-11-27,946784915.0,524829977.0,,0.0
2022-11-28,939385127.0,520022539.0,,0.0
2022-11-29,923807947.0,515238403.0,,0.0
2022-11-30,970737404.0,527741510.0,,0.0
2022-12-01,975696284.0,535499387.0,,0.0
2022-12-02,985729125.0,539173254.0,,0.0
2022-12-03,1014054842.0,544108325.0,,0.0
2022-12-04,1012555758.0,536947134.0,,0.0
2022-12-05,1032593100.0,546297049.0,,0.0
2022-12-06,1015713710.0,548031221.0,,0.0
2022-12-07,1027656068.0,555518456.0,,0.0
2022-12-08,1036420740.0,554345851.0,,0.0
2022-12-09,1063716272.0,560872937.0,,0.0
2022-12-10,1069642566.0,559127372.0,,0.0
2022-12-11,1078658937.0,559590399.0,,0.0
2022-12-12,1084098146.0,555372529.0,,0.0
2022-12-13,1101591499.0,558949531.0,,0.0
2022-12-14,1120457710.0,568432696.0,,0.0
2022-12-15,1117153555.0,572666490.0,,0.0
2022-12-16,1116929122.0,565303952.0,,0.0
2022-12-17,1091495448.0,539055811.0,,0.0
2022-12-18,1115983230.0,545662683.0,,0.0
2022-12-19,1119621707.0,548014072.0,,0.0
2022-12-20,1060492181.0,518368980.0,,0.0
2022-12-21,1053464501.0,523269482.0,,0.0
2022-12-22,1061469099.0,521551491.0,,0.0
2022-12-23,1039008355.0,525269256.0,,0.0
2022-12-24,1042424464.0,522382891.0,,0.0
2022-12-25,1044473044.0,519785522.0,,0.0
2022-12-26,1045809971.0,518261370.0,,0.0
2022-12-27,1045200885.0,519283936.0,,0.0
2022-12-28,1030680586.0,515823592.0,,0.0
2022-12-29,1013503809.0,509433407.0,,0.0
2022-12-30,1003097106.0,498258027.0,,0.0
2022-12-31,998662068.0,497942793.0,,0.0
2023-01-01,996497986.0,493237695.0,,0.0
2023-01-02,997740536.0,493362521.0,,0.0
2023-01-03,1006705291.0,498948375.0,,0.0
2023-01-04,1001510003.0,499058243.0,,0.0
2023-01-05,1008138233.0,505490737.0,,0.0
2023-01-06,1006959675.0,502861038.0,,0.0
2023-01-07,988294862.0,505291664.0,,0.0
2023-01-08,983337789.0,502493470.0,,0.0
2023-01-09,994254378.0,508839409.0,,0.0
2023-01-10,1000843451.0,520126946.0,,0.0
2023-01-11,1001988098.0,523155912.0,,0.0
2023-01-12,1026347114.0,539634604.0,,0.0
2023-01-13,1021646955.0,540762968.0,,0.0
2023-01-14,1076269932.0,566909125.0,,0.0
2023-01-15,1068153856.0,568358443.0,,0.0
2023-01-16,1072690531.0,577292629.0,,0.0
2023-01-17,1073121701.0,578866983.0,,0.0
2023-01-18,1068155569.0,584963119.0,,0.0
2023-01-19,1040316498.0,584785329.0,,0.0
2023-01-20,1068024056.0,594241727.0,,0.0
2023-01-21,1115971221.0,624859699.0,,0.0
2023-01-22,1105532166.0,627318514.0,,0.0
2023-01-23,1132668089.0,634098375.0,,0.0
2023-01-24,1140920053.0,641567917.0,,0.0
2023-01-25,1119716587.0,633430686.0,,0.0
2023-01-26,1147227097.0,671505649.0,,0.0
2023-01-27,1147874915.0,685169947.0,,0.0
2023-01-28,1165134434.0,690140119.0,,0.0
2023-01-29,1172263950.0,693513167.0,,0.0
2023-01-30,1195141930.0,702914670.0,,0.0
2023-01-31,1176315329.0,690310738.0,,0.0
2023-02-01,1197952613.0,706752588.0,,0.0
2023-02-02,1255567030.0,745356837.0,,0.0
2023-02-03,1264473073.0,739560049.0,,0.0
2023-02-04,1300686817.0,747420428.0,,0.0
2023-02-05,1310116427.0,757950058.0,,0.0
2023-02-06,1317053426.0,760945583.0,,0.0
2023-02-07,1332107763.0,776585052.0,,0.0
2023-02-08,1404251603.0,807004257.0,,0.0
2023-02-09,1428743999.0,804134218.0,,0.0
2023-02-10,1379140959.0,770367800.0,,0.0
2023-02-11,1398846070.0,768587556.0,,0.0
2023-02-12,1438599259.0,784567358.0,,0.0
2023-02-13,1435819807.0,775622230.0,,0.0
2023-02-14,1431912201.0,781102336.0,,0.0
2023-02-15,1486406304.0,793920220.0,,0.0
2023-02-16,1578290684.0,829756205.0,,0.0
2023-02-17,1587033807.0,811812024.0,,0.0
2023-02-18,1672984461.0,838723152.0,,0.0
2023-02-19,1731174304.0,842359670.0,,0.0
2023-02-20,1750030472.0,847913160.0,,0.0
2023-02-21,1803657826.0,866373976.0,,0.0
2023-02-22,1835163458.0,873403458.0,,0.0
2023-02-23,1844064003.0,871097848.0,,0.0
2023-02-24,1874226164.0,893618536.0,,0.0
2023-02-25,1848428058.0,901550692.0,,0.0
2023-02-26,1842226467.0,905473887.0,,0.0
2023-02-27,1899360686.0,942928941.0,,0.0
2023-02-28,1914393508.0,957454958.0,,0.0
2023-03-01,1911209126.0,964083330.0,,0.0
2023-03-02,1962159461.0,986793990.0,,0.0
2023-03-03,1924985105.0,978940816.0,,0.0
2023-03-04,1874694112.0,959179631.0,,0.0
2023-03-05,1876124849.0,955960269.0,,0.0
2023-03-06,1898850593.0,962991868.0,,0.0
2023-03-07,1897416639.0,967587261.0,,0.0
2023-03-08,1862971274.0,957405162.0,,0.0
2023-03-09,1814360401.0,934101955.0,,0.0
2023-03-10,1709764843.0,892816165.0,,0.0
2023-03-11,1630970083.0,845209837.0,,0.0
2023-03-12,1469826492.0,732001856.0,,0.0
2023-03-13,1550297921.0,827887455.0,,0.0
2023-03-14,1608999964.0,875393367.0,,0.0
2023-03-15,1637424982.0,911288002.0,,0.0
2023-03-16,1652673335.0,882767318.0,,0.0
2023-03-17,1727959496.0,926625232.0,,0.0
2023-03-18,1857356164.0,993376397.0,,0.0
2023-03-19,1878138898.0,978582957.0,,0.0
2023-03-20,1902467847.0,981249673.0,,0.0
2023-03-21,1960505885.0,981870420.0,,0.0
2023-03-22,2011002464.0,985961033.0,,0.0
2023-03-23,2111633834.0,978972042.0,,0.0
2023-03-24,2141262901.0,985105982.0,,0.0
2023-03-25,2148125326.0,953903330.0,,560175.0
2023-03-26,2171306056.0,944819771.0,,2289009.0
2023-03-27,2211274710.0,939958944.0,,5826840.0
2023-03-28,2202781948.0,922609200.0,,9928643.0
2023-03-29,2252302633.0,913153281.0,,17069920.0
2023-03-30,2264264413.0,920113496.0,,22391196.0
2023-03-31,2298455946.0,916251698.0,,27248257.0
2023-04-01,2306354065.0,922280306.0,,35275357.0
2023-04-02,2267353639.0,921228508.0,,39156125.0
2023-04-03,2238774734.0,908913720.0,,43817284.0
2023-04-04,2255470058.0,912279424.0,,49187790.0
2023-04-05,2283082968.0,928790478.0,,53773585.0
2023-04-06,2296507319.0,932193856.0,,58604094.0
2023-04-07,2284653597.0,928429183.0,,66086232.0
2023-04-08,2287367499.0,920363928.0,,73270550.0
2023-04-09,2290802030.0,921684020.0,,79117362.0
2023-04-10,2290880487.0,922060232.0,,89215988.0
2023-04-11,2308041453.0,932655992.0,,101440828.0
2023-04-12,2306907754.0,929161175.0,,109927293.0
2023-04-13,2268198135.0,927872550.0,,114915670.0
2023-04-14,2361368021.0,960709533.0,,119661613.0
2023-04-15,2377436010.0,962448751.0,,119960134.0
2023-04-16,2384155972.0,959890982.0,,119977562.0
2023-04-17,2350139968.0,965437345.0,,120971302.0
2023-04-18,2308927933.0,958086214.0,,119991820.0
2023-04-19,2341096870.0,978965898.0,,117569722.0
2023-04-20,2247151421.0,961125730.0,,117796678.0
2023-04-21,2232322606.0,943104698.0,,106275318.0
2023-04-22,2175778127.0,908776983.0,,101598099.0
2023-04-23,2192366542.0,914012960.0,,99223676.0
2023-04-24,2199411991.0,912842929.0,,105417618.0
2023-04-25,2183601370.0,918528129.0,,111398403.0
2023-04-26,2212903491.0,926888955.0,,118549229.0
2023-04-27,2251062881.0,929541355.0,,121694856.0
2023-04-28,2272198430.0,923782079.0,,124640490.0
2023-04-29,2269330646.0,923345600.0,,126925212.0
2023-04-30,2280960984.0,926807953.0,,129237414.0
2023-05-01,2268273270.0,915437245.0,,129300080.0
2023-05-02,2229185484.0,901301815.0,,125789522.0
2023-05-03,2253228711.0,908391380.0,,118242582.0
2023-05-04,2301022326.0,928118339.0,,113771229.0
2023-05-05,2480567513.0,919800803.0,,110874775.0
2023-05-06,2556472180.0,935685781.0,,110852912.0
2023-05-07,2488585158.0,910832942.0,,105279862.0
2023-05-08,2476791014.0,895925865.0,,99733337.0
2023-05-09,2408656213.0,874583268.0,,98688524.0
2023-05-10,2436267051.0,878016035.0,,97744303.0
2023-05-11,2409499261.0,871239963.0,,99359214.0
2023-05-12,2373328780.0,852395688.0,,96666432.0
2023-05-13,2380619716.0,852138838.0,,96122256.0
2023-05-14,2375457793.0,844726387.0,,97490459.0
2023-05-15,2371357520.0,851657095.0,,104048214.0
2023-05-16,2394182733.0,854640388.0,,105551531.0
2023-05-17,2414060800.0,865135480.0,,107109298.0
2023-05-18,2427052909.0,884052329.0,,110659005.0
2023-05-19,2394923683.0,877811028.0,,112462077.0
2023-05-20,2395436959.0,880253005.0,,113766657.0
2023-05-21,2414469556.0,890137368.0,,113713745.0
2023-05-22,2375474976.0,878405360.0,,117070661.0
2023-05-23,2385087520.0,882182336.0,,118503865.0
2023-05-24,2377533859.0,891016295.0,,121045637.0
2023-05-25,2301701541.0,870729873.0,,119212323.0
2023-05-26,2313550339.0,876274475.0,,121166059.0
2023-05-27,2326653966.0,881034363.0,,125673821.0
2023-05-28,2332874709.0,885878940.0,,129390526.0
2023-05-29,2357167591.0,900609831.0,,132764884.0
2023-05-30,2319493564.0,891330075.0,,140560850.0
2023-05-31,2331066410.0,891585549.0,,142570067.0
2023-06-01,2293287707.0,872279292.0,,141773083.0
2023-06-02,2281927414.0,873523779.0,,146262243.0
2023-06-03,2315294541.0,877267458.0,,151811867.0
2023-06-04,2303994061.0,877533705.0,,152103444.0
2023-06-05,2300601847.0,878495128.0,,155390250.0
2023-06-06,2233672535.0,854557638.0,,154489009.0
2023-06-07,2254159861.0,866390602.0,,158737783.0
2023-06-08,2194432628.0,852514796.0,,158031886.0
2023-06-09,2194148504.0,853384164.0,,159040614.0
2023-06-10,2192518286.0,828779820.0,,159713534.0
2023-06-11,2079003271.0,794734385.0,,156170050.0
2023-06-12,2071926809.0,789213459.0,,157573875.0
2023-06-13,2058268204.0,792980181.0,,158036154.0
2023-06-14,2071971263.0,796837666.0,,160385898.0
2023-06-15,2005057921.0,777789131.0,0.0,157344826.0
2023-06-16,2001914340.0,758797066.0,0.0,152772572.0
2023-06-17,2033819324.0,764482457.0,0.0,152859227.0
2023-06-18,2035384160.0,764717183.0,0.0,153846255.0
2023-06-19,2038564410.0,760648042.0,0.0,151901158.0
2023-06-20,2058568230.0,764192821.0,0.0,154054271.0
2023-06-21,2130341477.0,785827598.0,0.0,157530998.0
2023-06-22,2190723111.0,805724864.0,0.0,162500157.0
2023-06-23,2181916558.0,792228284.0,0.0,163386992.0
2023-06-24,2201819551.0,795987019.0,0.0,164348126.0
2023-06-25,2183563664.0,789027762.0,0.0,167543127.0
2023-06-26,2198947148.0,793977712.0,0.0,169813780.0
2023-06-27,2203223643.0,787403556.0,0.0,171274984.0
2023-06-28,2212643821.0,785250589.0,0.0,173115380.0
2023-06-29,2180798875.0,764613316.0,0.0,173670162.0
2023-06-30,2167779063.0,794859842.0,0.0,177014337.0
2023-07-01,2196538028.0,820810014.0,0.0,179840170.0
2023-07-02,2198067134.0,830174803.0,0.0,183228964.0
2023-07-03,2209291625.0,839876365.0,0.0,185859712.0
2023-07-04,2228727301.0,840048345.0,0.0,187549873.0
2023-07-05,2206046538.0,838886661.0,0.0,187533380.0
2023-07-06,2184644630.0,831847772.0,0.0,186000191.0
2023-07-07,2152906108.0,819934690.0,0.0,183593745.0
2023-07-08,2184381459.0,822508914.0,0.0,185345311.0
2023-07-09,2185108355.0,826243564.0,0.0,187794903.0
2023-07-10,2182107574.0,824735270.0,0.0,189434050.0
2023-07-11,2187021802.0,820098707.0,0.0,184866249.0
2023-07-12,2184483302.0,816743012.0,0.0,186949233.0
2023-07-13,2171233857.0,810173914.0,0.0,186738370.0
2023-07-14,2251343517.0,845903993.0,0.0,192762382.0
2023-07-15,2201136829.0,849110271.0,0.0,189424300.0
2023-07-16,2211086600.0,869079204.0,0.0,191329743.0
2023-07-17,2206712455.0,862986452.0,0.0,192364891.0
2023-07-18,2177625866.0,862332521.0,0.0,189673716.0
2023-07-19,2175984907.0,866672763.0,0.0,179197908.0
2023-07-20,2166039489.0,876080637.0,0.0,187674532.0
2023-07-21,2160407151.0,891568452.0,0.0,187657840.0
2023-07-22,2160570418.0,898573782.0,0.0,186142807.0
2023-07-23,2142977484.0,899008944.0,0.0,185024733.0
2023-07-24,2173677432.0,898377853.0,0.0,185196604.0
2023-07-25,2136771501.0,886123406.0,0.0,185468177.0
2023-07-26,2138429867.0,883855120.0,0.0,165547607.0
2023-07-27,2154840111.0,904402626.0,22037.0,164260625.0
2023-07-28,2154638330.0,912950564.0,63456.0,161294166.0
2023-07-29,2160161205.0,912426333.0,95011.0,162936841.0
2023-07-30,2159377816.0,915568810.0,396143.0,153327744.0
2023-07-31,2055324789.0,884822309.0,41200924.0,150427468.0
2023-08-01,2051192004.0,870511766.0,13430390.0,147851084.0
2023-08-02,2052597935.0,860904321.0,8497228.0,146792523.0
2023-08-03,2023163888.0,855643894.0,10965190.0,146578780.0
2023-08-04,2017159925.0,851862352.0,16640247.0,147313443.0
2023-08-05,1983741321.0,861959685.0,19765270.0,142386029.0
2023-08-06,1977449282.0,862150152.0,25897905.0,144140323.0
2023-08-07,1973518260.0,860475360.0,31361170.0,143072246.0
2023-08-08,1970645641.0,860296626.0,46025548.0,143544431.0
2023-08-09,2000528424.0,865603353.0,50322859.0,145687443.0
2023-08-10,1993192593.0,854855221.0,61017275.0,145610585.0
2023-08-11,1966722499.0,843804219.0,88295356.0,142933594.0
2023-08-12,1960550666.0,832731723.0,96220098.0,142250344.0
2023-08-13,1962005556.0,835220656.0,110648053.0,142674601.0
2023-08-14,1949875110.0,826622923.0,118708442.0,141590874.0
2023-08-15,1952833267.0,822692622.0,137457532.0,141582312.0
2023-08-16,1930126389.0,809364025.0,159927443.0,139635585.0
2023-08-17,1873015205.0,793939840.0,162937927.0,136827797.0
2023-08-18,1788482649.0,754102497.0,160169274.0,130090167.0
2023-08-19,1777520286.0,730470204.0,157836179.0,127887822.0
2023-08-20,1768821857.0,731139518.0,169063397.0,126834398.0
2023-08-21,1771235676.0,728701100.0,173371360.0,127142329.0
2023-08-22,1758198207.0,729043514.0,182044814.0,126594343.0
2023-08-23,1731653106.0,725078863.0,177346110.0,125063744.0
2023-08-24,1760673137.0,732028267.0,185871504.0,123674259.0
2023-08-25,1740025804.0,722723455.0,187555270.0,121837356.0
2023-08-26,1723970322.0,719317982.0,178442338.0,121692086.0
2023-08-27,1721628254.0,717196438.0,177792476.0,121999713.0
2023-08-28,1721848825.0,716742041.0,184123934.0,122621810.0
2023-08-29,1720770072.0,705813244.0,185034372.0,118799428.0
2023-08-30,1763862406.0,713535041.0,191904511.0,121273467.0
2023-08-31,1738396634.0,706313099.0,191393820.0,120112940.0
2023-09-01,1688342362.0,669102929.0,324742635.0,117698043.0
2023-09-02,1663128313.0,661294345.0,365353103.0,118043223.0
2023-09-03,1661456889.0,660777539.0,360593950.0,118494780.0
2023-09-04,1664209484.0,659329563.0,380800739.0,119026090.0
2023-09-05,1645840242.0,659864219.0,376963343.0,117356656.0
2023-09-06,1646545992.0,657221022.0,383496313.0,117925834.0
2023-09-07,1650142483.0,656021240.0,369541267.0,118206243.0
2023-09-08,1669211613.0,653764834.0,364004595.0,121643429.0
2023-09-09,1653622766.0,644756984.0,368210823.0,122792442.0
2023-09-10,1660072320.0,646623340.0,370105042.0,122988838.0
2023-09-11,1632676323.0,644112028.0,365580703.0,119890272.0
2023-09-12,1585199579.0,625223341.0,346689498.0,116841326.0
2023-09-13,1606782926.0,631552385.0,350736749.0,117723989.0
2023-09-14,1641764039.0,635543817.0,353554855.0,118358378.0
2023-09-15,1650746712.0,638151676.0,356463756.0,119503713.0
2023-09-16,1668013953.0,643619364.0,356012016.0,121044696.0
2023-09-17,1659858132.0,637305435.0,353005039.0,120557679.0
2023-09-18,1654066062.0,634746654.0,355058754.0,118837038.0
2023-09-19,1672144505.0,641528541.0,349933163.0,119100912.0
2023-09-20,1690705060.0,647519731.0,348823224.0,120226092.0
2023-09-21,1690514206.0,645687592.0,338766260.0,119116868.0
2023-09-22,1662088350.0,635941698.0,327494194.0,118612912.0
2023-09-23,1669585100.0,645730736.0,317825926.0,118691587.0
2023-09-24,1662991807.0,635702862.0,321712533.0,118250088.0
2023-09-25,1646722970.0,631575839.0,320466162.0,117287832.0
2023-09-26,1652276603.0,632453236.0,320692397.0,116790330.0
2023-09-27,1657865891.0,634887039.0,316536402.0,117148691.0
2023-09-28,1665584632.0,637182220.0,319336919.0,116906364.0
2023-09-29,1708049890.0,643227657.0,333413362.0,119358473.0
2023-09-30,1714859138.0,646344174.0,335291085.0,119737058.0
2023-10-01,1714099303.0,648632518.0,336349135.0,119854818.0
2023-10-02,1746815580.0,661799111.0,343288053.0,121802567.0
2023-10-03,1707995846.0,646212113.0,335623716.0,118956445.0
2023-10-04,1701610861.0,633300753.0,333221446.0,119306485.0
2023-10-05,1723462667.0,636426453.0,330595064.0,118930634.0
2023-10-06,1700941102.0,623390748.0,333590313.0,118347625.0
2023-10-07,1733570407.0,629725223.0,334466298.0,119072746.0
2023-10-08,1726473751.0,626255472.0,330516323.0,119299951.0
2023-10-09,1703680364.0,623840087.0,328542252.0,119202950.0
2023-10-10,1676392479.0,609117300.0,323154656.0,117478747.0
2023-10-11,1666014938.0,603860000.0,321881309.0,117236631.0
2023-10-12,1656234497.0,589365620.0,307479610.0,117013433.0
2023-10-13,1642725389.0,576149893.0,299665170.0,115119425.0
2023-10-14,1650188426.0,577932851.0,300077418.0,116085863.0
2023-10-15,1651459554.0,575327676.0,296054304.0,116064773.0
2023-10-16,1655848358.0,578315470.0,295619447.0,115566027.0
2023-10-17,1664271202.0,593621502.0,299364625.0,116747126.0
2023-10-18,1646055835.0,587646005.0,294295205.0,114841850.0
2023-10-19,1642257794.0,585383588.0,292759211.0,114153467.0
2023-10-20,1638270343.0,582969793.0,292328098.0,114110666.0
2023-10-21,1668027975.0,591791712.0,292077285.0,114709202.0
2023-10-22,1687574673.0,600558004.0,294148169.0,115885866.0
2023-10-23,1704359279.0,607972987.0,294164614.0,116868867.0
2023-10-24,1770221012.0,628603474.0,303027404.0,119058312.0
2023-10-25,1758842155.0,625372496.0,296216217.0,116397749.0
2023-10-26,1792955998.0,634458845.0,295158522.0,116634557.0
2023-10-27,1803842539.0,633385874.0,293180080.0,114183851.0
2023-10-28,1795369277.0,630473571.0,293210490.0,113784458.0
2023-10-29,1795057838.0,632511510.0,292536827.0,113685324.0
2023-10-30,1811802394.0,640100113.0,293478118.0,114116047.0
2023-10-31,1827312286.0,642466265.0,288083409.0,112326698.0
2023-11-01,1821197187.0,639126381.0,291392026.0,113198555.0
2023-11-02,1852790177.0,651584835.0,291118861.0,112691079.0
2023-11-03,1819687311.0,633221301.0,282675864.0,109777328.0
2023-11-04,1860856763.0,648266429.0,287014945.0,111988868.0
2023-11-05,1869827207.0,658863794.0,289882777.0,113382555.0
2023-11-06,1873474302.0,662348779.0,286278581.0,113091638.0
2023-11-07,1873043284.0,656793780.0,285861275.0,113941957.0
2023-11-08,1881219268.0,651303898.0,282000666.0,113370375.0
2023-11-09,1938158690.0,677005015.0,282897068.0,113590586.0
2023-11-10,2039835104.0,706202363.0,296109874.0,116966571.0
2023-11-11,2056729538.0,723601379.0,291503661.0,114852862.0
2023-11-12,2051340268.0,725513154.0,290524627.0,113799454.0
2023-11-13,2059431749.0,740678154.0,289877552.0,113146175.0
2023-11-14,2039171500.0,719120713.0,289354520.0,111957207.0
2023-11-15,2015578444.0,729171133.0,281226076.0,110223861.0
2023-11-16,2067735858.0,760487051.0,286526269.0,111213859.0
2023-11-17,2013932134.0,725948666.0,277542020.0,108142855.0
2023-11-18,2010172925.0,738655753.0,278312088.0,108746048.0
2023-11-19,2023205517.0,737978522.0,276496424.0,105711152.0
2023-11-20,2068024302.0,779624092.0,273578227.0,107128920.0
2023-11-21,2072214380.0,768519884.0,273822814.0,132280271.0
2023-11-22,2003732818.0,744642747.0,269502619.0,139510993.0
2023-11-23,2057752736.0,758971080.0,275540382.0,146625196.0
2023-11-24,2054103560.0,760136040.0,278682728.0,148221900.0
2023-11-25,2074889065.0,777702020.0,282065787.0,148954475.0
2023-11-26,2077180410.0,771211489.0,282287609.0,148720642.0
2023-11-27,2062406785.0,770376277.0,281325721.0,148378559.0
2023-11-28,2037593505.0,759372954.0,283170866.0,147977363.0
2023-11-29,2068371999.0,764147039.0,285877996.0,148483782.0
2023-11-30,2061407362.0,759097853.0,283636554.0,147314728.0
2023-12-01,2076350917.0,755402312.0,287234797.0,147975051.0
2023-12-02,2097507560.0,767203945.0,295897813.0,149553164.0
2023-12-03,2144369828.0,780181126.0,303879299.0,152684975.0
2023-12-04,2156266070.0,780489212.0,303193625.0,153809373.0
2023-12-05,2178303074.0,792640815.0,305631871.0,153772178.0
2023-12-06,2216533806.0,827906679.0,315538403.0,155484122.0
2023-12-07,2202278327.0,804529585.0,312294568.0,155151305.0
2023-12-08,2257109592.0,824604083.0,321695708.0,158750560.0
2023-12-09,2287986146.0,823575782.0,321446685.0,159870412.0
2023-12-10,2274457321.0,828670997.0,316625487.0,159474068.0
2023-12-11,2253974007.0,832653541.0,311079825.0,158007292.0
2023-12-12,2195127090.0,833433048.0,317667924.0,154597536.0
2023-12-13,2200249471.0,835108655.0,359669748.0,152628496.0
2023-12-14,2234122976.0,856213398.0,369633918.0,156070214.0
2023-12-15,2264696240.0,849407944.0,389156237.0,157855440.0
2023-12-16,2215083934.0,820206039.0,384072623.0,151386850.0
2023-12-17,2218599023.0,826736704.0,392257764.0,152424891.0
2023-12-18,2176899748.0,802428195.0,397288535.0,151105045.0
2023-12-19,2214248945.0,813391857.0,403661696.0,153065444.0
2023-12-20,2172477453.0,794557287.0,405160473.0,151543875.0
2023-12-21,2197226711.0,827394330.0,426806042.0,154586233.0
2023-12-22,2223264216.0,852716216.0,435408071.0,155440005.0
2023-12-23,2304072472.0,893924221.0,440426705.0,158575348.0
2023-12-24,2299456041.0,876776929.0,443997193.0,158509441.0
2023-12-25,2281953860.0,887595462.0,436516339.0,157043494.0
2023-12-26,2294305044.0,886527924.0,447928021.0,157612644.0
2023-12-27,2268634624.0,878007164.0,439545951.0,156201966.0
2023-12-28,2387068338.0,918217129.0,449262526.0,161818669.0
2023-12-29,2333150439.0,891689427.0,439561109.0,159162807.0
2023-12-30,2305915575.0,910492022.0,436240815.0,158000016.0
2023-12-31,2313236127.0,898631263.0,433872574.0,158759476.0
2024-01-01,2310190287.0,899543317.0,425589126.0,159481111.0
2024-01-02,2377750717.0,931885339.0,431396464.0,164050527.0
2024-01-03,2388377033.0,908395006.0,428873044.0,163397351.0
2024-01-04,2319812779.0,861959730.0,407562347.0,156894910.0
2024-01-05,2360609550.0,871831005.0,413048896.0,161450537.0
2024-01-06,2301815968.0,865196239.0,411763800.0,161528339.0
2024-01-07,2280348714.0,863398792.0,407672203.0,162059684.0
2024-01-08,2253749313.0,827424343.0,405033884.0,161396386.0
2024-01-09,2308593821.0,857042816.0,407469987.0,167693601.0
2024-01-10,2335553931.0,879596338.0,408731150.0,126424758.0
2024-01-11,2445723955.0,920289721.0,431763723.0,130318601.0
2024-01-12,2455417867.0,926036934.0,427858050.0,130240620.0
2024-01-13,2395840909.0,906343832.0,419383919.0,130190571.0
2024-01-14,2427277610.0,906764926.0,420034454.0,130301331.0
2024-01-15,2394052344.0,887664974.0,416844255.0,128666588.0
2024-01-16,2424396157.0,883720115.0,414725452.0,129003414.0
2024-01-17,2478666800.0,891926404.0,411205444.0,130730610.0
2024-01-18,2451875850.0,882775191.0,405738440.0,129018445.0
2024-01-19,2405026477.0,845356989.0,403748948.0,128453428.0
2024-01-20,2423645265.0,846842799.0,394945261.0,128701641.0
2024-01-21,2410224965.0,843366985.0,390572917.0,128374072.0
2024-01-22,2442509121.0,837980783.0,388953759.0,129700889.0
2024-01-23,2363363918.0,804226934.0,371692639.0,126448657.0
2024-01-24,2322729972.0,785415630.0,363729706.0,124562107.0
2024-01-25,2337796779.0,792221934.0,363887231.0,124955725.0
2024-01-26,2334961676.0,784481553.0,371204540.0,124284912.0
2024-01-27,2392961527.0,805465565.0,380714644.0,125266056.0
2024-01-28,2364648539.0,793383607.0,384681266.0,126426099.0
2024-01-29,2366768231.0,785555158.0,385079014.0,126364546.0
2024-01-30,2414646335.0,801332933.0,400479705.0,127455620.0
2024-01-31,2389212113.0,778717584.0,378972649.0,128548894.0
2024-02-01,2347211904.0,757128977.0,369951149.0,125091315.0
2024-02-02,2376927833.0,778204378.0,375539772.0,123736961.0
2024-02-03,2383277373.0,778322485.0,379389865.0,124391176.0
2024-02-04,2375942661.0,765758748.0,379922702.0,124071112.0
2024-02-05,2373299314.0,765656615.0,374870691.0,124395638.0
2024-02-06,2376462294.0,765322763.0,379389699.0,127059819.0
2024-02-07,2416346138.0,778988586.0,388785924.0,128440264.0
2024-02-08,2448520689.0,789403143.0,394178414.0,129246642.0
2024-02-09,2442143618.0,781996448.0,388716061.0,129792300.0
2024-02-10,2519929427.0,808508924.0,389984843.0,131711452.0
2024-02-11,2525576934.0,803185506.0,372627277.0,131805558.0
2024-02-12,2529668562.0,814997930.0,373048323.0,132261268.0
2024-02-13,2611360272.0,840785075.0,382806013.0,136797682.0
2024-02-14,2585364260.0,839694338.0,378382131.0,136065321.0
2024-02-15,2650631402.0,869141988.0,392197471.0,141012110.0
2024-02-16,2616883877.0,855531682.0,390017050.0,141514206.0
2024-02-17,2592961317.0,846413242.0,384327680.0,140847599.0
2024-02-18,2583758265.0,851240793.0,379805926.0,140854444.0
2024-02-19,2640189666.0,872955655.0,394325047.0,144683812.0
2024-02-20,2666400664.0,913144820.0,397581775.0,147645888.0
2024-02-21,2664250200.0,917266796.0,398726475.0,148647033.0
2024-02-22,2620479166.0,894261402.0,395598796.0,149955364.0
2024-02-23,2630100251.0,890007015.0,393266810.0,151339581.0
2024-02-24,2594678973.0,899360927.0,390335240.0,151668432.0
2024-02-25,2637442592.0,919399944.0,396801120.0,155960218.0
2024-02-26,2695159217.0,932185192.0,401819075.0,163405900.0
2024-02-27,2738580125.0,943905882.0,403987548.0,166838182.0
2024-02-28,2772563172.0,938775360.0,422113794.0,169838824.0
2024-02-29,2842943755.0,973110846.0,442699191.0,172626778.0
2024-03-01,2824786794.0,960512086.0,451020368.0,175655053.0
2024-03-02,2872348360.0,983252676.0,504806090.0,178119766.0
2024-03-03,2874896710.0,991775448.0,515889242.0,175972646.0
2024-03-04,2914429032.0,1009875686.0,528344918.0,176837242.0
2024-03-05,2944044585.0,1019372574.0,540243576.0,179368681.0
2024-03-06,2866699085.0,992793292.0,542249945.0,176439868.0
2024-03-07,3007535360.0,1067507847.0,579098687.0,183783265.0
2024-03-08,3040395442.0,1075493448.0,588832025.0,183021585.0
2024-03-09,3065751935.0,1057565366.0,590190113.0,185513923.0
2024-03-10,3078121766.0,1061760340.0,605781529.0,186575319.0
2024-03-11,3078475215.0,1055674978.0,611145860.0,183991504.0
2024-03-12,3175167418.0,1080899245.0,650535365.0,187560824.0
2024-03-13,3147987164.0,1079486037.0,660272661.0,183191060.0
2024-03-14,3145688240.0,1119309284.0,674800172.0,184291691.0
2024-03-15,3067201965.0,1085571707.0,673124540.0,180923156.0
2024-03-16,2968841540.0,1038929516.0,661281596.0,175450104.0
2024-03-17,2844717694.0,987159418.0,639235561.0,169094025.0
2024-03-18,2894236980.0,999464110.0,679186999.0,173281803.0
2024-03-19,2834793736.0,972029394.0,688999046.0,169615162.0
2024-03-20,2627512570.0,931410513.0,653695113.0,158941518.0
2024-03-21,2797321893.0,994021310.0,725674097.0,170665456.0
2024-03-22,2759053107.0,995161477.0,787021534.0,169376278.0
2024-03-23,2717861381.0,976312443.0,788596583.0,164785869.0
2024-03-24,2726489595.0,988410652.0,812244309.0,166172978.0
2024-03-25,2783927161.0,1000740560.0,860203308.0,170474861.0
2024-03-26,2899466210.0,1046661052.0,922203388.0,176017829.0
2024-03-27,2892386168.0,1040442841.0,974051453.0,176094238.0
2024-03-28,2826894116.0,1042561529.0,1024092249.0,172088978.0
2024-03-29,2851534513.0,1083582198.0,1055116601.0,174269577.0
2024-03-30,2820442772.0,1061685476.0,1055259098.0,172876201.0
2024-03-31,2810941544.0,1056023302.0,1093093362.0,172397433.0
2024-04-01,2854050087.0,1071262183.0,1120371113.0,176784409.0
2024-04-02,2768993257.0,1048823884.0,1100289281.0,171780877.0
2024-04-03,2669641707.0,1016733960.0,1146120868.0,163324486.0
2024-04-04,2661037328.0,1001547282.0,1175259713.0,164048147.0
2024-04-05,2679265336.0,1012187091.0,1199528989.0,163161789.0
2024-04-06,2624456908.0,1009066899.0,1200094069.0,164116911.0
2024-04-07,2681723172.0,1028251382.0,1223871445.0,163109982.0
2024-04-08,2694217432.0,1041734509.0,1305331836.0,167101670.0
2024-04-09,2810453470.0,1094149309.0,1433400694.0,173553666.0
2024-04-10,2717390153.0,1042369038.0,1416088197.0,167982395.0
2024-04-11,2779212864.0,1033998301.0,1449022584.0,169111754.0
2024-04-12,2763014512.0,983466703.0,1483047419.0,169644553.0
2024-04-13,2544628245.0,915614318.0,1402715806.0,160507964.0
2024-04-14,2354317083.0,823540704.0,1317802620.0,151118586.0
2024-04-15,2469665103.0,873160156.0,1453209140.0,156936878.0
2024-04-16,2606733433.0,855908195.0,1423270800.0,156791721.0
2024-04-17,2431303174.0,858728351.0,1413710636.0,155285938.0
2024-04-18,2371702241.0,845644075.0,1405988301.0,153667765.0
2024-04-19,2408583674.0,848034022.0,1457862151.0,157034340.0
2024-04-20,2478553701.0,870492921.0,1490175267.0,156968669.0
2024-04-21,2539209690.0,899111180.0,1538955945.0,158725096.0
2024-04-22,2537177477.0,898313290.0,1549492782.0,158929851.0
2024-04-23,2588129846.0,921925252.0,1585882084.0,161782086.0
2024-04-24,2571742953.0,925271088.0,1584629125.0,160768735.0
2024-04-25,2523668310.0,896859159.0,1538763042.0,157558456.0
2024-04-26,2538164230.0,901384439.0,1540719795.0,157830993.0
2024-04-27,2504446278.0,883309787.0,1516711014.0,157092124.0
2024-04-28,2490698366.0,903817716.0,1501799292.0,158876373.0
2024-04-29,2537983860.0,923199156.0,1526186183.0,160753803.0
2024-04-30,2516509040.0,891360465.0,1456667603.0,157533436.0
2024-05-01,2386469378.0,863396472.0,1341961683.0,150362839.0
2024-05-02,2352971618.0,867858448.0,1338607002.0,148280671.0
2024-05-03,2389688166.0,889802984.0,1381351933.0,149210189.0
2024-05-04,2481571667.0,907581646.0,1434904607.0,154157237.0
2024-05-05,2491013120.0,909348934.0,1468601532.0,154029132.0
2024-05-06,2495730992.0,907330576.0,1473442523.0,154303413.0
2024-05-07,2474343231.0,892529809.0,1472657375.0,149204449.0
2024-05-08,2461200063.0,879232006.0,1486708871.0,144737765.0
2024-05-09,2413515487.0,848936579.0,1459042156.0,141828497.0
2024-05-10,2461085592.0,855630788.0,1471279699.0,143018401.0
2024-05-11,2397925547.0,842337520.0,1427835562.0,138935058.0
2024-05-12,2418557169.0,841862791.0,1433976993.0,138906300.0
2024-05-13,2432082170.0,838113557.0,1435340471.0,138833844.0
2024-05-14,2452044342.0,817609907.0,1415713082.0,138545614.0
2024-05-15,2408423055.0,806609703.0,1381923080.0,136698819.0
2024-05-16,2505005461.0,832588262.0,1442214540.0,139352687.0
2024-05-17,2497123764.0,814563796.0,1427548677.0,136820687.0
2024-05-18,2581427945.0,842190140.0,1481297307.0,140320442.0
2024-05-19,2634759570.0,842753395.0,1478871670.0,140593013.0
2024-05-20,2608427204.0,833953661.0,1462093696.0,138925804.0
2024-05-21,2887997046.0,920516045.0,1625414629.0,153142219.0
2024-05-22,2952215649.0,923392528.0,1651341430.0,156021747.0
2024-05-23,2971388267.0,915652401.0,1640654883.0,156063718.0
2024-05-24,2996483138.0,911639077.0,1617915887.0,155398215.0
2024-05-25,2997106674.0,903161975.0,1603898139.0,154868708.0
2024-05-26,3004920869.0,906590675.0,1628689523.0,153756813.0
2024-05-27,3044843860.0,920032975.0,1643305717.0,156512226.0
2024-05-28,3048105864.0,935233657.0,1649886649.0,156267608.0
2024-05-29,3046963951.0,901834147.0,1630836136.0,154481636.0
2024-05-30,3006076590.0,885790078.0,1609932652.0,153840339.0
2024-05-31,3013986442.0,870744860.0,1597588546.0,153213049.0
2024-06-01,3035931399.0,883610936.0,1630889248.0,152989336.0
2024-06-02,3047496133.0,875305811.0,1637454208.0,152656049.0
2024-06-03,3044371959.0,866566844.0,1622909349.0,143489305.0
2024-06-04,3026242420.0,856562199.0,1633607011.0,142787490.0
2024-06-05,3103863878.0,876870617.0,1642570548.0,143887108.0
2024-06-06,3135815011.0,884235780.0,1645714883.0,143617022.0
2024-06-07,3112836021.0,873160079.0,1620664066.0,141873513.0
2024-06-08,3056905476.0,831445761.0,1574689949.0,138965867.0
2024-06-09,3041451786.0,802700161.0,1622112040.0,138951506.0
2024-06-10,3065565833.0,823775696.0,1675126928.0,140290484.0
2024-06-11,3027569398.0,811015586.0,1648380264.0,138043736.0
2024-06-12,2908196554.0,779559039.0,1575811786.0,128353218.0
2024-06-13,2961057074.0,794033812.0,1565369579.0,128196219.0
2024-06-14,2914566006.0,763585361.0,1529286386.0,122077445.0
2024-06-15,2892778915.0,753891730.0,1517364864.0,121033527.0
2024-06-16,2947487796.0,768456671.0,1549642733.0,121302155.0
2024-06-17,2986070565.0,777241170.0,1563209780.0,124874294.0
2024-06-18,2928106671.0,751024956.0,1510805660.0,138274448.0
2024-06-19,2869783506.0,730964325.0,1483794462.0,137142923.0
2024-06-20,2925412729.0,740958492.0,1518896514.0,138531856.0
2024-06-21,2911455304.0,730333793.0,1483918904.0,134318921.0
2024-06-22,2806512983.0,719922713.0,1480687896.0,131325481.0
2024-06-23,2782116831.0,716983971.0,1493364162.0,129644526.0
2024-06-24,2739108929.0,704263614.0,1477552991.0,125127265.0
2024-06-25,2660367649.0,693844498.0,1453879511.0,121944328.0
2024-06-26,2710065336.0,703960125.0,1475408913.0,122142026.0
2024-06-27,2665584733.0,698009431.0,1469492288.0,119108234.0
2024-06-28,2684079255.0,698484895.0,1470687800.0,117644929.0
2024-06-29,2650666860.0,689527988.0,1458392423.0,114473955.0
2024-06-30,2647886598.0,685433533.0,1466163611.0,113604979.0
2024-07-01,2710345626.0,692251562.0,1482848422.0,114823295.0
2024-07-02,2784148371.0,737189223.0,1488212660.0,115634550.0
2024-07-03,2749576268.0,734581847.0,1470234101.0,113827498.0
2024-07-04,2719494917.0,683104949.0,1383819554.0,110778495.0
2024-07-05,2656974300.0,661643706.0,1295929485.0,105104605.0
2024-07-06,2556167852.0,647545365.0,1243487091.0,100761917.0
2024-07-07,2646258704.0,670090967.0,1281480364.0,103497147.0
2024-07-08,2601191725.0,648905805.0,1256435325.0,100636347.0
2024-07-09,2655371516.0,662945896.0,1269663801.0,102077321.0
2024-07-10,2685987042.0,676338426.0,1291512624.0,102593434.0
2024-07-11,2738975195.0,681919369.0,1312791994.0,102946757.0
2024-07-12,2756271619.0,694057016.0,1329650416.0,102324699.0
2024-07-13,2773864096.0,703394107.0,1333658681.0,102600313.0
2024-07-14,2844160113.0,712002775.0,1366456269.0,102373944.0
2024-07-15,2911872928.0,743848929.0,1411948950.0,104648132.0
2024-07-16,3037992521.0,781312875.0,1505194121.0,108212940.0
2024-07-17,3086739896.0,786625421.0,1520280146.0,108089760.0
2024-07-18,3084931677.0,801241686.0,1543295468.0,106592461.0
2024-07-19,3101144532.0,802197932.0,1586439972.0,105984510.0
2024-07-20,3189694081.0,825056126.0,1620212048.0,107483761.0
2024-07-21,3214126148.0,830845111.0,1636962566.0,109204015.0
2024-07-22,3251554812.0,843072561.0,1641073640.0,108296966.0
2024-07-23,3213663882.0,823026969.0,1636377723.0,105775786.0
2024-07-24,3177376795.0,808147277.0,1636529245.0,105138725.0
2024-07-25,3131649669.0,791628850.0,1600747267.0,100088052.0
2024-07-26,3073618078.0,754657530.0,1537230604.0,97060619.0
2024-07-27,3163338571.0,778629733.0,1600032360.0,99403741.0
2024-07-28,3163957634.0,783284850.0,1599189174.0,99333891.0
2024-07-29,3159173787.0,777990831.0,1588347043.0,99781425.0
2024-07-30,3182222196.0,777787049.0,1607329647.0,100558059.0
2024-07-31,3128965329.0,755530910.0,1583805709.0,99100533.0
2024-08-01,3107297412.0,740776637.0,1571111015.0,96341374.0
2024-08-02,3074929294.0,735295919.0,1547730284.0,94950714.0
2024-08-03,2949439442.0,693479259.0,1491372263.0,89658252.0
2024-08-04,2863887639.0,673950893.0,1436916486.0,86786832.0
2024-08-05,2730293651.0,637700462.0,1371000961.0,83220626.0
2024-08-06,2469326999.0,576034663.0,1212769027.0,76103509.0
2024-08-07,2531628751.0,601844892.0,1247399763.0,77162805.0
2024-08-08,2463418849.0,580101112.0,1228365360.0,74166341.0
2024-08-09,2643311199.0,620994576.0,1319788518.0,79668915.0
2024-08-10,2657257659.0,618406949.0,1343718730.0,80109658.0
2024-08-11,2631042232.0,617721696.0,1339727471.0,80499853.0
2024-08-12,2580910520.0,587346431.0,1332481036.0,78768389.0
2024-08-13,2656363966.0,606680147.0,1368068746.0,80183171.0
2024-08-14,2688250001.0,627611685.0,1377236383.0,81095819.0
2024-08-15,2641483587.0,617011586.0,1378379201.0,79726460.0
2024-08-16,2580497683.0,602742668.0,1350538296.0,77761244.0
2024-08-17,2606877669.0,613414640.0,1369156640.0,77713559.0
2024-08-18,2618941962.0,618227917.0,1370247185.0,77994888.0
2024-08-19,2640408953.0,617033377.0,1415621309.0,78209999.0
2024-08-20,2624309101.0,619306744.0,1416163848.0,77922749.0
2024-08-21,2623873548.0,628224135.0,1423592336.0,77271505.0
2024-08-22,2676916704.0,645201754.0,1453145218.0,78694757.0
2024-08-23,2685007429.0,642597792.0,1445554021.0,80401968.0
2024-08-24,2795866354.0,674792229.0,1511706449.0,84182917.0
2024-08-25,2784787027.0,679105547.0,1522079611.0,84520463.0
2024-08-26,2793846412.0,682033612.0,1520593449.0,85359610.0
2024-08-27,2743084967.0,662542795.0,1493959183.0,84075071.0
2024-08-28,2600545098.0,621176670.0,1432224432.0,79407810.0
2024-08-29,2651219815.0,623481881.0,1454574104.0,79527559.0
2024-08-30,2652463314.0,621746520.0,1454109967.0,78653989.0
2024-08-31,2644892364.0,626597198.0,1444289218.0,79071453.0
2024-09-01,2641017396.0,623094562.0,1439213981.0,79330195.0
2024-09-02,2594577993.0,606162610.0,1433113555.0,77404966.0
2024-09-03,2692159343.0,626605753.0,1469776892.0,79885275.0
2024-09-04,2617529051.0,612359694.0,1428224340.0,77829576.0
2024-09-05,2586695479.0,617199203.0,1421039285.0,78238738.0
2024-09-06,2506415192.0,596627982.0,1370020821.0,76380335.0
2024-09-07,2410249750.0,575765092.0,1310392425.0,73402549.0
2024-09-08,2449991370.0,585903126.0,1331785905.0,74489166.0
2024-09-09,2468905389.0,588882074.0,1345618194.0,75513153.0
2024-09-10,2516714351.0,610650853.0,1365444871.0,76757099.0
2024-09-11,2519060528.0,617036256.0,1372132968.0,76105112.0
2024-09-12,2478243188.0,617994308.0,1383488749.0,74652983.0
2024-09-13,2481056911.0,628608992.0,1409521416.0,72848405.0
2024-09-14,2540850400.0,652037175.0,1459331188.0,74597001.0
2024-09-15,2520934522.0,646580433.0,1455389216.0,76203528.0
2024-09-16,2467733700.0,631082423.0,1435923921.0,74968491.0
2024-09-17,2393590715.0,611417053.0,1426254660.0,72866737.0
2024-09-18,2429908030.0,627419557.0,1458525453.0,74631551.0
2024-09-19,2420551467.0,625443733.0,1478269793.0,74923320.0
2024-09-20,2467473276.0,654362519.0,1552894030.0,77656058.0
2024-09-21,2511239244.0,673635058.0,1602759600.0,78182382.0
2024-09-22,2507818577.0,682478504.0,1616167979.0,78478282.0
2024-09-23,2486494487.0,673892901.0,1622392955.0,77697275.0
2024-09-24,2537011107.0,693930369.0,1695393935.0,81269080.0
2024-09-25,2534747202.0,727062007.0,1721586321.0,87995470.0
2024-09-26,2512874424.0,712375622.0,1731850299.0,87855362.0
2024-09-27,2566023016.0,738653221.0,1798038978.0,90152995.0
2024-09-28,2529609478.0,754307836.0,1872795974.0,91045178.0
2024-09-29,2531942384.0,748465531.0,1876111046.0,88965357.0
2024-09-30,2505539587.0,755546846.0,1890664933.0,86909589.0
2024-10-01,2457878050.0,729483911.0,1847065376.0,88971487.0
2024-10-02,2368923706.0,686898812.0,1805797346.0,85119102.0
2024-10-03,2311812589.0,673308639.0,1805997816.0,83125490.0
2024-10-04,2297951581.0,662420171.0,1807684275.0,82446728.0
2024-10-05,2353049188.0,678385790.0,1898678856.0,84781259.0
2024-10-06,2343850625.0,676650393.0,1899715205.0,84887992.0
2024-10-07,2346587121.0,685399649.0,1919056351.0,85482152.0
2024-10-08,2357335858.0,700406802.0,1936550656.0,87214388.0
2024-10-09,2323491771.0,688594585.0,1936020386.0,85143765.0
2024-10-10,2249057347.0,664207137.0,1908199564.0,82618932.0
2024-10-11,2246819061.0,660756837.0,1882279917.0,82634042.0
2024-10-12,2311492915.0,699022630.0,1936839263.0,85037367.0
2024-10-13,2336648091.0,706068716.0,1966638471.0,85284330.0
2024-10-14,2311385043.0,698797388.0,1989844948.0,84570538.0
2024-10-15,2413657250.0,732960307.0,2056961446.0,87478071.0
2024-10-16,2370425266.0,733240314.0,2037746667.0,86382314.0
2024-10-17,2343972351.0,730948830.0,2035795328.0,86872009.0
2024-10-18,2344278034.0,719875996.0,2034885236.0,86274441.0
2024-10-19,2391560986.0,722962326.0,2064671336.0,87279342.0
2024-10-20,2406675236.0,724022371.0,2073851952.0,88324669.0
2024-10-21,2441122260.0,757195329.0,2099483896.0,90527807.0
2024-10-22,2389038374.0,736298099.0,2048954120.0,88756305.0
2024-10-23,2358430803.0,723659130.0,2027364741.0,89404427.0
2024-10-24,2312096682.0,705235471.0,2011831715.0,85430674.0
2024-10-25,2333902961.0,722689707.0,2031152494.0,83878159.0
2024-10-26,2288193562.0,698225431.0,2024307357.0,81998986.0
2024-10-27,2290987963.0,697349950.0,2053150814.0,81894423.0
2024-10-28,2307686429.0,712775825.0,2096103467.0,81602409.0
2024-10-29,2339634001.0,722982334.0,2108703706.0,80685796.0
2024-10-30,2404315321.0,745793604.0,2171624486.0,80760477.0
2024-10-31,2434650468.0,719998314.0,2154405508.0,82541164.0
2024-11-01,2346087439.0,702873422.0,2091215167.0,78795001.0
2024-11-02,2340276471.0,693855911.0,2104571306.0,78450243.0
2024-11-03,2326509786.0,678686715.0,2104373122.0,77902741.0
2024-11-04,2294508684.0,673394527.0,2064802556.0,76846273.0
2024-11-05,2244526688.0,656678596.0,2036278384.0,75757956.0
2024-11-06,2276684234.0,672396027.0,2092226167.0,76484408.0
2024-11-07,2471274305.0,760649432.0,2270219459.0,83779112.0
2024-11-08,2542968154.0,786097616.0,2354761796.0,86164457.0
2024-11-09,2582492137.0,793451290.0,2417531592.0,86150530.0
2024-11-10,2698976652.0,819595064.0,2488327187.0,88039950.0
2024-11-11,2724975866.0,838922440.0,2514081361.0,88988969.0
2024-11-12,2900920439.0,885846978.0,2649387406.0,91468558.0
2024-11-13,2879177606.0,852727788.0,2626763195.0,90850410.0
2024-11-14,2829982143.0,828282141.0,2581641318.0,87585895.0
2024-11-15,2770966695.0,791162092.0,2544928621.0,84123702.0
2024-11-16,2795513477.0,846185189.0,2664697152.0,83898336.0
2024-11-17,2851561778.0,853107503.0,2654550440.0,86940175.0
2024-11-18,2812692883.0,856578911.0,2621088721.0,88022728.0
2024-11-19,2876045583.0,868161006.0,2672382692.0,90626534.0
2024-11-20,2856782249.0,857819178.0,2627250265.0,88335344.0
2024-11-21,2859566769.0,846442593.0,2592280411.0,87236066.0
2024-11-22,3014596678.0,911430800.0,2737091477.0,92197789.0
2024-11-23,3028797652.0,906181066.0,2717030553.0,93620007.0
2024-11-24,3066230207.0,912890955.0,2754919457.0,95849110.0
2024-11-25,3066146506.0,905016271.0,2725226698.0,96071813.0
2024-11-26,3006958098.0,864674499.0,2752942398.0,96748471.0
2024-11-27,2935702375.0,848254471.0,2796364350.0,93749671.0
2024-11-28,3131365625.0,897305148.0,2973364696.0,102471925.0
2024-11-29,3107028141.0,880747140.0,2955948521.0,102239144.0
2024-11-30,3112505105.0,889204280.0,2977168759.0,106649113.0
2024-12-01,3162358981.0,895076064.0,3073661705.0,113517269.0
2024-12-02,3156760369.0,904208166.0,3094037935.0,114286919.0
2024-12-03,3141608512.0,889207476.0,3007356133.0,112888375.0
2024-12-04,3143887828.0,886965277.0,3062074990.0,111384551.0
2024-12-05,3301312187.0,912926093.0,3144798386.0,114850990.0
2024-12-06,3244358970.0,897068037.0,3191889181.0,112911732.0
2024-12-07,3426669974.0,937610077.0,3345368316.0,117576694.0
2024-12-08,3425835712.0,934783311.0,3384036154.0,115901083.0
2024-12-09,3443457033.0,928683242.0,3392719188.0,115344715.0
2024-12-10,3256930380.0,857761350.0,3228482937.0,104763168.0
2024-12-11,3175650872.0,845591489.0,3162173156.0,101451659.0
2024-12-12,3333345444.0,881594871.0,3350344033.0,106421367.0
2024-12-13,3381924769.0,883048854.0,3387771378.0,105773891.0
2024-12-14,3461839726.0,897016423.0,3463196005.0,105050319.0
2024-12-15,3406312611.0,879749991.0,3446290826.0,104339687.0
2024-12-16,3427637678.0,896383903.0,3514197210.0,105865597.0
2024-12-17,3482326491.0,908958661.0,3546744531.0,106611189.0
2024-12-18,3426967791.0,874003404.0,3378492673.0,103080226.0
2024-12-19,3250415764.0,831882726.0,3225985768.0,97956018.0
2024-12-20,3059569407.0,789539030.0,3065683768.0,91587911.0
2024-12-21,3027337251.0,793007052.0,3132118595.0,93749174.0
2024-12-22,2981004201.0,751597022.0,3045199264.0,90104184.0
2024-12-23,2938733308.0,756098161.0,3021299872.0,89971249.0
2024-12-24,3042263244.0,790354074.0,3185277325.0,95655984.0
2024-12-25,3099005311.0,804759096.0,3248812073.0,97174900.0
2024-12-26,3089068955.0,797251313.0,3228236095.0,98558967.0
2024-12-27,2976364485.0,775336440.0,3141699073.0,94316179.0
2024-12-28,2970089040.0,797612073.0,3185557394.0,94648664.0
2024-12-29,3023388390.0,808876238.0,3235720236.0,98146605.0
2024-12-30,2967778036.0,794779124.0,3211164645.0,95899456.0
2024-12-31,2962782480.0,792558489.0,3166778354.0,96883679.0
2025-01-01,2941745784.0,785632905.0,3214750756.0,96716707.0
2025-01-02,2999994765.0,802227776.0,3297383734.0,102395957.0
2025-01-03,3053396009.0,802998435.0,3395996614.0,105124766.0
2025-01-04,3137188940.0,840708026.0,3497721514.0,110494034.0
2025-01-05,3171397240.0,850719797.0,3573307359.0,111829704.0
2025-01-06,3176876097.0,853903508.0,3503311506.0,120472001.0
2025-01-07,3229514377.0,857270417.0,3546016354.0,172240339.0
2025-01-08,3009913232.0,798140625.0,3302009477.0,196867862.0
2025-01-09,2940892198.0,771612716.0,3254910569.0,197969903.0
2025-01-10,2867890985.0,750689595.0,3154867468.0,194650598.0
2025-01-11,2942174424.0,763340084.0,3230364477.0,209039279.0
2025-01-12,2953204409.0,769574588.0,3191874189.0,211164553.0
2025-01-13,2938342188.0,755328353.0,3126014150.0,209652066.0
2025-01-14,2863174885.0,738372084.0,3072619247.0,205930328.0
2025-01-15,2897146307.0,757529722.0,3215211863.0,215902479.0
2025-01-16,3019648874.0,797448621.0,3421679320.0,228056356.0
2025-01-17,2961944077.0,772276069.0,3353383073.0,221973249.0
2025-01-18,3089878925.0,801653062.0,3374456062.0,241015357.0
2025-01-19,2992315907.0,762080266.0,3290202142.0,231305917.0
2025-01-20,2913065997.0,726090756.0,3216299638.0,216878023.0
2025-01-21,2952752798.0,730341351.0,3265340135.0,218488002.0
2025-01-22,3048430806.0,747026053.0,3301571021.0,231184626.0
2025-01-23,3012139495.0,731455293.0,3280446914.0,235775521.0
2025-01-24,3064504056.0,740061204.0,3330566113.0,260741476.0
2025-01-25,3063306542.0,727665164.0,3359131204.0,261279566.0
2025-01-26,3049299510.0,728773160.0,3338154212.0,266665800.0
2025-01-27,3018433280.0,721814141.0,3303471099.0,265625645.0
2025-01-28,2950068616.0,697596991.0,3174678809.0,260241287.0
2025-01-29,2921799442.0,672618209.0,3116366951.0,253309204.0
2025-01-30,2951791930.0,693706520.0,3182060669.0,262619009.0
2025-01-31,3011498097.0,709013873.0,3249394826.0,269190389.0
2025-02-01,3032547938.0,706069821.0,3243525394.0,273006375.0
2025-02-02,2938702642.0,675586059.0,3070129979.0,262327041.0
2025-02-03,2723562942.0,618364733.0,2820765025.0,241226928.0
2025-02-04,2744766611.0,623914365.0,2881561428.0,244504864.0
2025-02-05,2648892933.0,598036545.0,2820913158.0,242416510.0
2025-02-06,2706299345.0,599789404.0,2832231266.0,248641933.0
2025-02-07,2703623352.0,587260932.0,2780150336.0,244306049.0
2025-02-08,2686797547.0,580706131.0,2786548844.0,242897826.0
2025-02-09,2696538737.0,588496521.0,2775173510.0,245929342.0
2025-02-10,2709366105.0,589950343.0,2787086684.0,249157225.0
2025-02-11,2733015021.0,604158252.0,2829045855.0,253049319.0
2025-02-12,2714596216.0,591949233.0,2726406703.0,250545541.0
2025-02-13,2776883879.0,617565167.0,2775073582.0,257954048.0
2025-02-14,2739584381.0,609879583.0,2864904178.0,255195779.0
2025-02-15,2762121796.0,616596053.0,2918634000.0,259323375.0
2025-02-16,2768004450.0,609602812.0,2888518727.0,257420743.0
2025-02-17,2751895270.0,601988563.0,2872730805.0,257559834.0
2025-02-18,2776141661.0,610364453.0,2851610607.0,245968964.0
2025-02-19,2735327280.0,596876741.0,2840726812.0,236643574.0
2025-02-20,2772336148.0,602895795.0,2860278568.0,242781913.0
2025-02-21,2825783638.0,620950013.0,2880686488.0,244720601.0
2025-02-22,2775019279.0,598169726.0,2870658501.0,237548545.0
2025-02-23,2836230746.0,619934302.0,2960969080.0,236626279.0
2025-02-24,2873256689.0,620939650.0,2943826298.0,237786600.0
2025-02-25,2659571909.0,570524655.0,2751172123.0,222219946.0
2025-02-26,2625765016.0,570315559.0,2705307676.0,216663481.0
2025-02-27,2509190092.0,549377107.0,2595470672.0,210166960.0
2025-02-28,2501206252.0,549707979.0,2594959533.0,208846029.0
2025-03-01,2466576333.0,542768329.0,2567638086.0,207865533.0
2025-03-02,2478600442.0,537804772.0,2593324740.0,206507982.0
2025-03-03,2665368818.0,582188332.0,2791423992.0,220759866.0
2025-03-04,2438426511.0,522930162.0,2552199741.0,189436794.0
2025-03-05,2457347603.0,532133761.0,2573475446.0,182264817.0
2025-03-06,2517917677.0,554711963.0,2635251430.0,181557056.0
2025-03-07,2480832798.0,538589062.0,2562947171.0,166063278.0
2025-03-08,2457745646.0,542996593.0,2523753131.0,163285535.0
2025-03-09,2495462265.0,529726626.0,2528274906.0,162905860.0
2025-03-10,2350397084.0,485133873.0,2373010888.0,152055805.0
2025-03-11,2266983665.0,462793488.0,2249209320.0,140447744.0
2025-03-12,2332860829.0,478408459.0,2346099466.0,142635395.0
2025-03-13,2363162650.0,479380582.0,2373317909.0,142684399.0
2025-03-14,2344809018.0,472475150.0,2352481236.0,137129071.0
2025-03-15,2382384413.0,487784550.0,2432323989.0,135127243.0
2025-03-16,2400599395.0,460557565.0,2704546345.0,135339455.0
2025-03-17,2360853172.0,454942416.0,2660739855.0,131854088.0
2025-03-18,2380675941.0,464870411.0,2707049234.0,112691376.0
2025-03-19,2413479038.0,454408638.0,2677171403.0,106257799.0
2025-03-20,2488604382.0,474340292.0,2813936076.0,101912089.0
2025-03-21,2422421309.0,454932946.0,2635770096.0,95448710.0
2025-03-22,2416389952.0,442729489.0,2704561732.0,94127083.0
2025-03-23,2392306046.0,445526242.0,2721095356.0,95045451.0
2025-03-24,2420144955.0,453455550.0,2751286811.0,93711542.0
2025-03-25,2465218848.0,461373735.0,2816466601.0,92464792.0
2025-03-26,2467402481.0,457630006.0,2805105147.0,92251860.0
2025-03-27,2430905647.0,451073661.0,2802693615.0,89407084.0
2025-03-28,2423262539.0,447672326.0,2779004781.0,87682525.0
2025-03-29,2358920051.0,432887620.0,2693641946.0,82774995.0
2025-03-30,2324627826.0,415476286.0,2617488554.0,79374240.0
2025-03-31,2303089619.0,412541358.0,2620430103.0,78766407.0
2025-04-01,2319351830.0,415184355.0,2643070681.0,76376267.0
2025-04-02,2350475777.0,418964430.0,2627520209.0,77394800.0
2025-04-03,2225359954.0,401125942.0,2651266072.0,73747339.0
2025-04-04,2174993566.0,401628579.0,2667196673.0,72802908.0
2025-04-05,2145995112.0,414740872.0,2812855742.0,71869704.0
2025-04-06,2137229431.0,404715480.0,2779274263.0,71866981.0
2025-04-07,1976234520.0,375573717.0,2560070953.0,64503688.0
2025-04-08,1961478037.0,377109959.0,2385169832.0,63904565.0
2025-04-09,1899916226.0,364612428.0,2300736543.0,61022190.0
2025-04-10,2019720714.0,390861793.0,2477099063.0,65869925.0
2025-04-11,1940763093.0,372131006.0,2333393160.0,62628410.0
2025-04-12,1984368772.0,379100675.0,2423708794.0,61217316.0
2025-04-13,2038781417.0,387043474.0,2497071178.0,62778428.0
2025-04-14,2014673792.0,380433758.0,2449944261.0,60565943.0
2025-04-15,2024247232.0,377069957.0,2433988582.0,59180218.0
2025-04-16,2009090937.0,368441340.0,2433603508.0,55041204.0
2025-04-17,2016954020.0,373662949.0,2424921540.0,55057577.0
2025-04-18,2038019779.0,372622669.0,2435370461.0,55291473.0
2025-04-19,2021266494.0,368971239.0,2448667915.0,54937549.0
2025-04-20,2042183801.0,373875011.0,2484208315.0,55714406.0
2025-04-21,2036284893.0,353791336.0,2480606303.0,55485376.0
2025-04-22,2028137037.0,353619298.0,2484787253.0,55166744.0
2025-04-23,2140349937.0,379305160.0,2425197398.0,57932179.0
2025-04-24,2164569233.0,382367837.0,2320872934.0,57486400.0
2025-04-25,2151860446.0,382330852.0,2472117227.0,57282344.0
2025-04-26,2181065540.0,391709251.0,2393485768.0,58720468.0
2025-04-27,2197732314.0,398693327.0,2425136271.0,59414196.0
2025-04-28,2165477692.0,385174911.0,2406443351.0,57725944.0
2025-04-29,2164831324.0,388842123.0,2452895805.0,57508911.0
2025-04-30,2157346708.0,385677914.0,2436901174.0,57708001.0
2025-05-01,2156125211.0,379899486.0,2451604912.0,57134770.0
2025-05-02,2180041845.0,386195363.0,2518176286.0,57393753.0
2025-05-03,2184182254.0,389211322.0,2561320479.0,57385361.0
2025-05-04,2159571483.0,384809157.0,2546719560.0,54942148.0
2025-05-05,2148640807.0,380441112.0,2511909410.0,54906651.0
2025-05-06,2142800316.0,380618356.0,2538092888.0,54610090.0
2025-05-07,2155801958.0,374153308.0,2550151691.0,54385413.0
2025-05-08,2109721115.0,376315150.0,2473991645.0,54286606.0
2025-05-09,2287703028.0,412356044.0,2799269290.0,61311344.0
2025-05-10,2341825384.0,414490626.0,2851681368.0,64406426.0
2025-05-11,2459422392.0,437509322.0,2992290061.0,68718790.0
2025-05-12,2447260093.0,432359062.0,2958885152.0,67616627.0
2025-05-13,2407854802.0,411851119.0,2935031907.0,65973643.0
2025-05-14,2494365181.0,427780739.0,3063244338.0,69220040.0
2025-05-15,2444434307.0,415280827.0,3032521531.0,66532112.0
2025-05-16,2402704082.0,406163693.0,3011972250.0,64366719.0
2025-05-17,2403325204.0,403201155.0,3006020945.0,63505840.0
2025-05-18,2370738117.0,394723490.0,2942527850.0,62125977.0
2025-05-19,2385080997.0,390591221.0,3036497356.0,62808859.0
2025-05-20,2434319536.0,394340628.0,3076192367.0,62810222.0
2025-05-21,2448059798.0,396297777.0,3110662841.0,61917198.0
2025-05-22,2476507265.0,401206554.0,3177299639.0,62357598.0
2025-05-23,2530318919.0,422267970.0,3223388735.0,63571065.0
2025-05-24,2444108044.0,398194215.0,3121627417.0,59669154.0
2025-05-25,2475197195.0,400521610.0,3134973451.0,59254809.0
2025-05-26,2463913071.0,411586946.0,3188034418.0,59470159.0
2025-05-27,2507256389.0,410051588.0,3189364446.0,58556357.0
2025-05-28,2535622095.0,425167114.0,3286454554.0,59690930.0
2025-05-29,2512127811.0,421896413.0,3262399336.0,59477286.0
2025-05-30,2462585557.0,415378681.0,3180261626.0,57909267.0
2025-05-31,2402239091.0,401377327.0,3110863096.0,54953563.0
2025-06-01,2422670186.0,407410892.0,3125042418.0,55091786.0
2025-06-02,2445690380.0,405182705.0,3169745470.0,55436378.0
2025-06-03,2453978611.0,411925433.0,3205364177.0,56759423.0
2025-06-04,2448803732.0,408281362.0,3222263896.0,57135118.0
2025-06-05,2436438408.0,398846960.0,3197670321.0,56526276.0
2025-06-06,2324101521.0,377900143.0,3096268897.0,53464643.0
2025-06-07,2380199014.0,388658801.0,3211823324.0,54216272.0
2025-06-08,2409176646.0,392770058.0,3246671322.0,54729930.0
2025-06-09,2400843329.0,391338622.0,3250350317.0,54033083.0
2025-06-10,2512518367.0,406579072.0,3403794919.0,56716705.0
2025-06-11,2555383264.0,424841648.0,3462567641.0,58133812.0
2025-06-12,2542592551.0,412588868.0,3409223228.0,56263728.0
2025-06-13,2408002684.0,392450708.0,3291468675.0,53410090.0
2025-06-14,2432357933.0,387090702.0,3306628142.0,53077958.0
2025-06-15,2421361241.0,385226700.0,3273867487.0,52471465.0
2025-06-16,2400663406.0,379816421.0,3280231358.0,52132138.0
2025-06-17,2418275938.0,384734774.0,3347636460.0,52227242.0
2025-06-18,2381127632.0,380305279.0,3284991971.0,51182095.0
2025-06-19,2403332775.0,383863099.0,3322359521.0,50883289.0
2025-06-20,2410804361.0,383033321.0,3342087698.0,50382646.0
2025-06-21,2348511998.0,372292850.0,3210420989.0,48965279.0
2025-06-22,2284217266.0,363212371.0,3171438233.0,46758169.0
2025-06-23,2257418965.0,350975172.0,3117252050.0,45602247.0
2025-06-24,2368971214.0,370610646.0,3311694243.0,48613204.0
2025-06-25,2404760570.0,374481730.0,3363997691.0,49261177.0
2025-06-26,2413193077.0,370923417.0,3325830226.0,48587442.0
2025-06-27,2422216270.0,370965155.0,3345249428.0,48911439.0
2025-06-28,2432776589.0,370604774.0,3294014344.0,47256517.0
2025-06-29,2461567499.0,372998413.0,3316828323.0,47797002.0
2025-06-30,2500339909.0,380321856.0,3376164341.0,49125934.0
2025-07-01,2485810430.0,375162387.0,3361538091.0,48111052.0
2025-07-02,2431083526.0,359469817.0,3286090121.0,46651316.0
2025-07-03,2493646598.0,374054825.0,3427719517.0,49054040.0
2025-07-04,2558212050.0,373632027.0,3474274322.0,49412375.0
2025-07-05,2515336680.0,364400676.0,3407123796.0,47729802.0
2025-07-06,2522448120.0,366442544.0,3423024480.0,47552586.0
2025-07-07,2538425962.0,369077674.0,3459713277.0,47982192.0
2025-07-08,2522512497.0,370632954.0,3419789429.0,47559148.0
2025-07-09,2553292150.0,375646670.0,3471109586.0,48180587.0
2025-07-10,2535584096.0,392921296.0,3600067600.0,49837976.0
2025-07-11,2590124059.0,419861609.0,3738061656.0,52573365.0
2025-07-12,2604545741.0,425292833.0,3777512472.0,52578678.0
2025-07-13,2580898870.0,426719586.0,3801323587.0,51994489.0
2025-07-14,2604281717.0,433131434.0,3850516980.0,52307792.0
2025-07-15,2640468274.0,431881158.0,3852606072.0,52562717.0
2025-07-16,2680279089.0,441004130.0,3879716294.0,54247896.0
2025-07-17,2751368141.0,453774415.0,4013822246.0,56338596.0
2025-07-18,2779085150.0,456422092.0,4051952164.0,54245414.0
2025-07-19,2813608494.0,458545824.0,4081765222.0,53657610.0
2025-07-20,2852321854.0,455690125.0,4113548734.0,54122825.0
2025-07-21,2927135826.0,465504475.0,4194507574.0,55190525.0
2025-07-22,2929947961.0,470288906.0,4276579820.0,55454588.0
2025-07-23,2912831418.0,469437377.0,4299994268.0,55210513.0
2025-07-24,2863821200.0,464250422.0,4154628391.0,52754353.0
2025-07-25,2900333948.0,456025208.0,4127262017.0,52353155.0
2025-07-26,2942670590.0,453433607.0,4243250552.0,53396751.0
2025-07-27,2928922785.0,464466333.0,4232396566.0,53617324.0
2025-07-28,2994479691.0,475072652.0,4318175643.0,55425118.0
2025-07-29,2956269652.0,469894670.0,4193679879.0,53650192.0
2025-07-30,2936146244.0,458555491.0,4222154247.0,53469849.0
2025-07-31,2934474439.0,459561642.0,4193858642.0,53032373.0
2025-08-01,2870013463.0,453361111.0,4108258417.0,51527208.0
2025-08-02,2778268600.0,438744073.0,3990059517.0,49728241.0
2025-08-03,2749860526.0,431758310.0,3922035415.0,48392100.0
2025-08-04,2820698391.0,434659904.0,4022599511.0,49883289.0
2025-08-05,2927042031.0,449544782.0,4136141271.0,51657525.0
2025-08-06,2885710959.0,439448217.0,4081869464.0,50191229.0
2025-08-07,2955839894.0,444797273.0,4164566538.0,51216336.0
2025-08-08,3100973584.0,469005843.0,4354459120.0,53334617.0
2025-08-09,3079191870.0,472623627.0,4453178641.0,53798811.0
2025-08-10,3189341319.0,484776613.0,4582286773.0,55785988.0
2025-08-11,3147307467.0,478687230.0,4632175977.0,55542334.0
2025-08-12,3161420065.0,472542108.0,4566379390.0,54416152.0
2025-08-13,3270549081.0,500026094.0,4743357082.0,57072305.0
2025-08-14,3387884130.0,515940482.0,4856984642.0,59456298.0
2025-08-15,3257528424.0,492241646.0,4812670188.0,56629885.0
2025-08-16,3223464493.0,478835785.0,4728344106.0,55168398.0
2025-08-17,3237550965.0,478052593.0,4768669320.0,55374336.0
2025-08-18,3223845864.0,480631630.0,4801666188.0,56259251.0
2025-08-19,3184541495.0,468827116.0,4723724539.0,54580464.0
2025-08-20,3084568382.0,450625197.0,4606672398.0,52663310.0
2025-08-21,3185466699.0,459572628.0,4682171128.0,54205737.0
2025-08-22,3162213083.0,449673224.0,4607030203.0,53057914.0
2025-08-23,3383971556.0,486336791.0,4990922641.0,57741406.0
2025-08-24,3390578782.0,494138396.0,4951101477.0,57431718.0
2025-08-25,3307834733.0,482741402.0,4904312647.0,56351496.0
2025-08-26,3186324648.0,456443262.0,4658601853.0,53144998.0
2025-08-27,3227467987.0,475760382.0,4772265618.0,54408835.0
2025-08-28,3185840480.0,475489344.0,4705257183.0,53641536.0
2025-08-29,3200473155.0,478629797.0,4783990342.0,54181055.0
2025-08-30,3120168331.0,449695745.0,4674809909.0,51570801.0
2025-08-31,3179008574.0,453319543.0,4723819425.0,51595273.0
2025-09-01,3137672084.0,449668935.0,4713481646.0,51306586.0
2025-09-02,3084614739.0,439349281.0,4675829029.0,49960409.0
2025-09-03,3165912752.0,443980322.0,4747208066.0,50170691.0
2025-09-04,3248478323.0,450611701.0,4811578981.0,51439941.0
2025-09-05,3226087832.0,439407053.0,4738841891.0,49858895.0
2025-09-06,3283553315.0,438649758.0,4759349241.0,50068918.0
2025-09-07,3261223409.0,436257701.0,4786941394.0,50036552.0
2025-09-08,3282384574.0,442210951.0,4753810209.0,50234228.0
2025-09-09,3301016614.0,440088068.0,4804966088.0,50624230.0
2025-09-10,3309798447.0,442106650.0,4791404400.0,50691573.0
2025-09-11,3358648390.0,444641713.0,4875733252.0,52069382.0
2025-09-12,3435136124.0,452235282.0,4985994470.0,52705505.0
2025-09-13,3520868233.0,464879698.0,5088189721.0,54190615.0
2025-09-14,3527096402.0,461785413.0,5057876153.0,54167511.0
2025-09-15,3520109199.0,456318193.0,5047831615.0,53192318.0
2025-09-16,3472554922.0,446615550.0,5013031767.0,52087106.0
2025-09-17,3521787492.0,445825318.0,5000549263.0,52231377.0
2025-09-18,3561797369.0,451141401.0,5092086786.0,52679267.0
2025-09-19,3552958481.0,448593849.0,5106969610.0,52727095.0
2025-09-20,3498030880.0,437886891.0,5036380657.0,51194770.0
2025-09-21,3504342467.0,427197740.0,5065515465.0,51614575.0
2025-09-22,3474650501.0,417027613.0,4965220007.0,50641687.0
2025-09-23,3356665014.0,408402796.0,4874390464.0,48476927.0
2025-09-24,3347415759.0,396461820.0,4844128160.0,48231790.0
2025-09-25,3360737209.0,403983127.0,4865698762.0,48227917.0
2025-09-26,3183977258.0,383160361.0,4669821791.0,45819399.0
2025-09-27,3287957803.0,393967660.0,4786015465.0,47132147.0
2025-09-28,3240840459.0,390745195.0,4793750989.0,47112423.0
2025-09-29,3364240625.0,399304214.0,4898855098.0,47931664.0
2025-09-30,3466883975.0,403025241.0,4953115065.0,48271063.0
2025-10-01,3446228970.0,398691521.0,4947327434.0,48197877.0
2025-10-02,3629249584.0,413457524.0,5137025733.0,50240546.0
2025-10-03,3688426112.0,425500321.0,5280308389.0,51242863.0
2025-10-04,3746023849.0,428283649.0,5347963348.0,51439397.0
2025-10-05,3736616669.0,425240029.0,5343924818.0,50997705.0
2025-10-06,4108277820.0,415018416.0,5390076915.0,50696974.0
2025-10-07,4190908638.0,425172508.0,5583830380.0,52433870.0
2025-10-08,4071497299.0,418976165.0,5402368187.0,50524915.0
2025-10-09,4129873035.0,425517627.0,5439019812.0,51539531.0
2025-10-10,4093183469.0,414634601.0,5330535599.0,50314621.0
2025-10-11,3736872767.0,359833841.0,4751231072.0,43394196.0
2025-10-12,3709670360.0,348079718.0,4683847574.0,42560095.0
2025-10-13,3901852373.0,375792421.0,5007290669.0,45066774.0
2025-10-14,3963173352.0,380736032.0,5114339260.0,45916273.0
2025-10-15,3918190458.0,374190780.0,4988111904.0,44404816.0
2025-10-16,3862602207.0,360559404.0,4926261753.0,43233997.0
2025-10-17,3809609291.0,351590403.0,4879371064.0,42460854.0
2025-10-18,3796247817.0,345496741.0,4830713263.0,42157605.0
2025-10-19,3845078798.0,348222322.0,4889335104.0,42439923.0
2025-10-20,3905143044.0,345096314.0,4967501698.0,43213392.0
2025-10-21,3908197975.0,347086577.0,5009995882.0,43247110.0
2025-10-22,3845455655.0,338061138.0,4903809667.0,42093991.0
2025-10-23,3823453812.0,343336226.0,4900136755.0,41119902.0
2025-10-24,3853830275.0,344114308.0,4963995794.0,41361129.0
2025-10-25,3894160415.0,348989697.0,5062020633.0,41841389.0
2025-10-26,3539174368.0,350280502.0,5160967347.0,41674730.0
2025-10-27,3638258354.0,362503743.0,5317910248.0,43131927.0
2025-10-28,3630000539.0,358090772.0,5302000758.0,42680966.0
2025-10-29,3552343888.0,349359469.0,5223315515.0,41627883.0
2025-10-30,3497275888.0,346442319.0,5150088163.0,41394093.0
2025-10-31,3429687137.0,338708078.0,5087490312.0,40128348.0
2025-11-01,3436033563.0,344439857.0,5179576726.0,40280550.0
2025-11-02,3459267269.0,352291770.0,5222554049.0,45044213.0
2025-11-03,3480216119.0,353546693.0,5212428248.0,47206121.0
2025-11-04,3278435397.0,322524857.0,4968386963.0,44019144.0
2025-11-05,2999026664.0,309770025.0,4575315472.0,44932369.0
2025-11-06,3061463304.0,315421938.0,4736905127.0,47941854.0
2025-11-07,2955550300.0,308355987.0,4602980400.0,46016543.0
2025-11-08,2977186414.0,321350144.0,4748209519.0,44983115.0
2025-11-09,2966207714.0,319456189.0,4708738446.0,43688540.0
2025-11-10,3075706207.0,325886606.0,4915493063.0,44827424.0
2025-11-11,3070480645.0,322337516.0,4915874575.0,44624340.0
2025-11-12,3013653489.0,320794866.0,4781364084.0,42987959.0
2025-11-13,2997578641.0,316231882.0,4741564244.0,42669701.0
2025-11-14,2899577367.0,305050867.0,4564834221.0,41011009.0
2025-11-15,2851609131.0,297054469.0,4410655318.0,41093856.0
2025-11-16,2868912251.0,300706531.0,4483149840.0,41005406.0
2025-11-17,2833770357.0,296461366.0,4380959925.0,41025892.0
2025-11-18,2770454077.0,269449790.0,4277518062.0,39182638.0
2025-11-19,2825563127.0,295610162.0,4340400967.0,39802577.0
2025-11-20,2777512915.0,290218197.0,4308060240.0,40361104.0
2025-11-21,2660189175.0,273426715.0,4063311202.0,36906308.0
