date,lido_eth_tvl
2020-12-19 23:00:00+00:00,1484680
2020-12-20 23:00:00+00:00,2697598
2020-12-21 23:00:00+00:00,3410253
2020-12-22 23:00:00+00:00,4563625
2020-12-23 23:00:00+00:00,4661610
2020-12-24 23:00:00+00:00,5347131
2020-12-25 23:00:00+00:00,7325073
2020-12-26 23:00:00+00:00,7408641
2020-12-27 23:00:00+00:00,8347237
2020-12-28 23:00:00+00:00,11344171
2020-12-29 23:00:00+00:00,11765090
2020-12-30 23:00:00+00:00,12119912
2020-12-31 23:00:00+00:00,12582167
2021-01-01 23:00:00+00:00,12543454
2021-01-02 23:00:00+00:00,12514881
2021-01-03 23:00:00+00:00,14195762
2021-01-04 23:00:00+00:00,16274684
2021-01-05 23:00:00+00:00,18325628
2021-01-06 23:00:00+00:00,20965573
2021-01-07 23:00:00+00:00,22570112
2021-01-08 23:00:00+00:00,25529569
2021-01-09 23:00:00+00:00,26299896
2021-01-10 23:00:00+00:00,33624539
2021-01-11 23:00:00+00:00,28869701
2021-01-12 23:00:00+00:00,30663261
2021-01-13 23:00:00+00:00,50094240
2021-01-14 23:00:00+00:00,73598480
2021-01-15 23:00:00+00:00,81861176
2021-01-16 23:00:00+00:00,85283818
2021-01-17 23:00:00+00:00,86160071
2021-01-18 23:00:00+00:00,87391374
2021-01-19 23:00:00+00:00,99335242
2021-01-20 23:00:00+00:00,100287613
2021-01-21 23:00:00+00:00,96701078
2021-01-22 23:00:00+00:00,92488787
2021-01-23 23:00:00+00:00,110569488
2021-01-24 23:00:00+00:00,121085410
2021-01-25 23:00:00+00:00,127510734
2021-01-26 23:00:00+00:00,127250330
2021-01-27 23:00:00+00:00,126687251
2021-01-28 23:00:00+00:00,130256710
2021-01-29 23:00:00+00:00,137228376
2021-01-30 23:00:00+00:00,135996393
2021-01-31 23:00:00+00:00,142145275
2021-02-01 23:00:00+00:00,142743932
2021-02-02 23:00:00+00:00,167649885
2021-02-03 23:00:00+00:00,192995719
2021-02-04 23:00:00+00:00,207027159
2021-02-05 23:00:00+00:00,211317161
2021-02-06 23:00:00+00:00,222659990
2021-02-07 23:00:00+00:00,223083142
2021-02-08 23:00:00+00:00,226682734
2021-02-09 23:00:00+00:00,244636373
2021-02-10 23:00:00+00:00,258690801
2021-02-11 23:00:00+00:00,257373193
2021-02-12 23:00:00+00:00,255301490
2021-02-13 23:00:00+00:00,261404596
2021-02-14 23:00:00+00:00,300220386
2021-02-15 23:00:00+00:00,289892552
2021-02-16 23:00:00+00:00,294701079
2021-02-17 23:00:00+00:00,298817631
2021-02-18 23:00:00+00:00,340560743
2021-02-19 23:00:00+00:00,347618380
2021-02-20 23:00:00+00:00,363633943
2021-02-21 23:00:00+00:00,357021502
2021-02-22 23:00:00+00:00,333163674
2021-02-23 23:00:00+00:00,267003426
2021-02-24 23:00:00+00:00,303534847
2021-02-25 23:00:00+00:00,294421081
2021-02-26 23:00:00+00:00,270362309
2021-02-27 23:00:00+00:00,269803675
2021-02-28 23:00:00+00:00,250111049
2021-03-01 23:00:00+00:00,279680304
2021-03-02 23:00:00+00:00,284790615
2021-03-03 23:00:00+00:00,294543162
2021-03-04 23:00:00+00:00,287090601
2021-03-05 23:00:00+00:00,272111645
2021-03-06 23:00:00+00:00,288340247
2021-03-07 23:00:00+00:00,308683748
2021-03-08 23:00:00+00:00,316855760
2021-03-09 23:00:00+00:00,337615557
2021-03-10 23:00:00+00:00,338318383
2021-03-11 23:00:00+00:00,329516422
2021-03-12 23:00:00+00:00,332363356
2021-03-13 23:00:00+00:00,343424416
2021-03-14 23:00:00+00:00,350346676
2021-03-15 23:00:00+00:00,332987874
2021-03-16 23:00:00+00:00,336938520
2021-03-17 23:00:00+00:00,331035665
2021-03-18 23:00:00+00:00,341187051
2021-03-19 23:00:00+00:00,341131860
2021-03-20 23:00:00+00:00,344888450
2021-03-21 23:00:00+00:00,332820032
2021-03-22 23:00:00+00:00,338748427
2021-03-23 23:00:00+00:00,318033242
2021-03-24 23:00:00+00:00,322599568
2021-03-25 23:00:00+00:00,305245268
2021-03-26 23:00:00+00:00,306173445
2021-03-27 23:00:00+00:00,316008858
2021-03-28 22:00:00+00:00,323472485
2021-03-29 22:00:00+00:00,332998581
2021-03-30 22:00:00+00:00,351751353
2021-03-31 22:00:00+00:00,342734866
2021-04-01 22:00:00+00:00,369160084
2021-04-02 22:00:00+00:00,380004694
2021-04-03 22:00:00+00:00,402368519
2021-04-04 22:00:00+00:00,392649367
2021-04-05 22:00:00+00:00,395915848
2021-04-06 22:00:00+00:00,408984803
2021-04-07 22:00:00+00:00,398661578
2021-04-08 22:00:00+00:00,390391303
2021-04-09 22:00:00+00:00,403329152
2021-04-10 22:00:00+00:00,445455209
2021-04-11 22:00:00+00:00,439859559
2021-04-12 22:00:00+00:00,478455294
2021-04-13 22:00:00+00:00,502950687
2021-04-14 22:00:00+00:00,533325146
2021-04-15 22:00:00+00:00,557203218
2021-04-16 22:00:00+00:00,544095450
2021-04-17 22:00:00+00:00,553807491
2021-04-18 22:00:00+00:00,483413578
2021-04-19 22:00:00+00:00,561252496
2021-04-20 22:00:00+00:00,537507459
2021-04-21 22:00:00+00:00,577051890
2021-04-22 22:00:00+00:00,626080774
2021-04-23 22:00:00+00:00,550929281
2021-04-24 22:00:00+00:00,570580413
2021-04-25 22:00:00+00:00,568476766
2021-04-26 22:00:00+00:00,626970349
2021-04-27 22:00:00+00:00,642914771
2021-04-28 22:00:00+00:00,667348311
2021-04-29 22:00:00+00:00,710322500
2021-04-30 22:00:00+00:00,716599873
2021-05-01 22:00:00+00:00,730556772
2021-05-02 22:00:00+00:00,748420093
2021-05-03 22:00:00+00:00,823908713
2021-05-04 22:00:00+00:00,873318082
2021-05-05 22:00:00+00:00,926944691
2021-05-06 22:00:00+00:00,953302065
2021-05-07 22:00:00+00:00,1068599369
2021-05-08 22:00:00+00:00,1166382682
2021-05-09 22:00:00+00:00,1313104389
2021-05-10 22:00:00+00:00,1387293174
2021-05-11 22:00:00+00:00,1349399574
2021-05-12 22:00:00+00:00,1447043988
2021-05-14 00:00:00+00:00,1392324939
2021-05-15 00:00:00+00:00,1264822899
2021-05-16 00:00:00+00:00,1244405438
2021-05-17 00:00:00+00:00,1153151919
2021-05-18 00:00:00+00:00,1193237928
2021-05-19 00:00:00+00:00,880044507
2021-05-20 00:00:00+00:00,975411319
2021-05-21 00:00:00+00:00,813013716
2021-05-22 00:00:00+00:00,969448266
2021-05-23 00:00:00+00:00,866137323
2021-05-24 00:00:00+00:00,1086214962
2021-05-25 00:00:00+00:00,1138596649
2021-05-26 00:00:00+00:00,1193296825
2021-05-27 00:00:00+00:00,1217940547
2021-05-28 00:00:00+00:00,1066213473
2021-05-29 00:00:00+00:00,1005369859
2021-05-30 00:00:00+00:00,1064601440
2021-05-31 00:00:00+00:00,1196393936
2021-06-01 00:00:00+00:00,1176532461
2021-06-02 00:00:00+00:00,1232608870
2021-06-03 00:00:00+00:00,1298955687
2021-06-04 00:00:00+00:00,1247754730
2021-06-05 00:00:00+00:00,1195771624
2021-06-06 00:00:00+00:00,1245377640
2021-06-07 00:00:00+00:00,1214695510
2021-06-08 00:00:00+00:00,1173278233
2021-06-09 00:00:00+00:00,1224147690
2021-06-10 00:00:00+00:00,1176446399
2021-06-11 00:00:00+00:00,1143952970
2021-06-12 00:00:00+00:00,1187686476
2021-06-13 00:00:00+00:00,1246225479
2021-06-14 00:00:00+00:00,1282552623
2021-06-15 00:00:00+00:00,1282430559
2021-06-16 00:00:00+00:00,1228502335
2021-06-17 00:00:00+00:00,1231827889
2021-06-18 00:00:00+00:00,1160594924
2021-06-19 00:00:00+00:00,1159327478
2021-06-20 00:00:00+00:00,1199839211
2021-06-21 00:00:00+00:00,1013983713
2021-06-22 00:00:00+00:00,1013470164
2021-06-23 00:00:00+00:00,1045401091
2021-06-24 00:00:00+00:00,1069168285
2021-06-25 00:00:00+00:00,980698030
2021-06-26 00:00:00+00:00,970209020
2021-06-27 00:00:00+00:00,1055199370
2021-06-28 00:00:00+00:00,1133841832
2021-06-29 00:00:00+00:00,1207370530
2021-06-30 00:00:00+00:00,1257425648
2021-07-01 00:00:00+00:00,1238470676
2021-07-02 00:00:00+00:00,1261823713
2021-07-03 00:00:00+00:00,1290185794
2021-07-04 00:00:00+00:00,1393872200
2021-07-05 00:00:00+00:00,1355364529
2021-07-06 00:00:00+00:00,1394222801
2021-07-07 00:00:00+00:00,1409626415
2021-07-08 00:00:00+00:00,1303679853
2021-07-09 00:00:00+00:00,1371431638
2021-07-10 00:00:00+00:00,1350803185
2021-07-11 00:00:00+00:00,1371405808
2021-07-12 00:00:00+00:00,1298845821
2021-07-13 00:00:00+00:00,1237640952
2021-07-14 00:00:00+00:00,1283304341
2021-07-15 00:00:00+00:00,1237214176
2021-07-16 00:00:00+00:00,1209524317
2021-07-17 00:00:00+00:00,1224546961
2021-07-18 00:00:00+00:00,1220587637
2021-07-19 00:00:00+00:00,1184400603
2021-07-20 00:00:00+00:00,1160674087
2021-07-21 00:00:00+00:00,1298777158
2021-07-22 00:00:00+00:00,1336054226
2021-07-23 00:00:00+00:00,1393439851
2021-07-24 00:00:00+00:00,1441081348
2021-07-25 00:00:00+00:00,1447208696
2021-07-26 00:00:00+00:00,1494913448
2021-07-27 00:00:00+00:00,1537810669
2021-07-28 00:00:00+00:00,1545724484
2021-07-29 00:00:00+00:00,1605372244
2021-07-30 00:00:00+00:00,1673039936
2021-07-31 00:00:00+00:00,1747967397
2021-08-01 00:00:00+00:00,1814783829
2021-08-02 00:00:00+00:00,1806183668
2021-08-03 00:00:00+00:00,1835202148
2021-08-04 00:00:00+00:00,1984865302
2021-08-05 00:00:00+00:00,2074057006
2021-08-06 00:00:00+00:00,2132562823
2021-08-07 00:00:00+00:00,2313812358
2021-08-08 00:00:00+00:00,2274983940
2021-08-09 00:00:00+00:00,2379158491
2021-08-10 00:00:00+00:00,2379138123
2021-08-11 00:00:00+00:00,2371903755
2021-08-12 00:00:00+00:00,2294031883
2021-08-13 00:00:00+00:00,2535963618
2021-08-14 00:00:00+00:00,2552694467
2021-08-15 00:00:00+00:00,2663830901
2021-08-16 00:00:00+00:00,2601535775
2021-08-17 00:00:00+00:00,2542425581
2021-08-18 00:00:00+00:00,2594848220
2021-08-19 00:00:00+00:00,2750439158
2021-08-20 00:00:00+00:00,2923831236
2021-08-21 00:00:00+00:00,3011982833
2021-08-22 00:00:00+00:00,3054875337
2021-08-23 00:00:00+00:00,3262774030
2021-08-24 00:00:00+00:00,3176262591
2021-08-25 00:00:00+00:00,3185407709
2021-08-26 00:00:00+00:00,3159218937
2021-08-27 00:00:00+00:00,3421584987
2021-08-28 00:00:00+00:00,3263038820
2021-08-29 00:00:00+00:00,3634266073
2021-08-30 00:00:00+00:00,3633847131
2021-08-31 00:00:00+00:00,3639211759
2021-09-01 00:00:00+00:00,3848026829
2021-09-02 00:00:00+00:00,4103139416
2021-09-03 00:00:00+00:00,4380658769
2021-09-04 00:00:00+00:00,4655581169
2021-09-05 00:00:00+00:00,4626139746
2021-09-06 00:00:00+00:00,4647497270
2021-09-07 00:00:00+00:00,4682095223
2021-09-08 00:00:00+00:00,4660095127
2021-09-09 00:00:00+00:00,4189808288
2021-09-10 00:00:00+00:00,4360408189
2021-09-11 00:00:00+00:00,4281033249
2021-09-12 00:00:00+00:00,4201556664
2021-09-13 00:00:00+00:00,4367974469
2021-09-14 00:00:00+00:00,4122323598
2021-09-15 00:00:00+00:00,4803777646
2021-09-16 00:00:00+00:00,4585971839
2021-09-17 00:00:00+00:00,4406897440
2021-09-18 00:00:00+00:00,4442244704
2021-09-19 00:00:00+00:00,4302099387
2021-09-20 00:00:00+00:00,3953910389
2021-09-21 00:00:00+00:00,3673105712
2021-09-22 00:00:00+00:00,3990170938
2021-09-23 00:00:00+00:00,4112010435
2021-09-24 00:00:00+00:00,3805175561
2021-09-25 00:00:00+00:00,3845940069
2021-09-26 00:00:00+00:00,3997889470
2021-09-27 00:00:00+00:00,3946623176
2021-09-28 00:00:00+00:00,3746358115
2021-09-29 00:00:00+00:00,3746104232
2021-09-30 00:00:00+00:00,3954195652
2021-10-01 00:00:00+00:00,4291790888
2021-10-02 00:00:00+00:00,4581717697
2021-10-03 00:00:00+00:00,4517948165
2021-10-04 00:00:00+00:00,4588615961
2021-10-05 00:00:00+00:00,4682675702
2021-10-06 00:00:00+00:00,4800802352
2021-10-07 00:00:00+00:00,4876425802
2021-10-08 00:00:00+00:00,4962660140
2021-10-09 00:00:00+00:00,4912388632
2021-10-10 00:00:00+00:00,4936416728
2021-10-11 00:00:00+00:00,4732295000
2021-10-12 00:00:00+00:00,4793733868
2021-10-13 00:00:00+00:00,4913878238
2021-10-14 00:00:00+00:00,5017227127
2021-10-15 00:00:00+00:00,5256943451
2021-10-16 00:00:00+00:00,5340623200
2021-10-17 00:00:00+00:00,5353103364
2021-10-18 00:00:00+00:00,5428553628
2021-10-19 00:00:00+00:00,5272872333
2021-10-20 00:00:00+00:00,5462139405
2021-10-21 00:00:00+00:00,5848613658
2021-10-22 00:00:00+00:00,5785929695
2021-10-23 00:00:00+00:00,5580060750
2021-10-24 00:00:00+00:00,5861360372
2021-10-25 00:00:00+00:00,5823416914
2021-10-26 00:00:00+00:00,6030800273
2021-10-27 00:00:00+00:00,5909976591
2021-10-28 00:00:00+00:00,5635352173
2021-10-29 00:00:00+00:00,6099017654
2021-10-30 00:00:00+00:00,6248616622
2021-10-31 00:00:00+00:00,6248641880
2021-11-01 00:00:00+00:00,6145003656
2021-11-02 00:00:00+00:00,6210841817
2021-11-03 00:00:00+00:00,6596373610
2021-11-04 00:00:00+00:00,6601420929
2021-11-05 00:00:00+00:00,6554419057
2021-11-06 00:00:00+00:00,6497081095
2021-11-07 00:00:00+00:00,6580983468
2021-11-08 00:00:00+00:00,6807856549
2021-11-09 00:00:00+00:00,6999252644
2021-11-10 00:00:00+00:00,6938199731
2021-11-11 00:00:00+00:00,6766167753
2021-11-12 00:00:00+00:00,6945315530
2021-11-13 00:00:00+00:00,6876318423
2021-11-14 00:00:00+00:00,6844811473
2021-11-15 00:00:00+00:00,6914331892
2021-11-16 00:00:00+00:00,6635864706
2021-11-17 00:00:00+00:00,6214372936
2021-11-18 00:00:00+00:00,6429595467
2021-11-19 00:00:00+00:00,6026807642
2021-11-20 00:00:00+00:00,6441216121
2021-11-21 00:00:00+00:00,6571647809
2021-11-22 00:00:00+00:00,6236515199
2021-11-23 00:00:00+00:00,6187923369
2021-11-24 00:00:00+00:00,6496046730
2021-11-25 00:00:00+00:00,6434384172
2021-11-26 00:00:00+00:00,6798352492
2021-11-27 00:00:00+00:00,6151389444
2021-11-28 00:00:00+00:00,6153544235
2021-11-29 00:00:00+00:00,6581171059
2021-11-30 00:00:00+00:00,6720776943
2021-12-01 00:00:00+00:00,7030809883
2021-12-02 00:00:00+00:00,6918102132
2021-12-03 00:00:00+00:00,6913216218
2021-12-04 00:00:00+00:00,6494742693
2021-12-05 00:00:00+00:00,6250585033
2021-12-06 00:00:00+00:00,6355922759
2021-12-07 00:00:00+00:00,6681999534
2021-12-08 00:00:00+00:00,6715340709
2021-12-09 00:00:00+00:00,6917150471
2021-12-10 00:00:00+00:00,6475200586
2021-12-11 00:00:00+00:00,6112225410
2021-12-12 00:00:00+00:00,6335131682
2021-12-13 00:00:00+00:00,6485894266
2021-12-14 00:00:00+00:00,6018003542
2021-12-15 00:00:00+00:00,6074360202
2021-12-16 00:00:00+00:00,6374649290
2021-12-17 00:00:00+00:00,6271658924
2021-12-18 00:00:00+00:00,6134459230
2021-12-19 00:00:00+00:00,6240125641
2021-12-20 00:00:00+00:00,6256602686
2021-12-21 00:00:00+00:00,6348854204
2021-12-22 00:00:00+00:00,6443160396
2021-12-23 00:00:00+00:00,6322585550
2021-12-24 00:00:00+00:00,6597777294
2021-12-25 00:00:00+00:00,6568831119
2021-12-26 00:00:00+00:00,6634045334
2021-12-27 00:00:00+00:00,6578849444
2021-12-28 00:00:00+00:00,6527787871
2021-12-29 00:00:00+00:00,6181299194
2021-12-30 00:00:00+00:00,5955058838
2021-12-31 00:00:00+00:00,6052535477
2022-01-01 00:00:00+00:00,6061955477
2022-01-02 00:00:00+00:00,6156967128
2022-01-03 00:00:00+00:00,6273106050
2022-01-04 00:00:00+00:00,6216354681
2022-01-05 00:00:00+00:00,6352057206
2022-01-06 00:00:00+00:00,5899802746
2022-01-07 00:00:00+00:00,5648677448
2022-01-08 00:00:00+00:00,5373094722
2022-01-09 00:00:00+00:00,5179831118
2022-01-10 00:00:00+00:00,5293881577
2022-01-11 00:00:00+00:00,5171545554
2022-01-12 00:00:00+00:00,5464703349
2022-01-13 00:00:00+00:00,5693282451
2022-01-14 00:00:00+00:00,5509612212
2022-01-15 00:00:00+00:00,5590096956
2022-01-16 00:00:00+00:00,5634254535
2022-01-17 00:00:00+00:00,5667510344
2022-01-18 00:00:00+00:00,5485998221
2022-01-19 00:00:00+00:00,5382797836
2022-01-20 00:00:00+00:00,5284317784
2022-01-21 00:00:00+00:00,5121313125
2022-01-22 00:00:00+00:00,4379416553
2022-01-23 00:00:00+00:00,4139636920
2022-01-24 00:00:00+00:00,4414210069
2022-01-25 00:00:00+00:00,4298988189
2022-01-26 00:00:00+00:00,4324040924
2022-01-27 00:00:00+00:00,4643431018
2022-01-28 00:00:00+00:00,4277173622
2022-01-29 00:00:00+00:00,4579049761
2022-01-30 00:00:00+00:00,4647283399
2022-01-31 00:00:00+00:00,4609959116
2022-02-01 00:00:00+00:00,4832265729
2022-02-02 00:00:00+00:00,5030217637
2022-02-03 00:00:00+00:00,4843291471
2022-02-04 00:00:00+00:00,4843844785
2022-02-05 00:00:00+00:00,5398931944
2022-02-06 00:00:00+00:00,5512608455
2022-02-07 00:00:00+00:00,5589328644
2022-02-08 00:00:00+00:00,5756371278
2022-02-09 00:00:00+00:00,5747489509
2022-02-10 00:00:00+00:00,5973983110
2022-02-11 00:00:00+00:00,5771786982
2022-02-12 00:00:00+00:00,5436411447
2022-02-13 00:00:00+00:00,5426514933
2022-02-14 00:00:00+00:00,5392404902
2022-02-15 00:00:00+00:00,5491568754
2022-02-16 00:00:00+00:00,5972866800
2022-02-17 00:00:00+00:00,5911446787
2022-02-18 00:00:00+00:00,5450046373
2022-02-19 00:00:00+00:00,5288810943
2022-02-20 00:00:00+00:00,5242934534
2022-02-21 00:00:00+00:00,5032710704
2022-02-22 00:00:00+00:00,4917021181
2022-02-23 00:00:00+00:00,5056001870
2022-02-24 00:00:00+00:00,5111905781
2022-02-25 00:00:00+00:00,5124617769
2022-02-26 00:00:00+00:00,5477363111
2022-02-27 00:00:00+00:00,5515865729
2022-02-28 00:00:00+00:00,5224654908
2022-03-01 00:00:00+00:00,5920136684
2022-03-02 00:00:00+00:00,5966623954
2022-03-03 00:00:00+00:00,6042773007
2022-03-04 00:00:00+00:00,5709021083
2022-03-05 00:00:00+00:00,5439419299
2022-03-06 00:00:00+00:00,5600876841
2022-03-07 00:00:00+00:00,5358189735
2022-03-08 00:00:00+00:00,5372385122
2022-03-09 00:00:00+00:00,5596563296
2022-03-10 00:00:00+00:00,6017631284
2022-03-11 00:00:00+00:00,5699389272
2022-03-12 00:00:00+00:00,5756644263
2022-03-13 00:00:00+00:00,5815991378
2022-03-14 00:00:00+00:00,5704604675
2022-03-15 00:00:00+00:00,5978713059
2022-03-16 00:00:00+00:00,6575495899
2022-03-17 00:00:00+00:00,7077978802
2022-03-18 00:00:00+00:00,7242409985
2022-03-19 00:00:00+00:00,7866635795
2022-03-20 00:00:00+00:00,8028397663
2022-03-21 00:00:00+00:00,7817854910
2022-03-22 00:00:00+00:00,7931421593
2022-03-23 00:00:00+00:00,8184168055
2022-03-24 00:00:00+00:00,8497916653
2022-03-25 00:00:00+00:00,8655256594
2022-03-26 00:00:00+00:00,8687283233
2022-03-27 00:00:00+00:00,8837780662
2022-03-28 00:00:00+00:00,9257910639
2022-03-29 00:00:00+00:00,9544411560
2022-03-30 00:00:00+00:00,9623717007
2022-03-31 00:00:00+00:00,9779547964
2022-04-01 00:00:00+00:00,9795394002
2022-04-02 00:00:00+00:00,10348167956
2022-04-03 00:00:00+00:00,10414828069
2022-04-04 00:00:00+00:00,10654227953
2022-04-05 00:00:00+00:00,10796533533
2022-04-06 00:00:00+00:00,10322768256
2022-04-07 00:00:00+00:00,9949961061
2022-04-08 00:00:00+00:00,10214644479
2022-04-09 00:00:00+00:00,10212984841
2022-04-10 00:00:00+00:00,10447519681
2022-04-11 00:00:00+00:00,10392641447
2022-04-12 00:00:00+00:00,9666592516
2022-04-13 00:00:00+00:00,9878793225
2022-04-14 00:00:00+00:00,10326992381
2022-04-15 00:00:00+00:00,10031102627
2022-04-16 00:00:00+00:00,10269052610
2022-04-17 00:00:00+00:00,10393316728
2022-04-18 00:00:00+00:00,10173068443
2022-04-19 00:00:00+00:00,10520780138
2022-04-20 00:00:00+00:00,10625994051
2022-04-21 00:00:00+00:00,10673920490
2022-04-22 00:00:00+00:00,10377636251
2022-04-23 00:00:00+00:00,10446330714
2022-04-24 00:00:00+00:00,10394664168
2022-04-25 00:00:00+00:00,10162183435
2022-04-26 00:00:00+00:00,10731677893
2022-04-27 00:00:00+00:00,10217111596
2022-04-28 00:00:00+00:00,10627398127
2022-04-29 00:00:00+00:00,10892593742
2022-04-30 00:00:00+00:00,10555971424
2022-05-01 00:00:00+00:00,10429755857
2022-05-02 00:00:00+00:00,10826883596
2022-05-03 00:00:00+00:00,11242991444
2022-05-04 00:00:00+00:00,11087229092
2022-05-05 00:00:00+00:00,11806079759
2022-05-06 00:00:00+00:00,11050154700
2022-05-07 00:00:00+00:00,10962254587
2022-05-08 00:00:00+00:00,10701405802
2022-05-09 00:00:00+00:00,10328908697
2022-05-10 00:00:00+00:00,9403806783
2022-05-11 00:00:00+00:00,9869325479
2022-05-12 00:00:00+00:00,8979837839
2022-05-13 00:00:00+00:00,8253462893
2022-05-14 00:00:00+00:00,8524511570
2022-05-15 00:00:00+00:00,8619700893
2022-05-16 00:00:00+00:00,8902368057
2022-05-17 00:00:00+00:00,8600481847
2022-05-18 00:00:00+00:00,8791537974
2022-05-19 00:00:00+00:00,8128044989
2022-05-20 00:00:00+00:00,8446207487
2022-05-21 00:00:00+00:00,8209681743
2022-05-22 00:00:00+00:00,8323498299
2022-05-23 00:00:00+00:00,8592418729
2022-05-24 00:00:00+00:00,8366183619
2022-05-25 00:00:00+00:00,8313516524
2022-05-26 00:00:00+00:00,8254407441
2022-05-27 00:00:00+00:00,7522479256
2022-05-28 00:00:00+00:00,7297062963
2022-05-29 00:00:00+00:00,7549423385
2022-05-30 00:00:00+00:00,7617422048
2022-05-31 00:00:00+00:00,8391690211
2022-06-01 00:00:00+00:00,8219973304
2022-06-02 00:00:00+00:00,7721200701
2022-06-03 00:00:00+00:00,7726910733
2022-06-04 00:00:00+00:00,7481093433
2022-06-05 00:00:00+00:00,7613213745
2022-06-06 00:00:00+00:00,7623950830
2022-06-07 00:00:00+00:00,7429150696
2022-06-08 00:00:00+00:00,7666111318
2022-06-09 00:00:00+00:00,7564873596
2022-06-10 00:00:00+00:00,7514319517
2022-06-11 00:00:00+00:00,7090968576
2022-06-12 00:00:00+00:00,6470754045
2022-06-13 00:00:00+00:00,5983765530
2022-06-14 00:00:00+00:00,5079457341
2022-06-15 00:00:00+00:00,5078431748
2022-06-16 00:00:00+00:00,5189396973
2022-06-17 00:00:00+00:00,4503151238
2022-06-18 00:00:00+00:00,4618150213
2022-06-19 00:00:00+00:00,4203531633
2022-06-20 00:00:00+00:00,4626533265
2022-06-21 00:00:00+00:00,4747966047
2022-06-22 00:00:00+00:00,4727146332
2022-06-23 00:00:00+00:00,4561504833
2022-06-24 00:00:00+00:00,4846220000
2022-06-25 00:00:00+00:00,5172969634
2022-06-26 00:00:00+00:00,5257068984
2022-06-27 00:00:00+00:00,5095596618
2022-06-28 00:00:00+00:00,5008892380
2022-06-29 00:00:00+00:00,4864519319
2022-06-30 00:00:00+00:00,4642023112
2022-07-01 00:00:00+00:00,4690277643
2022-07-02 00:00:00+00:00,4511389437
2022-07-03 00:00:00+00:00,4509949483
2022-07-04 00:00:00+00:00,4552169505
2022-07-05 00:00:00+00:00,4906230442
2022-07-06 00:00:00+00:00,4897201607
2022-07-07 00:00:00+00:00,5052894486
2022-07-08 00:00:00+00:00,5260061358
2022-07-09 00:00:00+00:00,5165865902
2022-07-10 00:00:00+00:00,5167578774
2022-07-11 00:00:00+00:00,4980936372
2022-07-12 00:00:00+00:00,4671514105
2022-07-13 00:00:00+00:00,4443660314
2022-07-14 00:00:00+00:00,4734544614
2022-07-15 00:00:00+00:00,5057423071
2022-07-16 00:00:00+00:00,5198758392
2022-07-17 00:00:00+00:00,5800398898
2022-07-18 00:00:00+00:00,5753443236
2022-07-19 00:00:00+00:00,6708494572
2022-07-20 00:00:00+00:00,6567650880
2022-07-21 00:00:00+00:00,6497456919
2022-07-22 00:00:00+00:00,6645748565
2022-07-23 00:00:00+00:00,6836885848
2022-07-24 00:00:00+00:00,6695880551
2022-07-25 00:00:00+00:00,6694784258
2022-07-26 00:00:00+00:00,6216767798
2022-07-27 00:00:00+00:00,6161696380
2022-07-28 00:00:00+00:00,6915553350
2022-07-29 00:00:00+00:00,7383859695
2022-07-30 00:00:00+00:00,7390675278
2022-07-31 00:00:00+00:00,7287852644
2022-08-01 00:00:00+00:00,7199082637
2022-08-02 00:00:00+00:00,7035706202
2022-08-03 00:00:00+00:00,6846938034
2022-08-04 00:00:00+00:00,7039653229
2022-08-05 00:00:00+00:00,6908542490
2022-08-06 00:00:00+00:00,7458717544
2022-08-07 00:00:00+00:00,7217877591
2022-08-08 00:00:00+00:00,7322777958
2022-08-09 00:00:00+00:00,7634132299
2022-08-10 00:00:00+00:00,7183086972
2022-08-11 00:00:00+00:00,8061746286
2022-08-12 00:00:00+00:00,8123461672
2022-08-13 00:00:00+00:00,8394396805
2022-08-14 00:00:00+00:00,8561384060
2022-08-15 00:00:00+00:00,8396821130
2022-08-16 00:00:00+00:00,8160719407
2022-08-17 00:00:00+00:00,8158193287
2022-08-18 00:00:00+00:00,7946287262
2022-08-19 00:00:00+00:00,7856514657
2022-08-20 00:00:00+00:00,7015854373
2022-08-21 00:00:00+00:00,6796982708
2022-08-22 00:00:00+00:00,6946586041
2022-08-23 00:00:00+00:00,6979463981
2022-08-24 00:00:00+00:00,7063522970
2022-08-25 00:00:00+00:00,7194254012
2022-08-26 00:00:00+00:00,7247639088
2022-08-27 00:00:00+00:00,6505944213
2022-08-28 00:00:00+00:00,6452061027
2022-08-29 00:00:00+00:00,6190625016
2022-08-30 00:00:00+00:00,6659513028
2022-08-31 00:00:00+00:00,6688298949
2022-09-01 00:00:00+00:00,6652296216
2022-09-02 00:00:00+00:00,6820863074
2022-09-03 00:00:00+00:00,6821189876
2022-09-04 00:00:00+00:00,6746659345
2022-09-05 00:00:00+00:00,6811352005
2022-09-06 00:00:00+00:00,7153406325
2022-09-07 00:00:00+00:00,6635529319
2022-09-08 00:00:00+00:00,7024234667
2022-09-09 00:00:00+00:00,7088128363
2022-09-10 00:00:00+00:00,7417402231
2022-09-11 00:00:00+00:00,7675051919
2022-09-12 00:00:00+00:00,7562725461
2022-09-13 00:00:00+00:00,7429915336
2022-09-14 00:00:00+00:00,6809530840
2022-09-15 00:00:00+00:00,7084421894
2022-09-16 00:00:00+00:00,6394625252
2022-09-17 00:00:00+00:00,6259532679
2022-09-18 00:00:00+00:00,6312012539
2022-09-19 00:00:00+00:00,5845514789
2022-09-20 00:00:00+00:00,5953705525
2022-09-21 00:00:00+00:00,5823322433
2022-09-22 00:00:00+00:00,5430948500
2022-09-23 00:00:00+00:00,5807080738
2022-09-24 00:00:00+00:00,5771149997
2022-09-25 00:00:00+00:00,5783579069
2022-09-26 00:00:00+00:00,5724110674
2022-09-27 00:00:00+00:00,5922650983
2022-09-28 00:00:00+00:00,5915319264
2022-09-29 00:00:00+00:00,5893607577
2022-09-30 00:00:00+00:00,5891058064
2022-10-01 00:00:00+00:00,5871272054
2022-10-02 00:00:00+00:00,5805704245
2022-10-03 00:00:00+00:00,5675489887
2022-10-04 00:00:00+00:00,5871482589
2022-10-05 00:00:00+00:00,6006183281
2022-10-06 00:00:00+00:00,6047610516
2022-10-07 00:00:00+00:00,6027893086
2022-10-08 00:00:00+00:00,5934422392
2022-10-09 00:00:00+00:00,5845497638
2022-10-10 00:00:00+00:00,5915679579
2022-10-11 00:00:00+00:00,5713880629
2022-10-12 00:00:00+00:00,5739905134
2022-10-13 00:00:00+00:00,5842056416
2022-10-14 00:00:00+00:00,5752247894
2022-10-15 00:00:00+00:00,5790577355
2022-10-16 00:00:00+00:00,5709656700
2022-10-17 00:00:00+00:00,5830383584
2022-10-18 00:00:00+00:00,5964553598
2022-10-19 00:00:00+00:00,5841768808
2022-10-20 00:00:00+00:00,5744785617
2022-10-21 00:00:00+00:00,5763221461
2022-10-22 00:00:00+00:00,5882536182
2022-10-23 00:00:00+00:00,5911730739
2022-10-24 00:00:00+00:00,6145081533
2022-10-25 00:00:00+00:00,6065421559
2022-10-26 00:00:00+00:00,6666847257
2022-10-27 00:00:00+00:00,7109610986
2022-10-28 00:00:00+00:00,6971842772
2022-10-29 00:00:00+00:00,7120329506
2022-10-30 00:00:00+00:00,7458109920
2022-10-31 00:00:00+00:00,7349917574
2022-11-01 00:00:00+00:00,7323220853
2022-11-02 00:00:00+00:00,7429803453
2022-11-03 00:00:00+00:00,7226800242
2022-11-04 00:00:00+00:00,7252483978
2022-11-05 00:00:00+00:00,7783924722
2022-11-06 00:00:00+00:00,7704804459
2022-11-07 00:00:00+00:00,7460769441
2022-11-08 00:00:00+00:00,7444416556
2022-11-09 00:00:00+00:00,6283300004
2022-11-10 00:00:00+00:00,5397212606
2022-11-11 00:00:00+00:00,6145920652
2022-11-12 00:00:00+00:00,6072252789
2022-11-13 00:00:00+00:00,5980480703
2022-11-14 00:00:00+00:00,5754964475
2022-11-15 00:00:00+00:00,5926996331
2022-11-16 00:00:00+00:00,5980630108
2022-11-17 00:00:00+00:00,5832310756
2022-11-18 00:00:00+00:00,5778139963
2022-11-19 00:00:00+00:00,5783584648
2022-11-20 00:00:00+00:00,5842816175
2022-11-21 00:00:00+00:00,5456803799
2022-11-22 00:00:00+00:00,5328888056
2022-11-23 00:00:00+00:00,5451067093
2022-11-24 00:00:00+00:00,5673251319
2022-11-25 00:00:00+00:00,5748597417
2022-11-26 00:00:00+00:00,5788299490
2022-11-27 00:00:00+00:00,5785589031
2022-11-28 00:00:00+00:00,5756300525
2022-11-29 00:00:00+00:00,5602335430
2022-11-30 00:00:00+00:00,6140027358
2022-12-01 00:00:00+00:00,6225722799
2022-12-02 00:00:00+00:00,6177781499
2022-12-03 00:00:00+00:00,6212080046
2022-12-04 00:00:00+00:00,6028616030
2022-12-05 00:00:00+00:00,6228166645
2022-12-06 00:00:00+00:00,6094643033
2022-12-07 00:00:00+00:00,6111075157
2022-12-08 00:00:00+00:00,5943392387
2022-12-09 00:00:00+00:00,6154698900
2022-12-10 00:00:00+00:00,6098437698
2022-12-11 00:00:00+00:00,6117749291
2022-12-12 00:00:00+00:00,6062143993
2022-12-13 00:00:00+00:00,6143026225
2022-12-14 00:00:00+00:00,6400503429
2022-12-15 00:00:00+00:00,6322574459
2022-12-16 00:00:00+00:00,6159226446
2022-12-17 00:00:00+00:00,5681387262
2022-12-18 00:00:00+00:00,5746709464
2022-12-19 00:00:00+00:00,5768933537
2022-12-20 00:00:00+00:00,5684224845
2022-12-21 00:00:00+00:00,5866020297
2022-12-22 00:00:00+00:00,5912066494
2022-12-23 00:00:00+00:00,5914835920
2022-12-24 00:00:00+00:00,5936965863
2022-12-25 00:00:00+00:00,5942959444
2022-12-26 00:00:00+00:00,5926961245
2022-12-27 00:00:00+00:00,5960296488
2022-12-28 00:00:00+00:00,5888152184
2022-12-29 00:00:00+00:00,5811172605
2022-12-30 00:00:00+00:00,5850889786
2022-12-31 00:00:00+00:00,5840727043
2023-01-01 00:00:00+00:00,5828964644
2023-01-02 00:00:00+00:00,5841189710
2023-01-03 00:00:00+00:00,5939103647
2023-01-04 00:00:00+00:00,5926454976
2023-01-05 00:00:00+00:00,6132609824
2023-01-06 00:00:00+00:00,6133240724
2023-01-07 00:00:00+00:00,6206539552
2023-01-08 00:00:00+00:00,6172751295
2023-01-09 00:00:00+00:00,6317862863
2023-01-10 00:00:00+00:00,6486651651
2023-01-11 00:00:00+00:00,6554245704
2023-01-12 00:00:00+00:00,6901670527
2023-01-13 00:00:00+00:00,6910456156
2023-01-14 00:00:00+00:00,7567873840
2023-01-15 00:00:00+00:00,7512131152
2023-01-16 00:00:00+00:00,7600631508
2023-01-17 00:00:00+00:00,7707883071
2023-01-18 00:00:00+00:00,7737048870
2023-01-19 00:00:00+00:00,7474740273
2023-01-20 00:00:00+00:00,7668797814
2023-01-21 00:00:00+00:00,8196030030
2023-01-22 00:00:00+00:00,8099691027
2023-01-23 00:00:00+00:00,8119040949
2023-01-24 00:00:00+00:00,8179803734
2023-01-25 00:00:00+00:00,7787439177
2023-01-26 00:00:00+00:00,8136103097
2023-01-27 00:00:00+00:00,8028783864
2023-01-28 00:00:00+00:00,8091100051
2023-01-29 00:00:00+00:00,8012036540
2023-01-30 00:00:00+00:00,8314711589
2023-01-31 00:00:00+00:00,7946000022
2023-02-01 00:00:00+00:00,8039291883
2023-02-02 00:00:00+00:00,8535224157
2023-02-03 00:00:00+00:00,8373698850
2023-02-04 00:00:00+00:00,8467806233
2023-02-05 00:00:00+00:00,8483219266
2023-02-06 00:00:00+00:00,8369179136
2023-02-07 00:00:00+00:00,8291196516
2023-02-08 00:00:00+00:00,8610421720
2023-02-09 00:00:00+00:00,8466450810
2023-02-10 00:00:00+00:00,7954950421
2023-02-11 00:00:00+00:00,7791264243
2023-02-12 00:00:00+00:00,7918021544
2023-02-13 00:00:00+00:00,7807991831
2023-02-14 00:00:00+00:00,7760411512
2023-02-15 00:00:00+00:00,8023488922
2023-02-16 00:00:00+00:00,8751260418
2023-02-17 00:00:00+00:00,8596728960
2023-02-18 00:00:00+00:00,8842640157
2023-02-19 00:00:00+00:00,8858545567
2023-02-20 00:00:00+00:00,8773461425
2023-02-21 00:00:00+00:00,8945698340
2023-02-22 00:00:00+00:00,8712571509
2023-02-23 00:00:00+00:00,8637134669
2023-02-24 00:00:00+00:00,8684516652
2023-02-25 00:00:00+00:00,8458180562
2023-02-26 00:00:00+00:00,8711764082
2023-02-27 00:00:00+00:00,9071533823
2023-02-28 00:00:00+00:00,9294069212
2023-03-01 00:00:00+00:00,9223785930
2023-03-02 00:00:00+00:00,9545076720
2023-03-03 00:00:00+00:00,9483236350
2023-03-04 00:00:00+00:00,9080209347
2023-03-05 00:00:00+00:00,9065150337
2023-03-06 00:00:00+00:00,9070411084
2023-03-07 00:00:00+00:00,9050953704
2023-03-08 00:00:00+00:00,9098521815
2023-03-09 00:00:00+00:00,8900073423
2023-03-10 00:00:00+00:00,8310514624
2023-03-11 00:00:00+00:00,8381550725
2023-03-12 00:00:00+00:00,8556182153
2023-03-13 00:00:00+00:00,9446366487
2023-03-14 00:00:00+00:00,9816987222
2023-03-15 00:00:00+00:00,9988454159
2023-03-16 00:00:00+00:00,9717978273
2023-03-17 00:00:00+00:00,9828332890
2023-03-18 00:00:00+00:00,10574998361
2023-03-19 00:00:00+00:00,10492851155
2023-03-20 00:00:00+00:00,10507305636
2023-03-21 00:00:00+00:00,10403644940
2023-03-22 00:00:00+00:00,10614755662
2023-03-23 00:00:00+00:00,10340521694
2023-03-24 00:00:00+00:00,10704953033
2023-03-25 00:00:00+00:00,10439549436
2023-03-26 00:00:00+00:00,10389578498
2023-03-27 00:00:00+00:00,10551195373
2023-03-28 00:00:00+00:00,10444231270
2023-03-29 00:00:00+00:00,10539402396
2023-03-30 00:00:00+00:00,10656210827
2023-03-31 00:00:00+00:00,10741299235
2023-04-01 00:00:00+00:00,10846154469
2023-04-02 00:00:00+00:00,10810973548
2023-04-03 00:00:00+00:00,10663603877
2023-04-04 00:00:00+00:00,10769634815
2023-04-05 00:00:00+00:00,11348682337
2023-04-06 00:00:00+00:00,11335273757
2023-04-07 00:00:00+00:00,11229897229
2023-04-08 00:00:00+00:00,11103060931
2023-04-09 00:00:00+00:00,11109272268
2023-04-10 00:00:00+00:00,11143920803
2023-04-11 00:00:00+00:00,11446482208
2023-04-12 00:00:00+00:00,11340831661
2023-04-13 00:00:00+00:00,11443416769
2023-04-14 00:00:00+00:00,12600650482
2023-04-15 00:00:00+00:00,12584518863
2023-04-16 00:00:00+00:00,12637554521
2023-04-17 00:00:00+00:00,12633564200
2023-04-18 00:00:00+00:00,12593289887
2023-04-19 00:00:00+00:00,12788625761
2023-04-20 00:00:00+00:00,11893493545
2023-04-21 00:00:00+00:00,11966051414
2023-04-22 00:00:00+00:00,11341700537
2023-04-23 00:00:00+00:00,11455366521
2023-04-24 00:00:00+00:00,11494099339
2023-04-25 00:00:00+00:00,11384573767
2023-04-26 00:00:00+00:00,11594950453
2023-04-27 00:00:00+00:00,11957187247
2023-04-28 00:00:00+00:00,11856146414
2023-04-29 00:00:00+00:00,11793302217
2023-04-30 00:00:00+00:00,11897124912
2023-05-01 00:00:00+00:00,11791245486
2023-05-02 00:00:00+00:00,11485621234
2023-05-03 00:00:00+00:00,11738047323
2023-05-04 00:00:00+00:00,12075844941
2023-05-05 00:00:00+00:00,11941178624
2023-05-06 00:00:00+00:00,12748236264
2023-05-07 00:00:00+00:00,12161703499
2023-05-08 00:00:00+00:00,12026816486
2023-05-09 00:00:00+00:00,11900286616
2023-05-10 00:00:00+00:00,11996348784
2023-05-11 00:00:00+00:00,11954934004
2023-05-12 00:00:00+00:00,11793834301
2023-05-13 00:00:00+00:00,12028744875
2023-05-14 00:00:00+00:00,12021378408
2023-05-15 00:00:00+00:00,11985264498
2023-05-16 00:00:00+00:00,12270864410
2023-05-17 00:00:00+00:00,12363078631
2023-05-18 00:00:00+00:00,11610343762
2023-05-19 00:00:00+00:00,11595768891
2023-05-20 00:00:00+00:00,11698012908
2023-05-21 00:00:00+00:00,11868593042
2023-05-22 00:00:00+00:00,11798205080
2023-05-23 00:00:00+00:00,11976903464
2023-05-24 00:00:00+00:00,12420434955
2023-05-25 00:00:00+00:00,12091406014
2023-05-26 00:00:00+00:00,12200667802
2023-05-27 00:00:00+00:00,12463782538
2023-05-28 00:00:00+00:00,12634657123
2023-05-29 00:00:00+00:00,13199768147
2023-05-30 00:00:00+00:00,13063680527
2023-05-31 00:00:00+00:00,13254232285
2023-06-01 00:00:00+00:00,13121635128
2023-06-02 00:00:00+00:00,13151235588
2023-06-03 00:00:00+00:00,13517618917
2023-06-04 00:00:00+00:00,13470833829
2023-06-05 00:00:00+00:00,13433505636
2023-06-06 00:00:00+00:00,12934316874
2023-06-07 00:00:00+00:00,13544636428
2023-06-08 00:00:00+00:00,13220827423
2023-06-09 00:00:00+00:00,13316097999
2023-06-10 00:00:00+00:00,13245478411
2023-06-11 00:00:00+00:00,12610464915
2023-06-12 00:00:00+00:00,12615789642
2023-06-13 00:00:00+00:00,12518601778
2023-06-14 00:00:00+00:00,12612231993
2023-06-15 00:00:00+00:00,12612231993
2023-06-16 00:00:00+00:00,12699621224
2023-06-17 00:00:00+00:00,12699621224
2023-06-18 00:00:00+00:00,12575062214
2023-06-19 00:00:00+00:00,12571372274
2023-06-20 00:00:00+00:00,12780885413
2023-06-21 00:00:00+00:00,13210114398
2023-06-22 00:00:00+00:00,14128056011
2023-06-23 00:00:00+00:00,13909310009
2023-06-24 00:00:00+00:00,14002006323
2023-06-25 00:00:00+00:00,13936047145
2023-06-26 00:00:00+00:00,14106383349
2023-06-27 00:00:00+00:00,13915160289
2023-06-28 00:00:00+00:00,14000996098
2023-06-29 00:00:00+00:00,13709414929
2023-06-30 00:00:00+00:00,13896350522
2023-07-01 00:00:00+00:00,14579625925
2023-07-02 00:00:00+00:00,14560212178
2023-07-03 00:00:00+00:00,14694392433
2023-07-04 00:00:00+00:00,14844251469
2023-07-05 00:00:00+00:00,14726616766
2023-07-06 00:00:00+00:00,14478458266
2023-07-07 00:00:00+00:00,14075115761
2023-07-08 00:00:00+00:00,14308097476
2023-07-09 00:00:00+00:00,14289354485
2023-07-10 00:00:00+00:00,14267715255
2023-07-11 00:00:00+00:00,14407017636
2023-07-12 00:00:00+00:00,14438087500
2023-07-13 00:00:00+00:00,14461194730
2023-07-14 00:00:00+00:00,15619703066
2023-07-15 00:00:00+00:00,15024591817
2023-07-16 00:00:00+00:00,15059533081
2023-07-17 00:00:00+00:00,14980509920
2023-07-18 00:00:00+00:00,14929530181
2023-07-19 00:00:00+00:00,14896094473
2023-07-20 00:00:00+00:00,14770575704
2023-07-21 00:00:00+00:00,14791015348
2023-07-22 00:00:00+00:00,14835391791
2023-07-23 00:00:00+00:00,14585929515
2023-07-24 00:00:00+00:00,14849261849
2023-07-25 00:00:00+00:00,14571846866
2023-07-26 00:00:00+00:00,14656750184
2023-07-27 00:00:00+00:00,14767455923
2023-07-28 00:00:00+00:00,14761837012
2023-07-29 00:00:00+00:00,14897392843
2023-07-30 00:00:00+00:00,14971148558
2023-07-31 00:00:00+00:00,14940895402
2023-08-01 00:00:00+00:00,14882143286
2023-08-02 00:00:00+00:00,14928173217
2023-08-03 00:00:00+00:00,14730980518
2023-08-04 00:00:00+00:00,14707725035
2023-08-05 00:00:00+00:00,14709372880
2023-08-06 00:00:00+00:00,14742381090
2023-08-07 00:00:00+00:00,14686714595
2023-08-08 00:00:00+00:00,14729398750
2023-08-09 00:00:00+00:00,14953235952
2023-08-10 00:00:00+00:00,14955167067
2023-08-11 00:00:00+00:00,14988136260
2023-08-12 00:00:00+00:00,15026716547
2023-08-13 00:00:00+00:00,15052674938
2023-08-14 00:00:00+00:00,14995678171
2023-08-15 00:00:00+00:00,15054282572
2023-08-16 00:00:00+00:00,14960350483
2023-08-17 00:00:00+00:00,14674011705
2023-08-18 00:00:00+00:00,13892150386
2023-08-19 00:00:00+00:00,13723079024
2023-08-20 00:00:00+00:00,13810142866
2023-08-21 00:00:00+00:00,13894456590
2023-08-22 00:00:00+00:00,13853810633
2023-08-23 00:00:00+00:00,13665781398
2023-08-24 00:00:00+00:00,14115933749
2023-08-25 00:00:00+00:00,13951774288
2023-08-26 00:00:00+00:00,13904980776
2023-08-27 00:00:00+00:00,13892071393
2023-08-28 00:00:00+00:00,13996170119
2023-08-29 00:00:00+00:00,14065820510
2023-08-30 00:00:00+00:00,14818178497
2023-08-31 00:00:00+00:00,14632852178
2023-09-01 00:00:00+00:00,14161203291
2023-09-02 00:00:00+00:00,14018954976
2023-09-03 00:00:00+00:00,14038986031
2023-09-04 00:00:00+00:00,14013865167
2023-09-05 00:00:00+00:00,13981701011
2023-09-06 00:00:00+00:00,14082196584
2023-09-07 00:00:00+00:00,14089082773
2023-09-08 00:00:00+00:00,14244332943
2023-09-09 00:00:00+00:00,14124166056
2023-09-10 00:00:00+00:00,14106249580
2023-09-11 00:00:00+00:00,13992737330
2023-09-12 00:00:00+00:00,13473928153
2023-09-13 00:00:00+00:00,13828797192
2023-09-14 00:00:00+00:00,13931333485
2023-09-15 00:00:00+00:00,14109138368
2023-09-16 00:00:00+00:00,14322751503
2023-09-17 00:00:00+00:00,14146399904
2023-09-18 00:00:00+00:00,14061708871
2023-09-19 00:00:00+00:00,14233812972
2023-09-20 00:00:00+00:00,14337817257
2023-09-21 00:00:00+00:00,14178108458
2023-09-22 00:00:00+00:00,13861890872
2023-09-23 00:00:00+00:00,13992785576
2023-09-24 00:00:00+00:00,13972998792
2023-09-25 00:00:00+00:00,13804525917
2023-09-26 00:00:00+00:00,13925369228
2023-09-27 00:00:00+00:00,13979772336
2023-09-28 00:00:00+00:00,14073985978
2023-09-29 00:00:00+00:00,14568050691
2023-09-30 00:00:00+00:00,14699628202
2023-10-01 00:00:00+00:00,14794067778
2023-10-02 00:00:00+00:00,15273100330
2023-10-03 00:00:00+00:00,14703082974
2023-10-04 00:00:00+00:00,14568822544
2023-10-05 00:00:00+00:00,14590550707
2023-10-06 00:00:00+00:00,14340866345
2023-10-07 00:00:00+00:00,14589176908
2023-10-08 00:00:00+00:00,14478716837
2023-10-09 00:00:00+00:00,14492860943
2023-10-10 00:00:00+00:00,14046334237
2023-10-11 00:00:00+00:00,13846647164
2023-10-12 00:00:00+00:00,13845183787
2023-10-13 00:00:00+00:00,13673722414
2023-10-14 00:00:00+00:00,13764658107
2023-10-15 00:00:00+00:00,13782971623
2023-10-16 00:00:00+00:00,13800603220
2023-10-17 00:00:00+00:00,14201710937
2023-10-18 00:00:00+00:00,13883921204
2023-10-19 00:00:00+00:00,13882647750
2023-10-20 00:00:00+00:00,13898075691
2023-10-21 00:00:00+00:00,14242316334
2023-10-22 00:00:00+00:00,14520194233
2023-10-23 00:00:00+00:00,14757657882
2023-10-24 00:00:00+00:00,15771543236
2023-10-25 00:00:00+00:00,15710634976
2023-10-26 00:00:00+00:00,15830940050
2023-10-27 00:00:00+00:00,15898409995
2023-10-28 00:00:00+00:00,15750224000
2023-10-29 00:00:00+00:00,15699911296
2023-10-30 00:00:00+00:00,15896360515
2023-10-31 00:00:00+00:00,16230886612
2023-11-01 00:00:00+00:00,16125202288
2023-11-02 00:00:00+00:00,16383782249
2023-11-03 00:00:00+00:00,16312195986
2023-11-04 00:00:00+00:00,16402337881
2023-11-05 00:00:00+00:00,16898450489
2023-11-06 00:00:00+00:00,17014429893
2023-11-07 00:00:00+00:00,16867881999
2023-11-08 00:00:00+00:00,17005190460
2023-11-09 00:00:00+00:00,17229465910
2023-11-10 00:00:00+00:00,18869125699
2023-11-11 00:00:00+00:00,18588017072
2023-11-12 00:00:00+00:00,18478188684
2023-11-13 00:00:00+00:00,18544993190
2023-11-14 00:00:00+00:00,18380164692
2023-11-15 00:00:00+00:00,18086162211
2023-11-16 00:00:00+00:00,18397367052
2023-11-17 00:00:00+00:00,17728052099
2023-11-18 00:00:00+00:00,17490737763
2023-11-19 00:00:00+00:00,17731622128
2023-11-20 00:00:00+00:00,18445755904
2023-11-21 00:00:00+00:00,18271047978
2023-11-22 00:00:00+00:00,18411297955
2023-11-23 00:00:00+00:00,18934503709
2023-11-24 00:00:00+00:00,19477030095
2023-11-25 00:00:00+00:00,19176600847
2023-11-26 00:00:00+00:00,19338093164
2023-11-27 00:00:00+00:00,18758986693
2023-11-28 00:00:00+00:00,18773684071
2023-11-29 00:00:00+00:00,19073050761
2023-11-30 00:00:00+00:00,18931657114
2023-12-01 00:00:00+00:00,19522626144
2023-12-02 00:00:00+00:00,19633534825
2023-12-03 00:00:00+00:00,20228206799
2023-12-04 00:00:00+00:00,20971879566
2023-12-05 00:00:00+00:00,20593446445
2023-12-06 00:00:00+00:00,21271900517
2023-12-07 00:00:00+00:00,20818520476
2023-12-08 00:00:00+00:00,21882569405
2023-12-09 00:00:00+00:00,21889779990
2023-12-10 00:00:00+00:00,21738139244
2023-12-11 00:00:00+00:00,20835772031
2023-12-12 00:00:00+00:00,20574248307
2023-12-13 00:00:00+00:00,20157620655
2023-12-14 00:00:00+00:00,21210624182
2023-12-15 00:00:00+00:00,21032839211
2023-12-16 00:00:00+00:00,20769115893
2023-12-17 00:00:00+00:00,20484342411
2023-12-18 00:00:00+00:00,19657033873
2023-12-19 00:00:00+00:00,20888736627
2023-12-20 00:00:00+00:00,20348017152
2023-12-21 00:00:00+00:00,20521757427
2023-12-22 00:00:00+00:00,21222146897
2023-12-23 00:00:00+00:00,21165343604
2023-12-24 00:00:00+00:00,21141196015
2023-12-25 00:00:00+00:00,20816948603
2023-12-26 00:00:00+00:00,20381916298
2023-12-27 00:00:00+00:00,20577264543
2023-12-28 00:00:00+00:00,22053161805
2023-12-29 00:00:00+00:00,21768905603
2023-12-30 00:00:00+00:00,21111175833
2023-12-31 00:00:00+00:00,21406486278
2024-01-01 00:00:00+00:00,21341075867
2024-01-02 00:00:00+00:00,22353941458
2024-01-03 00:00:00+00:00,22128787922
2024-01-04 00:00:00+00:00,20607960908
2024-01-05 00:00:00+00:00,20998170269
2024-01-06 00:00:00+00:00,20791222318
2024-01-07 00:00:00+00:00,20776041170
2024-01-08 00:00:00+00:00,20663713223
2024-01-09 00:00:00+00:00,21209242069
2024-01-10 00:00:00+00:00,22594258150
2024-01-11 00:00:00+00:00,24745150830
2024-01-12 00:00:00+00:00,24580539412
2024-01-13 00:00:00+00:00,23688274124
2024-01-14 00:00:00+00:00,23921211378
2024-01-15 00:00:00+00:00,23747675031
2024-01-16 00:00:00+00:00,23739579011
2024-01-17 00:00:00+00:00,23737680828
2024-01-18 00:00:00+00:00,23628419948
2024-01-19 00:00:00+00:00,23345145231
2024-01-20 00:00:00+00:00,23149080334
2024-01-21 00:00:00+00:00,23208038959
2024-01-22 00:00:00+00:00,22335837014
2024-01-23 00:00:00+00:00,20939964150
2024-01-24 00:00:00+00:00,21176249145
2024-01-25 00:00:00+00:00,20881321017
2024-01-26 00:00:00+00:00,21216164956
2024-01-27 00:00:00+00:00,21303202161
2024-01-28 00:00:00+00:00,21575916412
2024-01-29 00:00:00+00:00,21384511902
2024-01-30 00:00:00+00:00,21839361432
2024-01-31 00:00:00+00:00,21667401429
2024-02-01 00:00:00+00:00,21472294981
2024-02-02 00:00:00+00:00,21998762012
2024-02-03 00:00:00+00:00,22044363259
2024-02-04 00:00:00+00:00,21951601745
2024-02-05 00:00:00+00:00,22184052597
2024-02-06 00:00:00+00:00,22205624362
2024-02-07 00:00:00+00:00,22554061468
2024-02-08 00:00:00+00:00,23254987192
2024-02-09 00:00:00+00:00,23801899892
2024-02-10 00:00:00+00:00,23951610586
2024-02-11 00:00:00+00:00,24344765068
2024-02-12 00:00:00+00:00,23982462225
2024-02-13 00:00:00+00:00,25676314550
2024-02-14 00:00:00+00:00,26662004791
2024-02-15 00:00:00+00:00,27290156478
2024-02-16 00:00:00+00:00,27712447674
2024-02-17 00:00:00+00:00,27233727008
2024-02-18 00:00:00+00:00,27575468933
2024-02-19 00:00:00+00:00,28573487804
2024-02-20 00:00:00+00:00,28579156598
2024-02-21 00:00:00+00:00,28557366548
2024-02-22 00:00:00+00:00,29239442014
2024-02-23 00:00:00+00:00,29067401909
2024-02-24 00:00:00+00:00,29337166919
2024-02-25 00:00:00+00:00,29749880307
2024-02-26 00:00:00+00:00,30177326331
2024-02-27 00:00:00+00:00,32135902223
2024-02-28 00:00:00+00:00,32939980391
2024-02-29 00:00:00+00:00,34451411943
2024-03-01 00:00:00+00:00,33836172965
2024-03-02 00:00:00+00:00,33656614781
2024-03-03 00:00:00+00:00,33634889054
2024-03-04 00:00:00+00:00,34559769766
2024-03-05 00:00:00+00:00,36870254278
2024-03-06 00:00:00+00:00,38009904555
2024-03-07 00:00:00+00:00,37545220962
2024-03-08 00:00:00+00:00,38951175513
2024-03-09 00:00:00+00:00,38760259255
2024-03-10 00:00:00+00:00,39054027669
2024-03-11 00:00:00+00:00,39872378568
2024-03-12 00:00:00+00:00,39750996068
2024-03-13 00:00:00+00:00,40143486560
2024-03-14 00:00:00+00:00,39088675722
2024-03-15 00:00:00+00:00,38384392883
2024-03-16 00:00:00+00:00,37196372888
2024-03-17 00:00:00+00:00,34844540753
2024-03-18 00:00:00+00:00,35554873365
2024-03-19 00:00:00+00:00,34556943839
2024-03-20 00:00:00+00:00,31317429699
2024-03-21 00:00:00+00:00,34629134325
2024-03-22 00:00:00+00:00,34362256395
2024-03-23 00:00:00+00:00,32648805288
2024-03-24 00:00:00+00:00,32871391203
2024-03-25 00:00:00+00:00,33718069551
2024-03-26 00:00:00+00:00,35142580853
2024-03-27 00:00:00+00:00,34972799671
2024-03-28 00:00:00+00:00,34090093675
2024-03-29 00:00:00+00:00,34706250520
2024-03-30 00:00:00+00:00,34199244924
2024-03-31 00:00:00+00:00,34119918636
2024-04-01 00:00:00+00:00,35337304537
2024-04-02 00:00:00+00:00,33885614776
2024-04-03 00:00:00+00:00,31410342941
2024-04-04 00:00:00+00:00,31774552410
2024-04-05 00:00:00+00:00,31762583975
2024-04-06 00:00:00+00:00,31892721654
2024-04-07 00:00:00+00:00,32177435883
2024-04-08 00:00:00+00:00,32654130164
2024-04-09 00:00:00+00:00,35292643350
2024-04-10 00:00:00+00:00,33511373066
2024-04-11 00:00:00+00:00,33231483014
2024-04-12 00:00:00+00:00,33129053313
2024-04-13 00:00:00+00:00,30411140204
2024-04-14 00:00:00+00:00,27638433659
2024-04-15 00:00:00+00:00,28827798632
2024-04-16 00:00:00+00:00,29221288033
2024-04-17 00:00:00+00:00,29066732648
2024-04-18 00:00:00+00:00,28189570487
2024-04-19 00:00:00+00:00,28770380339
2024-04-20 00:00:00+00:00,28957664955
2024-04-21 00:00:00+00:00,29519650952
2024-04-22 00:00:00+00:00,29511110376
2024-04-23 00:00:00+00:00,30134181170
2024-04-24 00:00:00+00:00,30028309785
2024-04-25 00:00:00+00:00,29471575776
2024-04-26 00:00:00+00:00,29770957981
2024-04-27 00:00:00+00:00,29403328506
2024-04-28 00:00:00+00:00,30430440989
2024-04-29 00:00:00+00:00,30942129491
2024-04-30 00:00:00+00:00,30123508193
2024-05-01 00:00:00+00:00,28089598516
2024-05-02 00:00:00+00:00,27825628679
2024-05-03 00:00:00+00:00,28093830035
2024-05-04 00:00:00+00:00,29167713772
2024-05-05 00:00:00+00:00,29224107127
2024-05-06 00:00:00+00:00,29416117349
2024-05-07 00:00:00+00:00,28956754727
2024-05-08 00:00:00+00:00,28586657349
2024-05-09 00:00:00+00:00,27898068991
2024-05-10 00:00:00+00:00,28371974133
2024-05-11 00:00:00+00:00,27296978198
2024-05-12 00:00:00+00:00,27419974276
2024-05-13 00:00:00+00:00,27518270892
2024-05-14 00:00:00+00:00,27721463226
2024-05-15 00:00:00+00:00,27142837446
2024-05-16 00:00:00+00:00,28304477567
2024-05-17 00:00:00+00:00,27503284092
2024-05-18 00:00:00+00:00,28996742225
2024-05-19 00:00:00+00:00,29243920320
2024-05-20 00:00:00+00:00,28690646027
2024-05-21 00:00:00+00:00,34082480643
2024-05-22 00:00:00+00:00,35288645949
2024-05-23 00:00:00+00:00,35088250274
2024-05-24 00:00:00+00:00,35525799914
2024-05-25 00:00:00+00:00,34824359786
2024-05-26 00:00:00+00:00,34886367750
2024-05-27 00:00:00+00:00,35814658258
2024-05-28 00:00:00+00:00,36248123445
2024-05-29 00:00:00+00:00,36485751258
2024-05-30 00:00:00+00:00,35964055230
2024-05-31 00:00:00+00:00,35687820290
2024-06-01 00:00:00+00:00,35981676313
2024-06-02 00:00:00+00:00,36275983380
2024-06-03 00:00:00+00:00,35979855707
2024-06-04 00:00:00+00:00,35922675711
2024-06-05 00:00:00+00:00,36377093354
2024-06-06 00:00:00+00:00,36705421064
2024-06-07 00:00:00+00:00,36277676021
2024-06-08 00:00:00+00:00,35181945390
2024-06-09 00:00:00+00:00,34933639937
2024-06-10 00:00:00+00:00,35576446833
2024-06-11 00:00:00+00:00,34987471388
2024-06-12 00:00:00+00:00,33331401484
2024-06-13 00:00:00+00:00,33936378132
2024-06-14 00:00:00+00:00,33167242923
2024-06-15 00:00:00+00:00,33179470716
2024-06-16 00:00:00+00:00,34028631741
2024-06-17 00:00:00+00:00,34339202761
2024-06-18 00:00:00+00:00,33667123192
2024-06-19 00:00:00+00:00,33198101614
2024-06-20 00:00:00+00:00,33987899659
2024-06-21 00:00:00+00:00,33704215998
2024-06-22 00:00:00+00:00,33769310036
2024-06-23 00:00:00+00:00,33716203476
2024-06-24 00:00:00+00:00,33048024995
2024-06-25 00:00:00+00:00,32280214771
2024-06-26 00:00:00+00:00,33013545739
2024-06-27 00:00:00+00:00,32818645534
2024-06-28 00:00:00+00:00,33505914212
2024-06-29 00:00:00+00:00,32909413392
2024-06-30 00:00:00+00:00,32915695746
2024-07-01 00:00:00+00:00,33236794111
2024-07-02 00:00:00+00:00,33709091358
2024-07-03 00:00:00+00:00,33272082903
2024-07-04 00:00:00+00:00,32188028290
2024-07-05 00:00:00+00:00,30705779642
2024-07-06 00:00:00+00:00,29158219560
2024-07-07 00:00:00+00:00,29908305851
2024-07-08 00:00:00+00:00,28780163797
2024-07-09 00:00:00+00:00,29428590763
2024-07-10 00:00:00+00:00,29769779667
2024-07-11 00:00:00+00:00,30147739910
2024-07-12 00:00:00+00:00,30306306596
2024-07-13 00:00:00+00:00,30318144550
2024-07-14 00:00:00+00:00,30757461211
2024-07-15 00:00:00+00:00,31639530898
2024-07-16 00:00:00+00:00,33378472214
2024-07-17 00:00:00+00:00,33526759687
2024-07-18 00:00:00+00:00,33310867080
2024-07-19 00:00:00+00:00,33392492315
2024-07-20 00:00:00+00:00,34373944722
2024-07-21 00:00:00+00:00,34412457399
2024-07-22 00:00:00+00:00,34606157040
2024-07-23 00:00:00+00:00,33924737910
2024-07-24 00:00:00+00:00,34144225994
2024-07-25 00:00:00+00:00,32828445121
2024-07-26 00:00:00+00:00,31167676875
2024-07-27 00:00:00+00:00,32225357374
2024-07-28 00:00:00+00:00,32267249770
2024-07-29 00:00:00+00:00,32090124560
2024-07-30 00:00:00+00:00,33032469934
2024-07-31 00:00:00+00:00,32337589772
2024-08-01 00:00:00+00:00,31737441448
2024-08-02 00:00:00+00:00,31264376755
2024-08-03 00:00:00+00:00,29613919490
2024-08-04 00:00:00+00:00,28653554895
2024-08-05 00:00:00+00:00,26846693061
2024-08-06 00:00:00+00:00,23912371445
2024-08-07 00:00:00+00:00,24460006392
2024-08-08 00:00:00+00:00,23050358331
2024-08-09 00:00:00+00:00,25297458691
2024-08-10 00:00:00+00:00,25513438891
2024-08-11 00:00:00+00:00,25599593019
2024-08-12 00:00:00+00:00,25142351815
2024-08-13 00:00:00+00:00,26329570706
2024-08-14 00:00:00+00:00,26716361661
2024-08-15 00:00:00+00:00,26194516625
2024-08-16 00:00:00+00:00,25239281117
2024-08-17 00:00:00+00:00,25645967637
2024-08-18 00:00:00+00:00,25664410204
2024-08-19 00:00:00+00:00,26082092041
2024-08-20 00:00:00+00:00,25757164861
2024-08-21 00:00:00+00:00,25469897092
2024-08-22 00:00:00+00:00,25997527309
2024-08-23 00:00:00+00:00,25822271967
2024-08-24 00:00:00+00:00,27404634608
2024-08-25 00:00:00+00:00,27013482442
2024-08-26 00:00:00+00:00,27258186688
2024-08-27 00:00:00+00:00,26408536193
2024-08-28 00:00:00+00:00,23972260695
2024-08-29 00:00:00+00:00,24804019786
2024-08-30 00:00:00+00:00,24781443594
2024-08-31 00:00:00+00:00,24796210661
2024-09-01 00:00:00+00:00,24725545006
2024-09-02 00:00:00+00:00,23784003195
2024-09-03 00:00:00+00:00,25018179145
2024-09-04 00:00:00+00:00,24144683952
2024-09-05 00:00:00+00:00,24253647389
2024-09-06 00:00:00+00:00,23322781133
2024-09-07 00:00:00+00:00,21780685610
2024-09-08 00:00:00+00:00,22270456899
2024-09-09 00:00:00+00:00,22767513839
2024-09-10 00:00:00+00:00,23219104263
2024-09-11 00:00:00+00:00,23369450565
2024-09-12 00:00:00+00:00,22974422769
2024-09-13 00:00:00+00:00,22999740209
2024-09-14 00:00:00+00:00,23970133850
2024-09-15 00:00:00+00:00,23637919744
2024-09-16 00:00:00+00:00,22960830183
2024-09-17 00:00:00+00:00,22381764515
2024-09-18 00:00:00+00:00,22953792108
2024-09-19 00:00:00+00:00,22964429739
2024-09-20 00:00:00+00:00,24010685583
2024-09-21 00:00:00+00:00,24871381387
2024-09-22 00:00:00+00:00,25025398644
2024-09-23 00:00:00+00:00,24792867937
2024-09-24 00:00:00+00:00,25917397836
2024-09-25 00:00:00+00:00,26045367579
2024-09-26 00:00:00+00:00,25258239362
2024-09-27 00:00:00+00:00,26013879974
2024-09-28 00:00:00+00:00,26477465460
2024-09-29 00:00:00+00:00,26211845383
2024-09-30 00:00:00+00:00,26108254734
2024-10-01 00:00:00+00:00,25634051973
2024-10-02 00:00:00+00:00,24270873562
2024-10-03 00:00:00+00:00,23262335979
2024-10-04 00:00:00+00:00,23046489004
2024-10-05 00:00:00+00:00,23792072813
2024-10-06 00:00:00+00:00,23702996817
2024-10-07 00:00:00+00:00,23884412475
2024-10-08 00:00:00+00:00,23943695024
2024-10-09 00:00:00+00:00,23878124615
2024-10-10 00:00:00+00:00,23118238927
2024-10-11 00:00:00+00:00,23159927310
2024-10-12 00:00:00+00:00,23851920273
2024-10-13 00:00:00+00:00,24162287432
2024-10-14 00:00:00+00:00,24078961303
2024-10-15 00:00:00+00:00,25612101786
2024-10-16 00:00:00+00:00,25325453883
2024-10-17 00:00:00+00:00,25616922426
2024-10-18 00:00:00+00:00,25446791490
2024-10-19 00:00:00+00:00,25817246516
2024-10-20 00:00:00+00:00,25823480758
2024-10-21 00:00:00+00:00,26707226368
2024-10-22 00:00:00+00:00,26083073160
2024-10-23 00:00:00+00:00,25729024049
2024-10-24 00:00:00+00:00,24454953841
2024-10-25 00:00:00+00:00,24828452394
2024-10-26 00:00:00+00:00,24252518082
2024-10-27 00:00:00+00:00,24241413021
2024-10-28 00:00:00+00:00,24516429277
2024-10-29 00:00:00+00:00,25058836133
2024-10-30 00:00:00+00:00,25681914507
2024-10-31 00:00:00+00:00,26051439297
2024-11-01 00:00:00+00:00,24590382744
2024-11-02 00:00:00+00:00,24566593062
2024-11-03 00:00:00+00:00,24291767182
2024-11-04 00:00:00+00:00,24026416939
2024-11-05 00:00:00+00:00,23350761551
2024-11-06 00:00:00+00:00,23694590849
2024-11-07 00:00:00+00:00,26679296450
2024-11-08 00:00:00+00:00,28227782329
2024-11-09 00:00:00+00:00,29031344504
2024-11-10 00:00:00+00:00,30632276360
2024-11-11 00:00:00+00:00,31293299931
2024-11-12 00:00:00+00:00,32760777857
2024-11-13 00:00:00+00:00,32155796979
2024-11-14 00:00:00+00:00,31322360985
2024-11-15 00:00:00+00:00,30055713691
2024-11-16 00:00:00+00:00,30362286258
2024-11-17 00:00:00+00:00,30807928879
2024-11-18 00:00:00+00:00,30102022624
2024-11-19 00:00:00+00:00,31011909037
2024-11-20 00:00:00+00:00,30495758235
2024-11-21 00:00:00+00:00,30095278866
2024-11-22 00:00:00+00:00,33023510644
2024-11-23 00:00:00+00:00,32616181376
2024-11-24 00:00:00+00:00,33382645521
2024-11-25 00:00:00+00:00,32870024400
2024-11-26 00:00:00+00:00,33280427632
2024-11-27 00:00:00+00:00,32606044727
2024-11-28 00:00:00+00:00,35988036855
2024-11-29 00:00:00+00:00,35250757469
2024-11-30 00:00:00+00:00,35324816608
2024-12-01 00:00:00+00:00,36636153194
2024-12-02 00:00:00+00:00,36673033115
2024-12-03 00:00:00+00:00,35704183423
2024-12-04 00:00:00+00:00,35705324187
2024-12-05 00:00:00+00:00,37858539658
2024-12-06 00:00:00+00:00,37571519068
2024-12-07 00:00:00+00:00,39277136683
2024-12-08 00:00:00+00:00,39369952948
2024-12-09 00:00:00+00:00,39465760656
2024-12-10 00:00:00+00:00,36535226909
2024-12-11 00:00:00+00:00,35903707468
2024-12-12 00:00:00+00:00,37874515168
2024-12-13 00:00:00+00:00,38092637609
2024-12-14 00:00:00+00:00,38365011417
2024-12-15 00:00:00+00:00,37918227543
2024-12-16 00:00:00+00:00,38167906949
2024-12-17 00:00:00+00:00,39128067642
2024-12-18 00:00:00+00:00,37907811551
2024-12-19 00:00:00+00:00,35832228251
2024-12-20 00:00:00+00:00,33522536181
2024-12-21 00:00:00+00:00,33917270525
2024-12-22 00:00:00+00:00,32409760511
2024-12-23 00:00:00+00:00,31915321653
2024-12-24 00:00:00+00:00,33352392937
2024-12-25 00:00:00+00:00,33957797243
2024-12-26 00:00:00+00:00,33759169135
2024-12-27 00:00:00+00:00,32116137242
2024-12-28 00:00:00+00:00,32090564053
2024-12-29 00:00:00+00:00,32886123303
2024-12-30 00:00:00+00:00,32433698012
2024-12-31 00:00:00+00:00,32504105165
2025-01-01 00:00:00+00:00,32189937513
2025-01-02 00:00:00+00:00,32432990568
2025-01-03 00:00:00+00:00,33264526852
2025-01-04 00:00:00+00:00,34844808984
2025-01-05 00:00:00+00:00,35293255892
2025-01-06 00:00:00+00:00,35178496023
2025-01-07 00:00:00+00:00,35535240542
2025-01-08 00:00:00+00:00,32620508488
2025-01-09 00:00:00+00:00,32063334666
2025-01-10 00:00:00+00:00,30962408760
2025-01-11 00:00:00+00:00,31452514298
2025-01-12 00:00:00+00:00,31633257245
2025-01-13 00:00:00+00:00,31150030867
2025-01-14 00:00:00+00:00,30105809473
2025-01-15 00:00:00+00:00,31064755017
2025-01-16 00:00:00+00:00,33019939714
2025-01-17 00:00:00+00:00,31777333765
2025-01-18 00:00:00+00:00,33463344246
2025-01-19 00:00:00+00:00,31524950201
2025-01-20 00:00:00+00:00,30833862969
2025-01-21 00:00:00+00:00,31488857615
2025-01-22 00:00:00+00:00,31864518428
2025-01-23 00:00:00+00:00,31040359004
2025-01-24 00:00:00+00:00,31942283399
2025-01-25 00:00:00+00:00,31614810723
2025-01-26 00:00:00+00:00,31899299843
2025-01-27 00:00:00+00:00,31210889842
2025-01-28 00:00:00+00:00,30229116137
2025-01-29 00:00:00+00:00,29328798810
2025-01-30 00:00:00+00:00,29808894942
2025-01-31 00:00:00+00:00,30848825540
2025-02-01 00:00:00+00:00,31336894454
2025-02-02 00:00:00+00:00,29610765607
2025-02-03 00:00:00+00:00,26666780705
2025-02-04 00:00:00+00:00,27121288547
2025-02-05 00:00:00+00:00,25910714194
2025-02-06 00:00:00+00:00,26404521043
2025-02-07 00:00:00+00:00,25412465066
2025-02-08 00:00:00+00:00,25063412375
2025-02-09 00:00:00+00:00,24912340027
2025-02-10 00:00:00+00:00,24965904554
2025-02-11 00:00:00+00:00,25033309511
2025-02-12 00:00:00+00:00,24488670855
2025-02-13 00:00:00+00:00,25678527600
2025-02-14 00:00:00+00:00,25189933502
2025-02-15 00:00:00+00:00,25558922089
2025-02-16 00:00:00+00:00,25313910213
2025-02-17 00:00:00+00:00,25037846514
2025-02-18 00:00:00+00:00,25620083507
2025-02-19 00:00:00+00:00,25142645476
2025-02-20 00:00:00+00:00,25560874478
2025-02-21 00:00:00+00:00,25837809919
2025-02-22 00:00:00+00:00,25074390575
2025-02-23 00:00:00+00:00,26033659586
2025-02-24 00:00:00+00:00,26651598001
2025-02-25 00:00:00+00:00,23562929580
2025-02-26 00:00:00+00:00,23382820747
2025-02-27 00:00:00+00:00,21888228864
2025-02-28 00:00:00+00:00,21629021029
2025-03-01 00:00:00+00:00,20916049392
2025-03-02 00:00:00+00:00,20889697133
2025-03-03 00:00:00+00:00,23613362593
2025-03-04 00:00:00+00:00,20281414378
2025-03-05 00:00:00+00:00,20297545555
2025-03-06 00:00:00+00:00,21243447967
2025-03-07 00:00:00+00:00,20036077134
2025-03-08 00:00:00+00:00,19963240780
2025-03-09 00:00:00+00:00,20581685190
2025-03-10 00:00:00+00:00,18987058951
2025-03-11 00:00:00+00:00,17543666377
2025-03-12 00:00:00+00:00,17949055899
2025-03-13 00:00:00+00:00,17848022072
2025-03-14 00:00:00+00:00,17449754327
2025-03-15 00:00:00+00:00,17905432007
2025-03-16 00:00:00+00:00,18099632203
2025-03-17 00:00:00+00:00,17687064353
2025-03-18 00:00:00+00:00,17932435659
2025-03-19 00:00:00+00:00,18027982057
2025-03-20 00:00:00+00:00,19216729988
2025-03-21 00:00:00+00:00,18591305175
2025-03-22 00:00:00+00:00,18361044662
2025-03-23 00:00:00+00:00,18489511873
2025-03-24 00:00:00+00:00,18781940436
2025-03-25 00:00:00+00:00,19553301376
2025-03-26 00:00:00+00:00,19311701121
2025-03-27 00:00:00+00:00,19001118130
2025-03-28 00:00:00+00:00,18727270345
2025-03-29 00:00:00+00:00,17868657583
2025-03-30 00:00:00+00:00,17109743296
2025-03-31 00:00:00+00:00,16894170868
2025-04-01 00:00:00+00:00,17107291963
2025-04-02 00:00:00+00:00,17833076304
2025-04-03 00:00:00+00:00,16834125074
2025-04-04 00:00:00+00:00,17053480490
2025-04-05 00:00:00+00:00,17038117597
2025-04-06 00:00:00+00:00,16958142613
2025-04-07 00:00:00+00:00,14750542318
2025-04-08 00:00:00+00:00,14645440865
2025-04-09 00:00:00+00:00,13773346948
2025-04-10 00:00:00+00:00,15423474815
2025-04-11 00:00:00+00:00,14421171715
2025-04-12 00:00:00+00:00,14683610355
2025-04-13 00:00:00+00:00,15320779880
2025-04-14 00:00:00+00:00,14775688367
2025-04-15 00:00:00+00:00,15100173438
2025-04-16 00:00:00+00:00,14834246792
2025-04-17 00:00:00+00:00,14680931465
2025-04-18 00:00:00+00:00,14719870904
2025-04-19 00:00:00+00:00,14770671600
2025-04-20 00:00:00+00:00,14947431575
2025-04-21 00:00:00+00:00,14869667799
2025-04-22 00:00:00+00:00,14591536849
2025-04-23 00:00:00+00:00,16264226003
2025-04-24 00:00:00+00:00,16620501976
2025-04-25 00:00:00+00:00,16398253508
2025-04-26 00:00:00+00:00,16542096625
2025-04-27 00:00:00+00:00,17024254048
2025-04-28 00:00:00+00:00,16584004566
2025-04-29 00:00:00+00:00,16640813465
2025-04-30 00:00:00+00:00,16621419384
2025-05-01 00:00:00+00:00,16560574228
2025-05-02 00:00:00+00:00,16936134286
2025-05-03 00:00:00+00:00,16932506673
2025-05-04 00:00:00+00:00,16869240122
2025-05-05 00:00:00+00:00,16580812691
2025-05-06 00:00:00+00:00,16689674118
2025-05-07 00:00:00+00:00,16849460383
2025-05-08 00:00:00+00:00,16705529727
2025-05-09 00:00:00+00:00,20161301508
2025-05-10 00:00:00+00:00,21673861235
2025-05-11 00:00:00+00:00,23237255770
2025-05-12 00:00:00+00:00,23153755473
2025-05-13 00:00:00+00:00,22622389132
2025-05-14 00:00:00+00:00,24554152176
2025-05-15 00:00:00+00:00,23876608811
2025-05-16 00:00:00+00:00,23225524336
2025-05-17 00:00:00+00:00,23310507242
2025-05-18 00:00:00+00:00,22610709484
2025-05-19 00:00:00+00:00,22311383123
2025-05-20 00:00:00+00:00,22958371735
2025-05-21 00:00:00+00:00,22800534932
2025-05-22 00:00:00+00:00,23129773829
2025-05-23 00:00:00+00:00,23996935668
2025-05-24 00:00:00+00:00,22815356379
2025-05-25 00:00:00+00:00,22704929422
2025-05-26 00:00:00+00:00,22961772431
2025-05-27 00:00:00+00:00,23048612418
2025-05-28 00:00:00+00:00,23862007060
2025-05-29 00:00:00+00:00,24293181967
2025-05-30 00:00:00+00:00,23352451643
2025-05-31 00:00:00+00:00,22682922264
2025-06-01 00:00:00+00:00,22601119325
2025-06-02 00:00:00+00:00,22768204040
2025-06-03 00:00:00+00:00,23467697211
2025-06-04 00:00:00+00:00,23286592638
2025-06-05 00:00:00+00:00,23407832266
2025-06-06 00:00:00+00:00,21708846759
2025-06-07 00:00:00+00:00,22273708053
2025-06-08 00:00:00+00:00,22637727324
2025-06-09 00:00:00+00:00,22509379895
2025-06-10 00:00:00+00:00,24168509867
2025-06-11 00:00:00+00:00,25485245335
2025-06-12 00:00:00+00:00,25133878005
2025-06-13 00:00:00+00:00,23205454631
2025-06-14 00:00:00+00:00,23307276303
2025-06-15 00:00:00+00:00,23026024609
2025-06-16 00:00:00+00:00,23175267126
2025-06-17 00:00:00+00:00,23133818406
2025-06-18 00:00:00+00:00,22953681258
2025-06-19 00:00:00+00:00,22986378436
2025-06-20 00:00:00+00:00,23101625399
2025-06-21 00:00:00+00:00,21982211852
2025-06-22 00:00:00+00:00,20554662746
2025-06-23 00:00:00+00:00,20596319681
2025-06-24 00:00:00+00:00,22211935671
2025-06-25 00:00:00+00:00,22395257540
2025-06-26 00:00:00+00:00,22148449127
2025-06-27 00:00:00+00:00,22043484864
2025-06-28 00:00:00+00:00,22039567899
2025-06-29 00:00:00+00:00,22207827944
2025-06-30 00:00:00+00:00,22768355353
2025-07-01 00:00:00+00:00,22702027785
2025-07-02 00:00:00+00:00,21927362721
2025-07-03 00:00:00+00:00,23450120936
2025-07-04 00:00:00+00:00,23604408334
2025-07-05 00:00:00+00:00,22917330613
2025-07-06 00:00:00+00:00,22914518640
2025-07-07 00:00:00+00:00,23404747542
2025-07-08 00:00:00+00:00,23180432284
2025-07-09 00:00:00+00:00,23861093374
2025-07-10 00:00:00+00:00,25275246160
2025-07-11 00:00:00+00:00,26803732468
2025-07-12 00:00:00+00:00,27005367163
2025-07-13 00:00:00+00:00,26900983710
2025-07-14 00:00:00+00:00,27070335560
2025-07-15 00:00:00+00:00,27548587777
2025-07-16 00:00:00+00:00,28609189406
2025-07-17 00:00:00+00:00,30857492943
2025-07-18 00:00:00+00:00,31755408053
2025-07-19 00:00:00+00:00,32377197720
2025-07-20 00:00:00+00:00,32658195982
2025-07-21 00:00:00+00:00,34040431857
2025-07-22 00:00:00+00:00,34363185453
2025-07-23 00:00:00+00:00,34008476788
2025-07-24 00:00:00+00:00,33062688523
2025-07-25 00:00:00+00:00,32863741618
2025-07-26 00:00:00+00:00,33592042374
2025-07-27 00:00:00+00:00,33887439917
2025-07-28 00:00:00+00:00,34802737297
2025-07-29 00:00:00+00:00,34187736293
2025-07-30 00:00:00+00:00,33963114910
2025-07-31 00:00:00+00:00,34133988656
2025-08-01 00:00:00+00:00,33135546429
2025-08-02 00:00:00+00:00,31306725570
2025-08-03 00:00:00+00:00,30443353307
2025-08-04 00:00:00+00:00,31289052742
2025-08-05 00:00:00+00:00,32840905143
2025-08-06 00:00:00+00:00,31934363141
2025-08-07 00:00:00+00:00,32697916439
2025-08-08 00:00:00+00:00,34748415812
2025-08-09 00:00:00+00:00,35670624267
2025-08-10 00:00:00+00:00,38164349569
2025-08-11 00:00:00+00:00,37764738673
2025-08-12 00:00:00+00:00,37543872593
2025-08-13 00:00:00+00:00,40836061889
2025-08-14 00:00:00+00:00,41985398122
2025-08-15 00:00:00+00:00,40456209842
2025-08-16 00:00:00+00:00,39533405431
2025-08-17 00:00:00+00:00,39034133944
2025-08-18 00:00:00+00:00,39261040916
2025-08-19 00:00:00+00:00,38130829937
2025-08-20 00:00:00+00:00,36227580081
2025-08-21 00:00:00+00:00,38327189832
2025-08-22 00:00:00+00:00,37490566286
2025-08-23 00:00:00+00:00,42509416858
2025-08-24 00:00:00+00:00,42037069909
2025-08-25 00:00:00+00:00,41084123340
2025-08-26 00:00:00+00:00,38343125115
2025-08-27 00:00:00+00:00,40170192141
2025-08-28 00:00:00+00:00,39503553218
2025-08-29 00:00:00+00:00,39460763976
2025-08-30 00:00:00+00:00,38070909356
2025-08-31 00:00:00+00:00,38438528898
2025-09-01 00:00:00+00:00,38430554950
2025-09-02 00:00:00+00:00,37430226934
2025-09-03 00:00:00+00:00,37432190753
2025-09-04 00:00:00+00:00,38848608144
2025-09-05 00:00:00+00:00,37390346441
2025-09-06 00:00:00+00:00,37555542412
2025-09-07 00:00:00+00:00,37110281507
2025-09-08 00:00:00+00:00,37465691798
2025-09-09 00:00:00+00:00,37278033224
2025-09-10 00:00:00+00:00,37396828771
2025-09-11 00:00:00+00:00,37542652668
2025-09-12 00:00:00+00:00,38551407318
2025-09-13 00:00:00+00:00,40538417950
2025-09-14 00:00:00+00:00,40215477770
2025-09-15 00:00:00+00:00,39722012496
2025-09-16 00:00:00+00:00,38925445006
2025-09-17 00:00:00+00:00,38770278431
2025-09-18 00:00:00+00:00,39647526457
2025-09-19 00:00:00+00:00,39489062274
2025-09-20 00:00:00+00:00,38368334203
2025-09-21 00:00:00+00:00,38357963979
2025-09-22 00:00:00+00:00,37360286469
2025-09-23 00:00:00+00:00,35913197194
2025-09-24 00:00:00+00:00,35594254119
2025-09-25 00:00:00+00:00,35502175798
2025-09-26 00:00:00+00:00,33289556931
2025-09-27 00:00:00+00:00,35010275100
2025-09-28 00:00:00+00:00,34451203570
2025-09-29 00:00:00+00:00,35419375941
2025-09-30 00:00:00+00:00,35995533886
2025-10-01 00:00:00+00:00,35395346204
2025-10-02 00:00:00+00:00,37068497233
2025-10-03 00:00:00+00:00,38218241377
2025-10-04 00:00:00+00:00,38371519408
2025-10-05 00:00:00+00:00,38274797876
2025-10-06 00:00:00+00:00,38534837233
2025-10-07 00:00:00+00:00,39915025456
2025-10-08 00:00:00+00:00,38015406844
2025-10-09 00:00:00+00:00,38570167516
2025-10-10 00:00:00+00:00,37144690749
2025-10-11 00:00:00+00:00,32893642686
2025-10-12 00:00:00+00:00,31855856841
2025-10-13 00:00:00+00:00,35350259642
2025-10-14 00:00:00+00:00,36049866307
2025-10-15 00:00:00+00:00,34744011844
2025-10-16 00:00:00+00:00,33829542350
2025-10-17 00:00:00+00:00,33304882900
2025-10-18 00:00:00+00:00,32611560316
2025-10-19 00:00:00+00:00,33018502420
2025-10-20 00:00:00+00:00,33830529233
2025-10-21 00:00:00+00:00,33739413168
2025-10-22 00:00:00+00:00,32846438865
2025-10-23 00:00:00+00:00,32370370446
2025-10-24 00:00:00+00:00,32726733008
2025-10-25 00:00:00+00:00,33810141865
2025-10-26 00:00:00+00:00,33936232429
2025-10-27 00:00:00+00:00,35811658004
2025-10-28 00:00:00+00:00,35357251709
2025-10-29 00:00:00+00:00,34255484839
2025-10-30 00:00:00+00:00,33621243628
2025-10-31 00:00:00+00:00,32624858714
2025-11-01 00:00:00+00:00,33112212012
2025-11-02 00:00:00+00:00,33191041971
2025-11-03 00:00:00+00:00,33091233850
2025-11-04 00:00:00+00:00,30880496792
2025-11-05 00:00:00+00:00,28280107009
2025-11-06 00:00:00+00:00,29519008585
2025-11-07 00:00:00+00:00,28734127533
2025-11-08 00:00:00+00:00,29620807745
2025-11-09 00:00:00+00:00,29331066015
2025-11-10 00:00:00+00:00,31334158075
2025-11-11 00:00:00+00:00,30712695928
2025-11-12 00:00:00+00:00,29505460236
2025-11-13 00:00:00+00:00,29447988835
2025-11-14 00:00:00+00:00,27566819867
2025-11-15 00:00:00+00:00,27106812300
2025-11-16 00:00:00+00:00,27385064206
2025-11-17 00:00:00+00:00,26915660148
2025-11-18 00:00:00+00:00,26134605890
2025-11-19 00:00:00+00:00,26617316782
2025-11-20 00:00:00+00:00,26098646040
2025-11-21 00:00:00+00:00,24638624127
2025-11-21 07:25:35+00:00,23843900038
