date,fundingRate
2019-11-27,0.0001
2019-11-28,2.636666666666666e-06
2019-11-29,-0.00017136333333333335
2019-11-30,2.058e-05
2019-12-01,0.0001
2019-12-02,0.0001
2019-12-03,0.0001
2019-12-04,0.0001
2019-12-05,7.206e-05
2019-12-06,9.355666666666666e-05
2019-12-07,0.0001
2019-12-08,7.778333333333333e-05
2019-12-09,0.0001
2019-12-10,0.0001
2019-12-11,0.0001
2019-12-12,0.0001
2019-12-13,0.0001
2019-12-14,6.717000000000001e-05
2019-12-15,0.0001
2019-12-16,8.816333333333335e-05
2019-12-17,7.677e-05
2019-12-18,8.302333333333333e-05
2019-12-19,0.0001
2019-12-20,0.0001
2019-12-21,0.0001
2019-12-22,0.0001
2019-12-23,0.0001
2019-12-24,0.0001
2019-12-25,0.0001
2019-12-26,9.899333333333334e-05
2019-12-27,0.0001
2019-12-28,0.0001
2019-12-29,6.82e-05
2019-12-30,7.902333333333334e-05
2019-12-31,9.886666666666667e-05
2020-01-01,4.096666666666678e-06
2020-01-02,8.349000000000002e-05
2020-01-03,0.0001
2020-01-04,0.0001
2020-01-05,0.0001
2020-01-06,0.0001
2020-01-07,0.0001
2020-01-08,0.0001
2020-01-09,0.0001
2020-01-10,0.0001
2020-01-11,0.0001
2020-01-12,0.0001
2020-01-13,0.0001
2020-01-14,0.0001
2020-01-15,0.00021210333333333332
2020-01-16,0.0003260366666666666
2020-01-17,0.00016366333333333333
2020-01-18,0.00010337999999999999
2020-01-19,0.00029455000000000003
2020-01-20,0.0004671533333333333
2020-01-21,0.00019029
2020-01-22,0.00011783333333333333
2020-01-23,0.00013998000000000003
2020-01-24,0.00020261666666666664
2020-01-25,0.00015931
2020-01-26,0.00022782
2020-01-27,0.0001
2020-01-28,0.00050389
2020-01-29,0.0009465233333333334
2020-01-30,0.0005296366666666666
2020-01-31,0.0010278233333333333
2020-02-01,0.0006521533333333334
2020-02-02,0.00020442666666666668
2020-02-03,0.0001
2020-02-04,0.00030226
2020-02-05,0.00038505
2020-02-06,0.0008107233333333333
2020-02-07,0.0003113533333333333
2020-02-08,0.00027927333333333334
2020-02-09,0.0009883799999999999
2020-02-10,0.0020660766666666668
2020-02-11,0.0012551133333333333
2020-02-12,0.0026688133333333335
2020-02-13,0.00146644
2020-02-14,0.0010441766666666665
2020-02-15,0.0010010366666666666
2020-02-16,0.0009888766666666666
2020-02-17,0.0006864466666666666
2020-02-18,0.00020082
2020-02-19,0.00078567
2020-02-20,0.0002778033333333333
2020-02-21,0.0006028299999999999
2020-02-22,0.0005130400000000001
2020-02-23,0.0005626166666666667
2020-02-24,0.00037408
2020-02-25,0.00041350333333333334
2020-02-26,0.0006614266666666668
2020-02-27,0.00015389333333333332
2020-02-28,0.00022758666666666667
2020-02-29,0.00048073333333333333
2020-03-01,0.00022276666666666664
2020-03-02,0.00013461666666666667
2020-03-03,0.0001713433333333333
2020-03-04,0.00031328
2020-03-05,0.0003497766666666667
2020-03-06,0.00019126666666666666
2020-03-07,0.00011246333333333334
2020-03-08,0.00038700000000000003
2020-03-09,0.00012539999999999999
2020-03-10,0.00020142333333333335
2020-03-11,0.00021183666666666664
2020-03-12,0.00033639
2020-03-13,-0.00099923
2020-03-14,0.0001
2020-03-15,0.0001
2020-03-16,-9.773333333333332e-06
2020-03-17,0.0001
2020-03-18,0.0001
2020-03-19,0.0001
2020-03-20,0.0001
2020-03-21,0.0001
2020-03-22,0.0001
2020-03-23,0.0001
2020-03-24,0.0001
2020-03-25,0.0001
2020-03-26,0.0001
2020-03-27,0.0001
2020-03-28,5.761666666666667e-05
2020-03-29,0.0001
2020-03-30,3.3633333333333335e-05
2020-03-31,0.0001
2020-04-01,4.2106666666666675e-05
2020-04-02,4.943333333333333e-05
2020-04-03,0.0001
2020-04-04,8.293666666666668e-05
2020-04-05,7.851333333333333e-05
2020-04-06,7.522333333333333e-05
2020-04-07,-4.725e-05
2020-04-08,0.0001
2020-04-09,0.0001
2020-04-10,0.0001
2020-04-11,6.192333333333333e-05
2020-04-12,7.328333333333333e-05
2020-04-13,0.0001
2020-04-14,0.0001
2020-04-15,0.0001
2020-04-16,5.8246666666666666e-05
2020-04-17,0.0001
2020-04-18,9.818000000000001e-05
2020-04-19,0.0001
2020-04-20,0.0001
2020-04-21,0.0001
2020-04-22,0.0001
2020-04-23,0.0001
2020-04-24,0.0001
2020-04-25,0.0001
2020-04-26,0.0001
2020-04-27,0.0001
2020-04-28,0.0001
2020-04-29,0.0001
2020-04-30,0.00020181
2020-05-01,0.00021056999999999998
2020-05-02,0.00038192666666666663
2020-05-03,0.00028175666666666667
2020-05-04,0.00016204
2020-05-05,0.00021582333333333334
2020-05-06,0.00030432333333333333
2020-05-07,0.00010037
2020-05-08,0.00039226999999999996
2020-05-09,0.00026527
2020-05-10,0.00011738333333333335
2020-05-11,0.0001
2020-05-12,0.0001
2020-05-13,0.0001
2020-05-14,0.0001
2020-05-15,3.5096666666666665e-05
2020-05-16,4.8433333333333336e-05
2020-05-17,5.314333333333334e-05
2020-05-18,0.0001
2020-05-19,0.0001
2020-05-20,0.0001
2020-05-21,0.0001
2020-05-22,7.839333333333334e-05
2020-05-23,0.0001
2020-05-24,0.0001
2020-05-25,0.0001
2020-05-26,0.0001
2020-05-27,0.0001
2020-05-28,0.0001
2020-05-29,0.0001
2020-05-30,0.0001
2020-05-31,0.0001
2020-06-01,0.0001
2020-06-02,0.00020995333333333332
2020-06-03,0.0001
2020-06-04,0.0001
2020-06-05,0.0001
2020-06-06,0.0001
2020-06-07,0.0001
2020-06-08,0.00018250333333333333
2020-06-09,0.00014633999999999998
2020-06-10,0.0001
2020-06-11,0.00014485666666666668
2020-06-12,0.0001
2020-06-13,0.0001
2020-06-14,0.0001
2020-06-15,0.0001
2020-06-16,0.0001
2020-06-17,0.0001
2020-06-18,0.0001
2020-06-19,0.0001
2020-06-20,0.0001
2020-06-21,0.0001
2020-06-22,0.0001
2020-06-23,0.0001
2020-06-24,0.0001
2020-06-25,0.0001
2020-06-26,0.0001
2020-06-27,0.0001
2020-06-28,0.0001
2020-06-29,0.0001
2020-06-30,0.0001
2020-07-01,0.0001
2020-07-02,0.0001
2020-07-03,0.0001
2020-07-04,0.0001
2020-07-05,0.0001
2020-07-06,0.0001
2020-07-07,0.0001
2020-07-08,0.0001
2020-07-09,0.00010989
2020-07-10,0.0001
2020-07-11,0.0001
2020-07-12,0.0001
2020-07-13,0.00010966333333333334
2020-07-14,0.0001
2020-07-15,0.0001
2020-07-16,0.0001
2020-07-17,0.0001
2020-07-18,0.0001
2020-07-19,0.0001
2020-07-20,0.0001
2020-07-21,0.0001
2020-07-22,0.0001
2020-07-23,0.0006073566666666667
2020-07-24,0.0006513266666666667
2020-07-25,0.0002507466666666667
2020-07-26,0.00074298
2020-07-27,0.0007927166666666666
2020-07-28,0.0011620600000000001
2020-07-29,0.0008454533333333334
2020-07-30,0.00063936
2020-07-31,0.0008005466666666667
2020-08-01,0.00044369
2020-08-02,0.0009716933333333333
2020-08-03,0.00044730666666666666
2020-08-04,0.0005147099999999999
2020-08-05,0.0006802333333333333
2020-08-06,0.0006293866666666666
2020-08-07,0.0004288466666666667
2020-08-08,0.00024944333333333334
2020-08-09,0.00037925666666666666
2020-08-10,0.00064811
2020-08-11,0.0005086299999999999
2020-08-12,0.00030919666666666667
2020-08-13,0.0004797666666666667
2020-08-14,0.00135967
2020-08-15,0.0007972533333333334
2020-08-16,0.0007508633333333333
2020-08-17,0.0007988266666666666
2020-08-18,0.0009129233333333332
2020-08-19,0.00032043
2020-08-20,0.0002411966666666667
2020-08-21,0.00013697333333333333
2020-08-22,0.0001
2020-08-23,0.00020457666666666668
2020-08-24,0.00028679333333333335
2020-08-25,0.00015132
2020-08-26,0.00015308333333333333
2020-08-27,0.00010427
2020-08-28,0.00010742
2020-08-29,0.0001
2020-08-30,0.0001
2020-08-31,0.0001
2020-09-01,0.00030726666666666664
2020-09-02,0.00038636666666666666
2020-09-03,0.00011619666666666668
2020-09-04,0.00014247
2020-09-05,0.0001
2020-09-06,0.0001
2020-09-07,8.826666666666668e-05
2020-09-08,0.0001
2020-09-09,0.0001
2020-09-10,8.846e-05
2020-09-11,6.657333333333334e-05
2020-09-12,7.910333333333334e-05
2020-09-13,0.0001
2020-09-14,0.0001
2020-09-15,0.0001
2020-09-16,0.0001
2020-09-17,0.0001
2020-09-18,0.0001
2020-09-19,0.0001
2020-09-20,6.64e-05
2020-09-21,4.531333333333333e-05
2020-09-22,-7.216666666666667e-05
2020-09-23,7.210666666666667e-05
2020-09-24,2.361e-05
2020-09-25,8.453666666666667e-05
2020-09-26,0.0001
2020-09-27,0.0001
2020-09-28,0.0001
2020-09-29,5.2873333333333334e-05
2020-09-30,6.573333333333334e-05
2020-10-01,9.979e-05
2020-10-02,3.619666666666667e-05
2020-10-03,-3.09e-05
2020-10-04,9.820000000000003e-06
2020-10-05,2.9543333333333336e-05
2020-10-06,1.6863333333333335e-05
2020-10-07,9.043333333333335e-06
2020-10-08,0.0001
2020-10-09,0.0001
2020-10-10,0.00018415666666666666
2020-10-11,0.00011707333333333334
2020-10-12,0.0001
2020-10-13,0.0001397
2020-10-14,0.0001
2020-10-15,0.0001
2020-10-16,0.0001
2020-10-17,0.0001
2020-10-18,0.0001
2020-10-19,0.0001
2020-10-20,0.00019756666666666668
2020-10-21,0.00030903333333333333
2020-10-22,0.0007019000000000001
2020-10-23,0.00037011000000000005
2020-10-24,0.00042753333333333334
2020-10-25,0.00019931666666666667
2020-10-26,0.00013776666666666666
2020-10-27,0.00012803
2020-10-28,0.00011750999999999999
2020-10-29,0.0001
2020-10-30,0.0001
2020-10-31,0.0001
2020-11-01,0.0001
2020-11-02,0.00016698333333333334
2020-11-03,0.0001
2020-11-04,0.0001
2020-11-05,0.0007302400000000001
2020-11-06,0.00061617
2020-11-07,0.00070002
2020-11-08,0.00038198333333333323
2020-11-09,0.0003483033333333333
2020-11-10,0.00028942000000000003
2020-11-11,0.00034219000000000003
2020-11-12,0.0001973033333333333
2020-11-13,0.0002367733333333333
2020-11-14,0.00026879333333333335
2020-11-15,0.0001
2020-11-16,0.0001
2020-11-17,0.00024020666666666664
2020-11-18,0.00045879
2020-11-19,0.0002103
2020-11-20,0.0005819233333333333
2020-11-21,0.00033018
2020-11-22,0.0007978833333333333
2020-11-23,0.0011935666666666666
2020-11-24,0.0009098166666666667
2020-11-25,0.0008121866666666666
2020-11-26,0.00024037333333333334
2020-11-27,0.00014916666666666667
2020-11-28,0.0001
2020-11-29,0.0001
2020-11-30,0.0004569366666666667
2020-12-01,0.00043404333333333327
2020-12-02,0.00025078
2020-12-03,0.0003244366666666667
2020-12-04,0.0002075266666666667
2020-12-05,0.00017951666666666668
2020-12-06,0.0001
2020-12-07,0.0001
2020-12-08,0.0001903666666666667
2020-12-09,0.00011280666666666666
2020-12-10,0.0001
2020-12-11,0.00013260666666666668
2020-12-12,0.0001
2020-12-13,0.0001
2020-12-14,0.0001
2020-12-15,0.0001
2020-12-16,0.00040820000000000006
2020-12-17,0.0008572266666666666
2020-12-18,0.00046290666666666666
2020-12-19,0.0006826533333333333
2020-12-20,0.00054042
2020-12-21,0.00026224
2020-12-22,0.00011899666666666667
2020-12-23,0.00020952
2020-12-24,0.0001
2020-12-25,0.00010296333333333334
2020-12-26,0.0001
2020-12-27,0.00051641
2020-12-28,0.00080552
2020-12-29,0.0006787766666666667
2020-12-30,0.0007383899999999999
2020-12-31,0.00050677
2021-01-01,0.0005081166666666666
2021-01-02,0.0006133033333333334
2021-01-03,0.0010263533333333332
2021-01-04,0.0025199366666666667
2021-01-05,0.0008279566666666667
2021-01-06,0.0021931866666666665
2021-01-07,0.0015235666666666666
2021-01-08,0.00128851
2021-01-09,0.0009773666666666667
2021-01-10,0.0022316333333333334
2021-01-11,0.0009449266666666667
2021-01-12,0.00037714333333333335
2021-01-13,0.0002989166666666667
2021-01-14,0.0005958133333333333
2021-01-15,0.0005684133333333333
2021-01-16,0.00073845
2021-01-17,0.0006921766666666667
2021-01-18,0.00082319
2021-01-19,0.0017301600000000003
2021-01-20,0.0009171333333333334
2021-01-21,0.00046079
2021-01-22,0.00015662666666666666
2021-01-23,0.00021469666666666667
2021-01-24,0.0008202533333333334
2021-01-25,0.0008324700000000001
2021-01-26,0.00025329333333333335
2021-01-27,0.00018780666666666667
2021-01-28,0.00027226
2021-01-29,0.0013854133333333334
2021-01-30,0.0006823666666666666
2021-01-31,0.0010028133333333333
2021-02-01,0.00047379
2021-02-02,0.0011231633333333333
2021-02-03,0.0015846
2021-02-04,0.0014221
2021-02-05,0.0014854366666666667
2021-02-06,0.0012269766666666668
2021-02-07,0.0009599366666666666
2021-02-08,0.0011142833333333334
2021-02-09,0.0018803233333333335
2021-02-10,0.00153335
2021-02-11,0.0010613533333333333
2021-02-12,0.0009882833333333333
2021-02-13,0.0016534666666666667
2021-02-14,0.0013728899999999999
2021-02-15,0.0005814433333333333
2021-02-16,0.00110621
2021-02-17,0.001437086666666667
2021-02-18,0.00172004
2021-02-19,0.0013028233333333332
2021-02-20,0.0019066166666666668
2021-02-21,0.00067433
2021-02-22,0.0005318266666666666
2021-02-23,0.00015389333333333332
2021-02-24,0.0002717466666666667
2021-02-25,0.00024316
2021-02-26,0.00020862666666666667
2021-02-27,0.00030047
2021-02-28,0.0001
2021-03-01,0.00030848666666666666
2021-03-02,0.0004146833333333333
2021-03-03,0.00035697
2021-03-04,0.0003218
2021-03-05,0.00019148666666666668
2021-03-06,0.00040626333333333334
2021-03-07,0.0004889533333333334
2021-03-08,0.0003743433333333334
2021-03-09,0.0006724366666666666
2021-03-10,0.0007187700000000001
2021-03-11,0.0006476366666666667
2021-03-12,0.0007978233333333333
2021-03-13,0.0007517366666666666
2021-03-14,0.00110293
2021-03-15,0.0005729533333333333
2021-03-16,0.0003177366666666667
2021-03-17,0.00043668
2021-03-18,0.0006844666666666666
2021-03-19,0.00019254000000000002
2021-03-20,0.0007185233333333333
2021-03-21,0.00032442666666666664
2021-03-22,0.00047124
2021-03-23,0.00020996333333333332
2021-03-24,0.0003431766666666667
2021-03-25,0.00018646000000000003
2021-03-26,0.00020810333333333333
2021-03-27,0.00019996333333333334
2021-03-28,0.0002890533333333334
2021-03-29,0.0005002366666666667
2021-03-30,0.0005577000000000001
2021-03-31,0.0007406333333333334
2021-04-01,0.0011025266666666667
2021-04-02,0.0009627300000000001
2021-04-03,0.0010416866666666665
2021-04-04,0.00068261
2021-04-05,0.0007756733333333333
2021-04-06,0.00095699
2021-04-07,0.0005054933333333334
2021-04-08,0.00026666
2021-04-09,0.00048752666666666665
2021-04-10,0.0011330666666666666
2021-04-11,0.0007778299999999999
2021-04-12,0.00110677
2021-04-13,0.00110854
2021-04-14,0.00150669
2021-04-15,0.00109507
2021-04-16,0.0013021200000000001
2021-04-17,0.0007952266666666668
2021-04-18,0.00039584999999999995
2021-04-19,0.00023973333333333335
2021-04-20,0.00013759666666666667
2021-04-21,0.0001
2021-04-22,0.00014822
2021-04-23,0.00030081
2021-04-24,0.00016797
2021-04-25,0.0001
2021-04-26,0.0001
2021-04-27,0.00020221
2021-04-28,0.00021118333333333333
2021-04-29,0.0001
2021-04-30,0.0002583
2021-05-01,0.00019138999999999997
2021-05-02,0.00024391
2021-05-03,0.00027209
2021-05-04,0.0005801033333333334
2021-05-05,0.0006821966666666667
2021-05-06,0.0008192433333333334
2021-05-07,0.00037734666666666667
2021-05-08,0.0004916133333333334
2021-05-09,0.0005155366666666667
2021-05-10,0.0007030533333333334
2021-05-11,0.0003800733333333333
2021-05-12,0.00037281000000000006
2021-05-13,0.00021890000000000004
2021-05-14,0.0001
2021-05-15,0.00045647333333333337
2021-05-16,0.00020888333333333336
2021-05-17,0.00039706
2021-05-18,0.00029973
2021-05-19,-0.0009767366666666667
2021-05-20,0.00010609333333333334
2021-05-21,0.0001
2021-05-22,0.0001
2021-05-23,0.0001
2021-05-24,0.0001
2021-05-25,0.0001
2021-05-26,0.0001
2021-05-27,0.0001
2021-05-28,0.0001
2021-05-29,0.0001
2021-05-30,0.0001
2021-05-31,0.0001
2021-06-01,0.0001
2021-06-02,0.0001
2021-06-03,0.0001
2021-06-04,0.0001
2021-06-05,0.0001
2021-06-06,0.0001
2021-06-07,0.0001
2021-06-08,0.0001
2021-06-09,0.0001
2021-06-10,0.0001
2021-06-11,9.561e-05
2021-06-12,0.0001
2021-06-13,0.0001
2021-06-14,7.928333333333334e-05
2021-06-15,0.0001
2021-06-16,0.0001
2021-06-17,0.0001
2021-06-18,6.323666666666667e-05
2021-06-19,-2.793e-05
2021-06-20,-6.344666666666667e-05
2021-06-21,-3.415333333333333e-05
2021-06-22,4.558333333333333e-05
2021-06-23,-3.917333333333333e-05
2021-06-24,5.1893333333333333e-05
2021-06-25,9.069e-05
2021-06-26,-5.507e-05
2021-06-27,-0.00015696666666666667
2021-06-28,1.1103333333333334e-05
2021-06-29,9.113333333333331e-06
2021-06-30,0.0001
2021-07-01,8.284333333333334e-05
2021-07-02,-5.742333333333332e-05
2021-07-03,2.0403333333333335e-05
2021-07-04,0.0001
2021-07-05,6.607333333333334e-05
2021-07-06,2.8496666666666664e-05
2021-07-07,7.680666666666666e-05
2021-07-08,5.854666666666667e-05
2021-07-09,7.490333333333333e-05
2021-07-10,0.0001
2021-07-11,0.0001
2021-07-12,0.0001
2021-07-13,6.188e-05
2021-07-14,6.15e-05
2021-07-15,8.551666666666668e-05
2021-07-16,8.928333333333334e-05
2021-07-17,8.437666666666667e-05
2021-07-18,0.0001
2021-07-19,3.996666666666666e-06
2021-07-20,-0.00016297666666666667
2021-07-21,-0.00018060666666666665
2021-07-22,0.0001
2021-07-23,9.547666666666667e-05
2021-07-24,5.795333333333334e-05
2021-07-25,4.482666666666667e-05
2021-07-26,0.0001
2021-07-27,0.0001
2021-07-28,8.539333333333333e-05
2021-07-29,8.574333333333333e-05
2021-07-30,0.0001
2021-07-31,0.0001
2021-08-01,0.0001
2021-08-02,0.0001
2021-08-03,6.919666666666667e-05
2021-08-04,6.554333333333333e-05
2021-08-05,0.0001
2021-08-06,0.0001
2021-08-07,0.00012734
2021-08-08,0.00011209
2021-08-09,0.00015131666666666667
2021-08-10,0.00021911333333333332
2021-08-11,0.00026286666666666664
2021-08-12,0.00014062333333333333
2021-08-13,0.00020732
2021-08-14,0.00028897
2021-08-15,0.00020921
2021-08-16,0.00015264333333333334
2021-08-17,0.0001
2021-08-18,0.0001
2021-08-19,0.0001
2021-08-20,0.00025016666666666666
2021-08-21,0.00018915333333333333
2021-08-22,0.00016888666666666668
2021-08-23,0.0005289433333333333
2021-08-24,0.00039641333333333335
2021-08-25,0.00015487
2021-08-26,0.0001
2021-08-27,0.0001
2021-08-28,0.00011833
2021-08-29,0.00012259666666666666
2021-08-30,0.0001
2021-08-31,0.00013569000000000002
2021-09-01,0.0001
2021-09-02,0.0004481333333333333
2021-09-03,0.0004350133333333333
2021-09-04,0.0007465766666666667
2021-09-05,0.00069819
2021-09-06,0.0005710666666666667
2021-09-07,0.00044871999999999995
2021-09-08,0.0001
2021-09-09,0.0001
2021-09-10,0.0001
2021-09-11,0.0001
2021-09-12,0.0001
2021-09-13,0.0001
2021-09-14,0.0001
2021-09-15,0.0001
2021-09-16,0.0001
2021-09-17,0.0001
2021-09-18,0.0001
2021-09-19,0.0001
2021-09-20,0.0001
2021-09-21,0.0001
2021-09-22,0.0001
2021-09-23,0.0001
2021-09-24,-3.43e-05
2021-09-25,2.476666666666666e-06
2021-09-26,5.153666666666667e-05
2021-09-27,0.0001
2021-09-28,1.158e-05
2021-09-29,-2.0433333333333325e-06
2021-09-30,2.349666666666667e-05
2021-10-01,5.5570000000000005e-05
2021-10-02,0.0001
2021-10-03,0.0001
2021-10-04,0.0001
2021-10-05,0.0001
2021-10-06,0.00011441000000000001
2021-10-07,0.00025413333333333335
2021-10-08,0.00018435
2021-10-09,0.0001
2021-10-10,0.0001
2021-10-11,0.00017690000000000002
2021-10-12,0.0001
2021-10-13,0.0001
2021-10-14,0.00026477
2021-10-15,0.00034517333333333337
2021-10-16,0.00036001666666666664
2021-10-17,0.0004150533333333333
2021-10-18,0.00027291333333333333
2021-10-19,0.00030956999999999995
2021-10-20,0.0004177566666666666
2021-10-21,0.0006085266666666667
2021-10-22,0.00033938
2021-10-23,0.00021215333333333332
2021-10-24,0.00034886000000000004
2021-10-25,0.00038549333333333336
2021-10-26,0.00039995333333333336
2021-10-27,0.00034302666666666666
2021-10-28,0.00013185333333333332
2021-10-29,0.00034561333333333336
2021-10-30,0.00027984666666666663
2021-10-31,0.00015153666666666666
2021-11-01,0.00021524333333333332
2021-11-02,0.0003932733333333333
2021-11-03,0.00026726
2021-11-04,0.00035816
2021-11-05,0.00023373333333333334
2021-11-06,0.00031130333333333335
2021-11-07,0.00024648
2021-11-08,0.0002423966666666667
2021-11-09,0.0001
2021-11-10,0.00023136666666666666
2021-11-11,0.00014324666666666667
2021-11-12,0.0001
2021-11-13,0.0001
2021-11-14,0.0001
2021-11-15,0.00019177666666666667
2021-11-16,0.00011917666666666667
2021-11-17,0.0001
2021-11-18,0.0001
2021-11-19,0.0001
2021-11-20,0.0001
2021-11-21,0.0001
2021-11-22,0.0001
2021-11-23,0.0001
2021-11-24,0.0001
2021-11-25,0.00018379
2021-11-26,0.00021081666666666668
2021-11-27,0.0001
2021-11-28,0.0001
2021-11-29,0.0001
2021-11-30,0.00013067333333333333
2021-12-01,0.00012083333333333332
2021-12-02,0.0001
2021-12-03,0.00010854
2021-12-04,8.861e-05
2021-12-05,0.0001
2021-12-06,0.0001
2021-12-07,9.020000000000001e-05
2021-12-08,0.0001
2021-12-09,0.0001
2021-12-10,6.321e-05
2021-12-11,9.572999999999999e-05
2021-12-12,0.0001
2021-12-13,2.729666666666667e-05
2021-12-14,4.911e-05
2021-12-15,0.0001
2021-12-16,7.744666666666667e-05
2021-12-17,0.0001
2021-12-18,8.473999999999999e-05
2021-12-19,8.117666666666666e-05
2021-12-20,0.0001
2021-12-21,0.0001
2021-12-22,0.0001
2021-12-23,7.794333333333333e-05
2021-12-24,0.0001
2021-12-25,0.0001
2021-12-26,0.0001
2021-12-27,0.0001
2021-12-28,5.493333333333333e-05
2021-12-29,8.307666666666667e-05
2021-12-30,6.156e-05
2021-12-31,5.940333333333333e-05
2022-01-01,0.0001
2022-01-02,4.284333333333333e-05
2022-01-03,6.483666666666667e-05
2022-01-04,0.0001
2022-01-05,0.0001
2022-01-06,6.569333333333333e-05
2022-01-07,7.311666666666666e-05
2022-01-08,0.0001
2022-01-09,2.7453333333333334e-05
2022-01-10,-6.451666666666667e-05
2022-01-11,6.305333333333334e-05
2022-01-12,-6.218e-05
2022-01-13,2.0803333333333335e-05
2022-01-14,6.235333333333334e-05
2022-01-15,9.877333333333333e-05
2022-01-16,6.864666666666666e-05
2022-01-17,3.296666666666667e-06
2022-01-18,7.058333333333333e-05
2022-01-19,6.0933333333333335e-05
2022-01-20,0.0001
2022-01-21,5.756666666666668e-06
2022-01-22,8.824000000000001e-05
2022-01-23,-2.842666666666667e-05
2022-01-24,2.7416666666666668e-05
2022-01-25,-1.1800000000000033e-06
2022-01-26,-0.00010686
2022-01-27,-6.724333333333334e-05
2022-01-28,-5.6026666666666657e-05
2022-01-29,2.7176666666666667e-05
2022-01-30,-2.3299999999999997e-06
2022-01-31,-2.2329999999999998e-05
2022-02-01,-7.024333333333333e-05
2022-02-02,-1.955333333333333e-05
2022-02-03,-0.00017255000000000002
2022-02-04,9.595333333333334e-05
2022-02-05,7.269e-05
2022-02-06,0.0001
2022-02-07,2.9720000000000003e-05
2022-02-08,6.446e-05
2022-02-09,5.651333333333333e-05
2022-02-10,-1.3759999999999999e-05
2022-02-11,-2.0366666666666666e-05
2022-02-12,0.0001
2022-02-13,1.6749999999999997e-05
2022-02-14,8.504333333333334e-05
2022-02-15,2.284e-05
2022-02-16,0.0001
2022-02-17,5.4606666666666674e-05
2022-02-18,-3.181333333333333e-05
2022-02-19,7.307333333333333e-05
2022-02-20,1.7763333333333333e-05
2022-02-21,5.3333333333332825e-08
2022-02-22,1.0656666666666667e-05
2022-02-23,5.393333333333332e-06
2022-02-24,-3.6043333333333334e-05
2022-02-25,0.0001
2022-02-26,0.0001
2022-02-27,6.835666666666668e-05
2022-02-28,-6.170333333333334e-05
2022-03-01,0.0001
2022-03-02,0.0001
2022-03-03,0.0001
2022-03-04,0.0001
2022-03-05,3.2586666666666664e-05
2022-03-06,1.431333333333333e-05
2022-03-07,3.8593333333333335e-05
2022-03-08,3.3253333333333336e-05
2022-03-09,8.741333333333333e-05
2022-03-10,3.869666666666667e-05
2022-03-11,1.6143333333333332e-05
2022-03-12,7.093333333333334e-05
2022-03-13,3.139333333333333e-05
2022-03-14,3.2160000000000004e-05
2022-03-15,1.6076666666666668e-05
2022-03-16,8.149e-05
2022-03-17,0.0001
2022-03-18,6.875333333333333e-05
2022-03-19,0.0001
2022-03-20,0.0001
2022-03-21,0.0001
2022-03-22,0.0001
2022-03-23,4.974e-05
2022-03-24,6.062333333333333e-05
2022-03-25,0.0001
2022-03-26,8.326333333333334e-05
2022-03-27,2.1983333333333333e-05
2022-03-28,0.0001
2022-03-29,9.423e-05
2022-03-30,0.0001
2022-03-31,0.0001
2022-04-01,0.0001
2022-04-02,0.0001
2022-04-03,0.0001
2022-04-04,7.632e-05
2022-04-05,9.324666666666666e-05
2022-04-06,3.4233333333333363e-06
2022-04-07,1.1646666666666666e-05
2022-04-08,-1.059e-05
2022-04-09,0.0001
2022-04-10,8.66e-05
2022-04-11,8.225333333333333e-05
2022-04-12,-7.802e-05
2022-04-13,-5.305333333333333e-05
2022-04-14,1.1400000000000003e-06
2022-04-15,-5.410666666666667e-05
2022-04-16,-6.179e-05
2022-04-17,-3.469999999999999e-06
2022-04-18,-7.612000000000001e-05
2022-04-19,4.901666666666667e-05
2022-04-20,5.496666666666666e-05
2022-04-21,-7.841333333333334e-05
2022-04-22,-0.00010573666666666667
2022-04-23,-4.970333333333333e-05
2022-04-24,-4.800666666666666e-05
2022-04-25,-0.00011087666666666667
2022-04-26,8.330333333333333e-05
2022-04-27,-0.00012447
2022-04-28,8.496666666666668e-06
2022-04-29,8.192666666666667e-05
2022-04-30,-6.611333333333333e-05
2022-05-01,-9.266e-05
2022-05-02,-1.0066666666666665e-05
2022-05-03,7.977666666666667e-05
2022-05-04,9.740333333333334e-05
2022-05-05,0.0001
2022-05-06,-3.3060000000000005e-05
2022-05-07,7.706e-05
2022-05-08,9.955666666666668e-05
2022-05-09,9.731000000000002e-05
2022-05-10,8.643666666666667e-05
2022-05-11,8.412333333333334e-05
2022-05-12,-0.00042309666666666667
2022-05-13,-9.285666666666667e-05
2022-05-14,7.012333333333334e-05
2022-05-15,8.101333333333334e-05
2022-05-16,6.555333333333333e-05
2022-05-17,-2.4883333333333333e-05
2022-05-18,-5.493333333333335e-06
2022-05-19,-3.753333333333335e-06
2022-05-20,8.882333333333333e-05
2022-05-21,2.3206666666666666e-05
2022-05-22,6.534666666666666e-05
2022-05-23,0.0001
2022-05-24,-5.590333333333334e-05
2022-05-25,5.884e-05
2022-05-26,-3.5200000000000023e-06
2022-05-27,5.0656666666666666e-05
2022-05-28,6.502666666666667e-05
2022-05-29,4.531333333333333e-05
2022-05-30,6.0379999999999994e-05
2022-05-31,9.253666666666668e-05
2022-06-01,0.0001
2022-06-02,-9.266666666666657e-07
2022-06-03,5.999666666666666e-05
2022-06-04,7.666666666666667e-05
2022-06-05,4.8393333333333336e-05
2022-06-06,9.865666666666667e-05
2022-06-07,2.695e-05
2022-06-08,9.013666666666667e-05
2022-06-09,8.473666666666666e-05
2022-06-10,3.0513333333333335e-05
2022-06-11,-0.00013796666666666667
2022-06-12,-7.588666666666667e-05
2022-06-13,-1.2613333333333335e-05
2022-06-14,-4.042e-05
2022-06-15,-7.584e-05
2022-06-16,-1.750666666666667e-05
2022-06-17,-0.00011007333333333334
2022-06-18,-0.00014682333333333332
2022-06-19,-8.804e-05
2022-06-20,5.422666666666667e-05
2022-06-21,5.347666666666667e-05
2022-06-22,-5.3733333333333336e-05
2022-06-23,-7.018333333333334e-05
2022-06-24,7.349666666666667e-05
2022-06-25,-4.333333333333312e-07
2022-06-26,1.4383333333333335e-05
2022-06-27,-6.060333333333333e-05
2022-06-28,1.6056666666666668e-05
2022-06-29,2.0156666666666666e-05
2022-06-30,-8.330333333333333e-05
2022-07-01,-6.079333333333333e-05
2022-07-02,-3.085e-05
2022-07-03,2.699999999999993e-06
2022-07-04,1.999999999999999e-06
2022-07-05,2.2883333333333335e-05
2022-07-06,8.124333333333333e-05
2022-07-07,8.963666666666668e-05
2022-07-08,8.501666666666667e-05
2022-07-09,3.6696666666666664e-05
2022-07-10,7.049333333333334e-05
2022-07-11,3.729e-05
2022-07-12,-2.059e-05
2022-07-13,-0.00016783
2022-07-14,-5.558e-05
2022-07-15,4.738e-05
2022-07-16,5.383000000000001e-05
2022-07-17,3.1230000000000004e-05
2022-07-18,1.4560000000000001e-05
2022-07-19,8.080666666666667e-05
2022-07-20,1.3763333333333336e-05
2022-07-21,0.0001
2022-07-22,9.772333333333335e-05
2022-07-23,7.334666666666667e-05
2022-07-24,0.0001
2022-07-25,5.433333333333334e-05
2022-07-26,7.947e-05
2022-07-27,4.09e-05
2022-07-28,0.0001
2022-07-29,0.0001
2022-07-30,8.349666666666667e-05
2022-07-31,6.653e-05
2022-08-01,8.702666666666667e-05
2022-08-02,4.403333333333334e-05
2022-08-03,1.403e-05
2022-08-04,5.3346666666666675e-05
2022-08-05,9.216333333333334e-05
2022-08-06,0.0001
2022-08-07,3.507666666666667e-05
2022-08-08,3.825e-05
2022-08-09,-2.892333333333333e-05
2022-08-10,-1.2043333333333332e-05
2022-08-11,5.3916666666666665e-05
2022-08-12,5.372666666666667e-05
2022-08-13,4.8190000000000004e-05
2022-08-14,3.885e-05
2022-08-15,-2.5400000000000004e-05
2022-08-16,7.666666666666695e-07
2022-08-17,5.5289999999999994e-05
2022-08-18,5.075333333333333e-05
2022-08-19,5.5700000000000005e-05
2022-08-20,6.016666666666666e-06
2022-08-21,-1.785e-05
2022-08-22,2.920666666666667e-05
2022-08-23,-1.5186666666666668e-05
2022-08-24,-3.551333333333333e-05
2022-08-25,-2.8199999999999998e-05
2022-08-26,5.335e-05
2022-08-27,-0.00018568
2022-08-28,-0.00016785666666666664
2022-08-29,-0.00016169
2022-08-30,-7.316333333333334e-05
2022-08-31,-1.3569999999999999e-05
2022-09-01,-2.7843333333333335e-05
2022-09-02,2.3066666666666667e-05
2022-09-03,-0.00010727000000000001
2022-09-04,-3.9573333333333336e-05
2022-09-05,-4.806333333333333e-05
2022-09-06,-0.00010737000000000001
2022-09-07,-0.00020877666666666668
2022-09-08,-2.0213333333333335e-05
2022-09-09,-8.195e-05
2022-09-10,-0.0001389
2022-09-11,-0.00019952666666666667
2022-09-12,-0.0003365133333333333
2022-09-13,-0.00041000666666666667
2022-09-14,-0.0015526066666666667
2022-09-15,-0.00176439
2022-09-16,2.9963333333333335e-05
2022-09-17,6.474666666666666e-05
2022-09-18,5.139e-05
2022-09-19,-6.836333333333333e-05
2022-09-20,-7.533e-05
2022-09-21,-4.596666666666666e-05
2022-09-22,-0.0002023933333333333
2022-09-23,-3.752333333333333e-05
2022-09-24,-7.186666666666666e-06
2022-09-25,-1.2403333333333335e-05
2022-09-26,3.014666666666667e-05
2022-09-27,1.758e-05
2022-09-28,-3.6463333333333334e-05
2022-09-29,6.051e-05
2022-09-30,6.115333333333334e-05
2022-10-01,6.719666666666667e-05
2022-10-02,1.1503333333333334e-05
2022-10-03,-3.3300000000000003e-06
2022-10-04,7.144333333333333e-05
2022-10-05,-2.8433333333333338e-06
2022-10-06,2.152e-05
2022-10-07,1.9316666666666668e-05
2022-10-08,7.278666666666667e-05
2022-10-09,1.8533333333333337e-06
2022-10-10,3.295e-05
2022-10-11,5.0299999999999996e-05
2022-10-12,2.6566666666666668e-05
2022-10-13,-6.728333333333333e-05
2022-10-14,6.733333333333333e-05
2022-10-15,1.533666666666667e-05
2022-10-16,-1.333333333333334e-06
2022-10-17,3.318333333333334e-05
2022-10-18,6.816e-05
2022-10-19,6.932000000000001e-05
2022-10-20,6.5099999999999995e-06
2022-10-21,4.844666666666667e-05
2022-10-22,-6.513333333333333e-06
2022-10-23,4.4590000000000005e-05
2022-10-24,5.529666666666667e-05
2022-10-25,-4.4333333333333304e-07
2022-10-26,5.849333333333333e-05
2022-10-27,3.3113333333333334e-05
2022-10-28,2.728e-05
2022-10-29,8.136666666666666e-05
2022-10-30,9.010333333333334e-05
2022-10-31,5.34e-05
2022-11-01,-1.1949999999999997e-05
2022-11-02,5.4680000000000005e-05
2022-11-03,-5.456333333333333e-05
2022-11-04,6.897e-05
2022-11-05,5.496666666666666e-05
2022-11-06,7.346666666666666e-05
2022-11-07,4.107333333333333e-05
2022-11-08,-3.128e-05
2022-11-09,-0.0003511566666666666
2022-11-10,-0.0004330433333333333
2022-11-11,-9.183000000000001e-05
2022-11-12,8.277333333333334e-05
2022-11-13,-3.708333333333333e-05
2022-11-14,3.4336666666666666e-05
2022-11-15,-2.6300000000000002e-05
2022-11-16,-4.524666666666667e-05
2022-11-17,-5.8949999999999996e-05
2022-11-18,-6.912666666666667e-05
2022-11-19,5.6279999999999996e-05
2022-11-20,1.3663333333333334e-05
2022-11-21,-5.987666666666666e-05
2022-11-22,-1.0253333333333332e-05
2022-11-23,-2.4683333333333338e-05
2022-11-24,8.736666666666667e-06
2022-11-25,2.665666666666667e-05
2022-11-26,-5.564e-05
2022-11-27,-4.1099999999999996e-05
2022-11-28,-4.844e-05
2022-11-29,5.592666666666667e-05
2022-11-30,9.739333333333334e-05
2022-12-01,3.8853333333333336e-05
2022-12-02,4.875333333333333e-05
2022-12-03,-1.837e-05
2022-12-04,-5.156666666666667e-06
2022-12-05,2.895e-05
2022-12-06,3.3113333333333334e-05
2022-12-07,2.797e-05
2022-12-08,5.716666666666666e-06
2022-12-09,7.251666666666666e-05
2022-12-10,3.858e-05
2022-12-11,3.3899999999999997e-06
2022-12-12,-4.026666666666666e-06
2022-12-13,9.649666666666666e-05
2022-12-14,0.0001
2022-12-15,0.0001
2022-12-16,5.406666666666667e-05
2022-12-17,1.8936666666666668e-05
2022-12-18,5.986666666666667e-05
2022-12-19,-1.142e-05
2022-12-20,7.473999999999999e-05
2022-12-21,6.588666666666667e-05
2022-12-22,8.874333333333333e-05
2022-12-23,5.58e-05
2022-12-24,5.764666666666667e-05
2022-12-25,3.3333333333333337e-06
2022-12-26,3.526333333333333e-05
2022-12-27,6.590666666666667e-05
2022-12-28,4.633666666666667e-05
2022-12-29,8.611666666666667e-05
2022-12-30,0.0001
2022-12-31,0.0001
2023-01-01,0.0001
2023-01-02,8.780666666666666e-05
2023-01-03,3.0220000000000002e-05
2023-01-04,9.203e-05
2023-01-05,0.0001
2023-01-06,0.0001
2023-01-07,5.611e-05
2023-01-08,6.538e-05
2023-01-09,7.309666666666667e-05
2023-01-10,0.0001
2023-01-11,7.592666666666667e-05
2023-01-12,0.0001
2023-01-13,0.0001
2023-01-14,0.00039197999999999994
2023-01-15,0.00020572000000000003
2023-01-16,0.00011394333333333334
2023-01-17,0.0001
2023-01-18,0.0001
2023-01-19,0.0001
2023-01-20,0.0001
2023-01-21,0.0001
2023-01-22,0.0001
2023-01-23,0.00010118666666666667
2023-01-24,0.0001
2023-01-25,0.0001
2023-01-26,0.0001
2023-01-27,0.0001
2023-01-28,0.0001
2023-01-29,0.0001
2023-01-30,0.0001
2023-01-31,0.0001
2023-02-01,0.0001
2023-02-02,0.0001
2023-02-03,0.0001
2023-02-04,0.0001
2023-02-05,0.0001
2023-02-06,0.0001
2023-02-07,0.0001
2023-02-08,0.0001
2023-02-09,0.0001
2023-02-10,8.942666666666668e-05
2023-02-11,2.4413333333333332e-05
2023-02-12,5.5576666666666666e-05
2023-02-13,6.183000000000001e-05
2023-02-14,3.087333333333333e-05
2023-02-15,3.811666666666667e-05
2023-02-16,0.00011367
2023-02-17,0.0001
2023-02-18,0.0001
2023-02-19,0.0001
2023-02-20,0.0001
2023-02-21,0.0001
2023-02-22,0.0001
2023-02-23,7.091666666666666e-05
2023-02-24,6.199333333333335e-05
2023-02-25,7.686666666666666e-05
2023-02-26,2.3493333333333334e-05
2023-02-27,8.219333333333332e-05
2023-02-28,5.248666666666667e-05
2023-03-01,6.780666666666666e-05
2023-03-02,9.248666666666666e-05
2023-03-03,1.778e-05
2023-03-04,3.579333333333333e-05
2023-03-05,4.589333333333333e-05
2023-03-06,5.103e-05
2023-03-07,4.623333333333334e-05
2023-03-08,7.886333333333334e-05
2023-03-09,6.775333333333333e-05
2023-03-10,-2.9716666666666666e-05
2023-03-11,5.690000000000001e-06
2023-03-12,1.1060000000000004e-05
2023-03-13,0.0001
2023-03-14,0.0001
2023-03-15,0.00020031333333333333
2023-03-16,0.0001
2023-03-17,7.301666666666668e-05
2023-03-18,0.0001
2023-03-19,0.0001
2023-03-20,9.398e-05
2023-03-21,6.902333333333334e-05
2023-03-22,3.984333333333333e-05
2023-03-23,5.994333333333334e-05
2023-03-24,0.0001
2023-03-25,8.856666666666666e-06
2023-03-26,2.0696666666666664e-05
2023-03-27,3.596666666666667e-06
2023-03-28,2.8576666666666664e-05
2023-03-29,9.194666666666667e-05
2023-03-30,3.689e-05
2023-03-31,8.061666666666667e-05
2023-04-01,8.768666666666667e-05
2023-04-02,4.1693333333333336e-05
2023-04-03,-1.7896666666666664e-05
2023-04-04,6.532666666666667e-05
2023-04-05,8.951e-05
2023-04-06,3.826333333333333e-05
2023-04-07,4.273e-05
2023-04-08,2.327e-05
2023-04-09,6.6e-06
2023-04-10,1.506666666666667e-06
2023-04-11,6.004e-05
2023-04-12,1.9849999999999998e-05
2023-04-13,0.0001
2023-04-14,0.0001
2023-04-15,0.0001
2023-04-16,0.0001
2023-04-17,0.0001
2023-04-18,0.0001
2023-04-19,6.328333333333333e-05
2023-04-20,2.9066666666666664e-05
2023-04-21,8.003666666666666e-05
2023-04-22,2.5843333333333334e-05
2023-04-23,-3.299999999999999e-06
2023-04-24,5.1303333333333334e-05
2023-04-25,7.779e-05
2023-04-26,4.597666666666667e-05
2023-04-27,2.3516666666666665e-05
2023-04-28,8.389999999999999e-05
2023-04-29,5.517e-05
2023-04-30,4.7936666666666665e-05
2023-05-01,1.8499999999999999e-06
2023-05-02,6.872666666666666e-05
2023-05-03,8.690666666666667e-05
2023-05-04,9.966666666666667e-05
2023-05-05,6.411666666666666e-05
2023-05-06,6.898000000000001e-05
2023-05-07,2.8333333333333335e-05
2023-05-08,3.43e-05
2023-05-09,8.281666666666667e-05
2023-05-10,4.4829999999999996e-05
2023-05-11,2.4093333333333332e-05
2023-05-12,4.5566666666666665e-06
2023-05-13,2.027e-05
2023-05-14,2.9346666666666668e-05
2023-05-15,-1.3773333333333334e-05
2023-05-16,1.9013333333333333e-05
2023-05-17,3.738e-05
2023-05-18,6.523333333333332e-05
2023-05-19,5.8593333333333334e-05
2023-05-20,2.8483333333333336e-05
2023-05-21,2.186e-05
2023-05-22,5.649666666666667e-05
2023-05-23,6.723e-05
2023-05-24,5.0003333333333336e-05
2023-05-25,2.7340000000000003e-05
2023-05-26,6.789333333333333e-05
2023-05-27,2.5866666666666667e-05
2023-05-28,4.250000000000001e-06
2023-05-29,0.0001
2023-05-30,8.128666666666668e-05
2023-05-31,4.453e-05
2023-06-01,8.618666666666667e-05
2023-06-02,7.640666666666667e-05
2023-06-03,6.269e-05
2023-06-04,5.235e-05
2023-06-05,3.369e-05
2023-06-06,1.2946666666666664e-05
2023-06-07,7.552666666666668e-05
2023-06-08,6.098666666666668e-05
2023-06-09,5.2136666666666665e-05
2023-06-10,4.403333333333333e-05
2023-06-11,3.4886666666666666e-05
2023-06-12,6.686000000000001e-05
2023-06-13,5.943e-05
2023-06-14,4.4829999999999996e-05
2023-06-15,-4.224666666666666e-05
2023-06-16,-4.832666666666667e-05
2023-06-17,5.522e-05
2023-06-18,1.2373333333333332e-05
2023-06-19,3.9983333333333334e-05
2023-06-20,1.1806666666666665e-05
2023-06-21,3.5940000000000005e-05
2023-06-22,0.0001
2023-06-23,8.096e-05
2023-06-24,7.804666666666667e-05
2023-06-25,0.0001
2023-06-26,8.063666666666667e-05
2023-06-27,3.9659999999999996e-05
2023-06-28,5.358333333333333e-05
2023-06-29,4.228333333333334e-05
2023-06-30,7.988333333333333e-05
2023-07-01,0.0001
2023-07-02,0.0001
2023-07-03,0.0001
2023-07-04,0.0001
2023-07-05,0.0001
2023-07-06,7.592666666666667e-05
2023-07-07,4.4653333333333335e-05
2023-07-08,1.572666666666667e-05
2023-07-09,3.0946666666666666e-05
2023-07-10,4.809666666666666e-05
2023-07-11,6.576333333333333e-05
2023-07-12,8.536666666666666e-05
2023-07-13,7.299999999999993e-07
2023-07-14,0.0001
2023-07-15,5.590333333333334e-05
2023-07-16,4.7846666666666664e-05
2023-07-17,3.0283333333333332e-05
2023-07-18,7.465333333333333e-05
2023-07-19,8.566333333333334e-05
2023-07-20,6.325333333333333e-05
2023-07-21,3.215666666666667e-05
2023-07-22,2.3343333333333334e-05
2023-07-23,3.464333333333333e-05
2023-07-24,5.695666666666666e-05
2023-07-25,8.626333333333333e-05
2023-07-26,8.565999999999999e-05
2023-07-27,7.370666666666667e-05
2023-07-28,6.572666666666666e-05
2023-07-29,7.161666666666667e-05
2023-07-30,5.211666666666667e-05
2023-07-31,1.4799999999999999e-05
2023-08-01,7.012666666666668e-05
2023-08-02,0.0001
2023-08-03,0.0001
2023-08-04,8.276666666666667e-05
2023-08-05,8.693666666666666e-05
2023-08-06,7.295e-05
2023-08-07,9.777000000000001e-05
2023-08-08,7.212333333333333e-05
2023-08-09,6.091333333333333e-05
2023-08-10,9.198333333333334e-05
2023-08-11,2.8566666666666665e-05
2023-08-12,5.852666666666666e-05
2023-08-13,6.063666666666667e-05
2023-08-14,9.960666666666666e-05
2023-08-15,8.794e-05
2023-08-16,8.924333333333333e-05
2023-08-17,8.190666666666667e-05
2023-08-18,-1.9816666666666666e-05
2023-08-19,-6.93e-05
2023-08-20,-7.387333333333334e-05
2023-08-21,-2.594333333333333e-05
2023-08-22,-2.2213333333333333e-05
2023-08-23,-6.283333333333334e-06
2023-08-24,-6.5e-07
2023-08-25,-1.241e-05
2023-08-26,-9.326666666666667e-06
2023-08-27,1.5433333333333334e-05
2023-08-28,2.376666666666667e-06
2023-08-29,-2.8153333333333337e-05
2023-08-30,6.460333333333334e-05
2023-08-31,3.9859999999999994e-05
2023-09-01,1.3923333333333334e-05
2023-09-02,-7.033333333333334e-07
2023-09-03,-5.686666666666665e-06
2023-09-04,-2.282333333333334e-05
2023-09-05,1.4643333333333334e-05
2023-09-06,1.8123333333333333e-05
2023-09-07,5.562333333333333e-05
2023-09-08,3.592666666666667e-05
2023-09-09,4.1563333333333336e-05
2023-09-10,2.0830000000000002e-05
2023-09-11,3.32e-05
2023-09-12,-2.602e-05
2023-09-13,8.713333333333333e-06
2023-09-14,-3.4266666666666655e-06
2023-09-15,7.100000000000003e-06
2023-09-16,3.718e-05
2023-09-17,1.8376666666666666e-05
2023-09-18,1.654333333333333e-05
2023-09-19,-4.6433333333333335e-06
2023-09-20,3.3033333333333334e-05
2023-09-21,3.6070000000000005e-05
2023-09-22,2.8763333333333333e-05
2023-09-23,2.7003333333333333e-05
2023-09-24,2.368e-05
2023-09-25,4.097333333333333e-05
2023-09-26,4.5673333333333335e-05
2023-09-27,5.2163333333333336e-05
2023-09-28,2.4523333333333333e-05
2023-09-29,1.3493333333333333e-05
2023-09-30,-1.1266666666666672e-06
2023-10-01,1.0483333333333333e-05
2023-10-02,7.560000000000001e-05
2023-10-03,2.9513333333333334e-05
2023-10-04,2.6586666666666664e-05
2023-10-05,2.274e-05
2023-10-06,8.126e-05
2023-10-07,5.273e-05
2023-10-08,9.361666666666667e-05
2023-10-09,6.835666666666668e-05
2023-10-10,6.878666666666667e-05
2023-10-11,4.1246666666666666e-05
2023-10-12,4.6093333333333335e-05
2023-10-13,3.2863333333333334e-05
2023-10-14,3.608666666666667e-05
2023-10-15,4.799333333333333e-05
2023-10-16,5.995e-05
2023-10-17,3.752e-05
2023-10-18,4.609000000000001e-05
2023-10-19,4.3603333333333337e-05
2023-10-20,5.617333333333334e-05
2023-10-21,3.4693333333333335e-05
2023-10-22,3.602e-05
2023-10-23,4.2460000000000003e-05
2023-10-24,0.0001
2023-10-25,0.0001
2023-10-26,0.0001
2023-10-27,0.0001
2023-10-28,0.0001
2023-10-29,0.0001
2023-10-30,0.0001
2023-10-31,0.0001
2023-11-01,0.0001
2023-11-02,0.00019114
2023-11-03,0.0001
2023-11-04,0.0001
2023-11-05,0.0001
2023-11-06,0.0001
2023-11-07,0.0001
2023-11-08,0.0001
2023-11-09,0.00030377000000000003
2023-11-10,0.00027204333333333334
2023-11-11,0.00018141333333333333
2023-11-12,0.00016874666666666667
2023-11-13,0.0002620333333333333
2023-11-14,0.00014150333333333334
2023-11-15,0.0001
2023-11-16,0.0001
2023-11-17,0.0001
2023-11-18,0.0001
2023-11-19,0.0001
2023-11-20,0.0001
2023-11-21,0.0001
2023-11-22,0.0001
2023-11-23,0.0001
2023-11-24,0.0001
2023-11-25,0.0001
2023-11-26,0.0001
2023-11-27,0.0001
2023-11-28,0.0001
2023-11-29,0.0001
2023-11-30,0.0001
2023-12-01,0.0001
2023-12-02,0.0001
2023-12-03,0.0001
2023-12-04,0.0001
2023-12-05,0.0001
2023-12-06,0.0001
2023-12-07,0.0001
2023-12-08,0.00015169666666666666
2023-12-09,0.00029101999999999996
2023-12-10,0.00018481333333333333
2023-12-11,0.00014704
2023-12-12,0.0001
2023-12-13,0.00012817333333333333
2023-12-14,0.0001
2023-12-15,0.00010139666666666667
2023-12-16,0.0001
2023-12-17,0.00010467333333333334
2023-12-18,0.00011694333333333333
2023-12-19,0.0001
2023-12-20,0.00014384666666666666
2023-12-21,0.00031595666666666664
2023-12-22,0.0004621133333333333
2023-12-23,0.00016357
2023-12-24,0.00018314666666666667
2023-12-25,0.0002639533333333333
2023-12-26,0.0003881333333333333
2023-12-27,0.00040519
2023-12-28,0.00044753333333333333
2023-12-29,0.0004704333333333333
2023-12-30,0.00028403666666666663
2023-12-31,0.00027053
2024-01-01,0.00033988333333333335
2024-01-02,0.0005618200000000001
2024-01-03,0.00020974
2024-01-04,0.0001
2024-01-05,0.0001
2024-01-06,0.0001
2024-01-07,0.0001
2024-01-08,0.0001
2024-01-09,0.0001
2024-01-10,0.0001
2024-01-11,0.0001
2024-01-12,0.0001
2024-01-13,0.0001
2024-01-14,0.0001
2024-01-15,0.0001
2024-01-16,0.0001
2024-01-17,0.0001
2024-01-18,0.0001
2024-01-19,0.0001
2024-01-20,0.0001
2024-01-21,0.0001
2024-01-22,0.0001
2024-01-23,0.0001
2024-01-24,0.0001
2024-01-25,0.0001
2024-01-26,0.0001
2024-01-27,8.959e-05
2024-01-28,6.986e-05
2024-01-29,0.0001
2024-01-30,8.731666666666667e-05
2024-01-31,0.0001
2024-02-01,7.799333333333333e-05
2024-02-02,7.892666666666668e-05
2024-02-03,7.541999999999999e-05
2024-02-04,7.424666666666666e-05
2024-02-05,0.0001
2024-02-06,8.563666666666667e-05
2024-02-07,5.617e-05
2024-02-08,9.108333333333333e-05
2024-02-09,9.250666666666667e-05
2024-02-10,9.149333333333333e-05
2024-02-11,8.264e-05
2024-02-12,8.349000000000002e-05
2024-02-13,0.0001
2024-02-14,0.00011027333333333334
2024-02-15,0.00012516
2024-02-16,0.00010907333333333334
2024-02-17,0.00011173
2024-02-18,0.00010379999999999999
2024-02-19,0.0001
2024-02-20,0.00020643666666666667
2024-02-21,0.00014040333333333334
2024-02-22,0.0001
2024-02-23,0.0001
2024-02-24,0.0001
2024-02-25,0.00018988666666666667
2024-02-26,0.00032642
2024-02-27,0.00041659333333333325
2024-02-28,0.00036382666666666673
2024-02-29,0.0007056066666666668
2024-03-01,0.00048194
2024-03-02,0.00053896
2024-03-03,0.0003826466666666667
2024-03-04,0.00040321333333333335
2024-03-05,0.00074303
2024-03-06,0.00033151
2024-03-07,0.00039695333333333334
2024-03-08,0.00049913
2024-03-09,0.00035076333333333335
2024-03-10,0.0003796033333333334
2024-03-11,0.00053633
2024-03-12,0.00051318
2024-03-13,0.0005044866666666667
2024-03-14,0.00042192333333333337
2024-03-15,0.00032333
2024-03-16,0.0002508666666666667
2024-03-17,0.00018532
2024-03-18,0.00024435
2024-03-19,0.00021642666666666667
2024-03-20,0.00012032
2024-03-21,0.00017007
2024-03-22,0.00020728
2024-03-23,0.00012305666666666666
2024-03-24,0.00015948333333333332
2024-03-25,0.0001806966666666667
2024-03-26,0.0002775666666666667
2024-03-27,0.00027211333333333336
2024-03-28,0.0003716766666666666
2024-03-29,0.0003392533333333333
2024-03-30,0.00031415333333333333
2024-03-31,0.0005003966666666666
2024-04-01,0.00038689666666666666
2024-04-02,0.00012558666666666668
2024-04-03,0.0001
2024-04-04,0.0001
2024-04-05,0.0001
2024-04-06,0.00012244
2024-04-07,0.0001
2024-04-08,0.0001729866666666667
2024-04-09,0.00016743
2024-04-10,0.00015783
2024-04-11,0.00011827666666666666
2024-04-12,0.0001
2024-04-13,0.0001
2024-04-14,0.0001
2024-04-15,8.097666666666667e-05
2024-04-16,7.407e-05
2024-04-17,3.6026666666666665e-05
2024-04-18,4.036e-05
2024-04-19,5.964333333333333e-05
2024-04-20,5.833333333333333e-05
2024-04-21,3.109e-05
2024-04-22,2.117e-05
2024-04-23,2.9333333333333333e-05
2024-04-24,3.818e-05
2024-04-25,4.057333333333333e-05
2024-04-26,3.353333333333333e-05
2024-04-27,6.460333333333333e-05
2024-04-28,8.631333333333333e-05
2024-04-29,8.265666666666667e-05
2024-04-30,6.264666666666666e-05
2024-05-01,4.7006666666666665e-05
2024-05-02,5.750000000000001e-05
2024-05-03,3.2193333333333336e-05
2024-05-04,6.585333333333333e-05
2024-05-05,7.939999999999999e-05
2024-05-06,8.198e-05
2024-05-07,6.116e-05
2024-05-08,8.333333333333333e-05
2024-05-09,0.0001
2024-05-10,8.059e-05
2024-05-11,7.594999999999999e-05
2024-05-12,7.180999999999999e-05
2024-05-13,8.609666666666667e-05
2024-05-14,9.088e-05
2024-05-15,9.111e-05
2024-05-16,7.284666666666667e-05
2024-05-17,6.062666666666666e-05
2024-05-18,6.253e-05
2024-05-19,6.554666666666667e-05
2024-05-20,5.410333333333333e-05
2024-05-21,0.00013134666666666668
2024-05-22,0.00012547
2024-05-23,0.0001
2024-05-24,0.0001
2024-05-25,0.0001
2024-05-26,0.0001
2024-05-27,0.0001
2024-05-28,0.0001073
2024-05-29,0.00015061666666666668
2024-05-30,0.00019421666666666665
2024-05-31,0.00011037333333333334
2024-06-01,0.00013899
2024-06-02,0.00011898333333333333
2024-06-03,0.0001377333333333333
2024-06-04,0.00010266666666666666
2024-06-05,0.00012542666666666666
2024-06-06,0.00018259333333333334
2024-06-07,0.00015454
2024-06-08,0.0001
2024-06-09,0.0001
2024-06-10,0.0001
2024-06-11,0.0001
2024-06-12,0.0001
2024-06-13,0.0001
2024-06-14,0.0001
2024-06-15,0.0001
2024-06-16,0.0001
2024-06-17,9.712333333333333e-05
2024-06-18,6.898666666666667e-05
2024-06-19,8.707333333333333e-05
2024-06-20,6.519e-05
2024-06-21,4.283e-05
2024-06-22,4.771666666666666e-05
2024-06-23,4.965000000000001e-05
2024-06-24,8.360666666666667e-05
2024-06-25,0.0001
2024-06-26,0.0001
2024-06-27,0.0001
2024-06-28,0.0001
2024-06-29,0.0001
2024-06-30,0.0001
2024-07-01,0.0001
2024-07-02,0.0001
2024-07-03,0.0001
2024-07-04,0.0001
2024-07-05,8.157666666666667e-05
2024-07-06,7.150333333333333e-05
2024-07-07,6.0893333333333335e-05
2024-07-08,7.593333333333334e-05
2024-07-09,4.837666666666666e-05
2024-07-10,5.1529999999999996e-05
2024-07-11,6.180333333333334e-05
2024-07-12,7.294666666666666e-05
2024-07-13,9.194666666666667e-05
2024-07-14,6.515333333333334e-05
2024-07-15,6.128666666666666e-05
2024-07-16,6.279e-05
2024-07-17,6.667e-05
2024-07-18,6.654666666666666e-05
2024-07-19,7.513333333333333e-05
2024-07-20,5.437333333333333e-05
2024-07-21,6.081666666666667e-05
2024-07-22,6.812e-05
2024-07-23,8.935000000000002e-05
2024-07-24,7.655666666666667e-05
2024-07-25,4.4613333333333335e-05
2024-07-26,4.033333333333333e-05
2024-07-27,4.0839999999999995e-05
2024-07-28,0.0001
2024-07-29,9.391333333333333e-05
2024-07-30,0.0001
2024-07-31,0.0001
2024-08-01,8.657666666666667e-05
2024-08-02,6.399e-05
2024-08-03,5.411e-05
2024-08-04,4.2103333333333334e-05
2024-08-05,-2.6413333333333337e-05
2024-08-06,-4.684333333333334e-05
2024-08-07,-3.1146666666666664e-05
2024-08-08,-2.9656666666666667e-05
2024-08-09,8.66e-06
2024-08-10,2.8966666666666676e-06
2024-08-11,1.4566666666666666e-06
2024-08-12,4.745666666666667e-05
2024-08-13,-8.920000000000001e-06
2024-08-14,8.633333333333336e-07
2024-08-15,4.4936666666666666e-05
2024-08-16,1.4286666666666667e-05
2024-08-17,-1.1693333333333332e-05
2024-08-18,-1.3553333333333331e-05
2024-08-19,-1.4436666666666668e-05
2024-08-20,7.333333333333331e-07
2024-08-21,2.5916666666666665e-05
2024-08-22,1.536e-05
2024-08-23,4.1666666666666665e-05
2024-08-24,1.5666666666666685e-07
2024-08-25,8.336666666666666e-06
2024-08-26,4.720333333333333e-05
2024-08-27,7.32e-05
2024-08-28,-1.8003333333333334e-05
2024-08-29,3.21e-06
2024-08-30,3.335e-05
2024-08-31,7.674666666666667e-05
2024-09-01,4.6513333333333334e-05
2024-09-02,2.8539999999999998e-05
2024-09-03,5.256333333333333e-05
2024-09-04,4.259333333333333e-05
2024-09-05,3.371666666666666e-05
2024-09-06,4.1800000000000006e-05
2024-09-07,7.853333333333333e-06
2024-09-08,3.4263333333333334e-05
2024-09-09,8.986666666666666e-06
2024-09-10,-7.143333333333334e-06
2024-09-11,8.306666666666666e-06
2024-09-12,2.0739999999999998e-05
2024-09-13,4.789e-05
2024-09-14,1.8833333333333334e-06
2024-09-15,1.073e-05
2024-09-16,-1.621e-05
2024-09-17,5.298333333333333e-05
2024-09-18,3.398333333333333e-05
2024-09-19,6.128e-05
2024-09-20,9.911333333333333e-05
2024-09-21,5.956333333333334e-05
2024-09-22,6.698e-05
2024-09-23,5.2816666666666665e-05
2024-09-24,4.46e-05
2024-09-25,3.901666666666667e-05
2024-09-26,8.537333333333333e-05
2024-09-27,7.865e-05
2024-09-28,7.797666666666667e-05
2024-09-29,6.317999999999999e-05
2024-09-30,8.260333333333333e-05
2024-10-01,9.465666666666668e-05
2024-10-02,8.953e-05
2024-10-03,3.721e-05
2024-10-04,4.2590000000000004e-05
2024-10-05,7.789e-05
2024-10-06,5.866333333333333e-05
2024-10-07,5.076666666666667e-05
2024-10-08,8.323e-05
2024-10-09,7.88e-05
2024-10-10,8.887666666666668e-05
2024-10-11,8.483666666666667e-05
2024-10-12,7.265e-05
2024-10-13,4.549666666666666e-05
2024-10-14,8.853000000000001e-05
2024-10-15,0.0001
2024-10-16,0.0001
2024-10-17,0.0001
2024-10-18,0.0001
2024-10-19,0.0001
2024-10-20,0.0001
2024-10-21,0.0001
2024-10-22,0.0001
2024-10-23,0.0001
2024-10-24,0.0001
2024-10-25,0.0001
2024-10-26,0.0001
2024-10-27,0.0001
2024-10-28,0.0001
2024-10-29,0.0001
2024-10-30,0.0001
2024-10-31,0.0001
2024-11-01,0.0001
2024-11-02,0.0001
2024-11-03,0.0001
2024-11-04,0.0001
2024-11-05,0.0001
2024-11-06,9.837000000000001e-05
2024-11-07,0.00011628333333333333
2024-11-08,0.0001
2024-11-09,0.0001
2024-11-10,0.00015569333333333334
2024-11-11,0.00021694666666666665
2024-11-12,0.00040436000000000004
2024-11-13,0.00020018999999999997
2024-11-14,0.00010193333333333334
2024-11-15,0.00012080333333333334
2024-11-16,0.00013188666666666667
2024-11-17,0.00013228333333333334
2024-11-18,0.00023759333333333332
2024-11-19,0.0002568166666666667
2024-11-20,0.00016831
2024-11-21,0.00013382000000000002
2024-11-22,0.00028501333333333335
2024-11-23,0.0002822233333333334
2024-11-24,0.00025998666666666667
2024-11-25,0.00024330333333333332
2024-11-26,0.00018313333333333333
2024-11-27,0.00019223000000000002
2024-11-28,0.00014139333333333334
2024-11-29,0.00011784666666666666
2024-11-30,0.0001808733333333333
2024-12-01,0.00013554666666666667
2024-12-02,0.00031274666666666667
2024-12-03,0.0002515
2024-12-04,0.00018157666666666667
2024-12-05,0.00034770333333333336
2024-12-06,0.00022061333333333333
2024-12-07,0.00025996
2024-12-08,0.00021126333333333332
2024-12-09,0.00014564333333333334
2024-12-10,0.0001
2024-12-11,0.0001
2024-12-12,0.0001
2024-12-13,0.0001
2024-12-14,0.0001
2024-12-15,9.801333333333335e-05
2024-12-16,9.554000000000001e-05
2024-12-17,0.0001
2024-12-18,9.348666666666667e-05
2024-12-19,6.971666666666668e-05
2024-12-20,0.0001
2024-12-21,8.784e-05
2024-12-22,8.456666666666666e-05
2024-12-23,6.586e-05
2024-12-24,6.959333333333334e-05
2024-12-25,4.0860000000000005e-05
2024-12-26,8.768333333333334e-05
2024-12-27,7.925666666666667e-05
2024-12-28,9.778666666666667e-05
2024-12-29,6.857333333333333e-05
2024-12-30,0.0001
2024-12-31,9.504666666666668e-05
2025-01-01,0.0001
2025-01-02,0.0001
2025-01-03,0.0001
2025-01-04,0.0001
2025-01-05,0.0001
2025-01-06,0.0001
2025-01-07,0.0001
2025-01-08,9.886e-05
2025-01-09,8.869666666666667e-05
2025-01-10,7.911666666666666e-05
2025-01-11,7.408000000000001e-05
2025-01-12,9.378000000000001e-05
2025-01-13,7.581666666666666e-05
2025-01-14,6.842333333333334e-05
2025-01-15,5.2900000000000005e-05
2025-01-16,7.862e-05
2025-01-17,0.0001
2025-01-18,0.0001
2025-01-19,0.0001
2025-01-20,0.0001
2025-01-21,0.0001
2025-01-22,0.0001
2025-01-23,0.0001
2025-01-24,0.0001
2025-01-25,7.459666666666667e-05
2025-01-26,7.745666666666667e-05
2025-01-27,2.2383333333333336e-05
2025-01-28,6.65e-05
2025-01-29,8.417666666666667e-05
2025-01-30,6.447333333333334e-05
2025-01-31,9.128000000000001e-05
2025-02-01,7.248999999999999e-05
2025-02-02,6.736333333333333e-05
2025-02-03,-0.00012847
2025-02-04,-5.9199999999999996e-05
2025-02-05,-1.6596666666666666e-05
2025-02-06,-1.1143333333333334e-05
2025-02-07,1.3823333333333334e-05
2025-02-08,4.856e-05
2025-02-09,3.378333333333333e-05
2025-02-10,4.4603333333333334e-05
2025-02-11,8.173333333333334e-06
2025-02-12,5.969333333333333e-05
2025-02-13,6.855666666666667e-05
2025-02-14,5.4383333333333325e-05
2025-02-15,3.017e-05
2025-02-16,4.526333333333333e-05
2025-02-17,6.419666666666666e-05
2025-02-18,2.862666666666667e-05
2025-02-19,5.1406666666666664e-05
2025-02-20,3.942333333333333e-05
2025-02-21,4.808666666666667e-05
2025-02-22,1.745666666666667e-05
2025-02-23,4.578333333333333e-05
2025-02-24,3.711e-05
2025-02-25,-6.833333333333319e-07
2025-02-26,3.798666666666667e-05
2025-02-27,7.847333333333333e-05
2025-02-28,2.188e-05
2025-03-01,9.543333333333334e-06
2025-03-02,5.165333333333333e-05
2025-03-03,9.66e-06
2025-03-04,-2.6220000000000003e-05
2025-03-05,5.367333333333333e-05
2025-03-06,9.243333333333333e-06
2025-03-07,2.0093333333333333e-05
2025-03-08,4.5736666666666665e-05
2025-03-09,3.4983333333333334e-05
2025-03-10,5.863333333333332e-06
2025-03-11,1.8936666666666668e-05
2025-03-12,-2.1133333333333336e-06
2025-03-13,2.381333333333333e-05
2025-03-14,5.3206666666666667e-05
2025-03-15,3.2063333333333335e-05
2025-03-16,-2.7883333333333335e-05
2025-03-17,3.807666666666667e-05
2025-03-18,3.6276666666666664e-05
2025-03-19,7.215e-05
2025-03-20,-3.36e-06
2025-03-21,4.865666666666667e-05
2025-03-22,-4.773333333333331e-06
2025-03-23,2.423333333333333e-05
2025-03-24,3.7449999999999995e-05
2025-03-25,2.5723333333333335e-05
2025-03-26,6.0500000000000005e-06
2025-03-27,5.032e-05
2025-03-28,8.486666666666666e-06
2025-03-29,2.7743333333333333e-05
2025-03-30,-6.266666666666666e-06
2025-03-31,1.4486666666666666e-05
2025-04-01,1.8463333333333333e-05
2025-04-02,2.631e-05
2025-04-03,1.712e-05
2025-04-04,2.7959999999999997e-05
2025-04-05,2.4459999999999996e-05
2025-04-06,1.809e-05
2025-04-07,-2.7333333333333335e-05
2025-04-08,-2.3733333333333336e-06
2025-04-09,-3.275e-05
2025-04-10,4.3213333333333335e-05
2025-04-11,-2.4120000000000003e-05
2025-04-12,1.4423333333333333e-05
2025-04-13,6.0593333333333335e-05
2025-04-14,6.228e-05
2025-04-15,1.5689999999999997e-05
2025-04-16,-3.933333333333334e-06
2025-04-17,2.6240000000000003e-05
2025-04-18,-6.2333333333333335e-06
2025-04-19,4.549000000000001e-05
2025-04-20,2.7103333333333332e-05
2025-04-21,5.964333333333333e-05
2025-04-22,1.5090000000000001e-05
2025-04-23,8.765e-05
2025-04-24,5.949666666666667e-05
2025-04-25,4.2619999999999995e-05
2025-04-26,-4.803333333333334e-06
2025-04-27,-1.6513333333333333e-05
2025-04-28,-4.417333333333334e-05
2025-04-29,4.225e-05
2025-04-30,-4.178666666666667e-05
2025-05-01,3.551e-05
2025-05-02,-2.3253333333333337e-05
2025-05-03,2.852666666666667e-05
2025-05-04,2.4423333333333337e-05
2025-05-05,1.1243333333333333e-05
2025-05-06,4.913333333333335e-06
2025-05-07,3.724333333333333e-05
2025-05-08,7.760333333333334e-05
2025-05-09,0.0001
2025-05-10,9.604333333333334e-05
2025-05-11,6.600333333333333e-05
2025-05-12,7.601666666666667e-05
2025-05-13,8.744333333333334e-05
2025-05-14,6.739e-05
2025-05-15,8.566e-05
2025-05-16,8.001e-05
2025-05-17,9.996666666666667e-06
2025-05-18,3.4683333333333334e-05
2025-05-19,3.595666666666667e-05
2025-05-20,5.331333333333333e-05
2025-05-21,4.549333333333334e-05
2025-05-22,7.047000000000001e-05
2025-05-23,6.424666666666666e-05
2025-05-24,5.382333333333334e-05
2025-05-25,6.092666666666667e-05
2025-05-26,4.3809999999999996e-05
2025-05-27,8.008666666666667e-05
2025-05-28,0.0001
2025-05-29,9.440333333333333e-05
2025-05-30,7.725333333333333e-05
2025-05-31,4.7273333333333334e-05
2025-06-01,4.945333333333333e-05
2025-06-02,5.184e-05
2025-06-03,4.909e-05
2025-06-04,6.636666666666668e-05
2025-06-05,5.7543333333333335e-05
2025-06-06,1.3933333333333333e-05
2025-06-07,6.969333333333333e-05
2025-06-08,8.072333333333333e-05
2025-06-09,4.2663333333333335e-05
2025-06-10,0.0001
2025-06-11,0.0001
2025-06-12,7.123e-05
2025-06-13,-1.1933333333333343e-06
2025-06-14,2.324666666666667e-05
2025-06-15,5.7950000000000006e-05
2025-06-16,5.8643333333333335e-05
2025-06-17,4.884e-05
2025-06-18,4.9833333333333336e-05
2025-06-19,5.026333333333333e-05
2025-06-20,6.566e-05
2025-06-21,-4.526666666666668e-06
2025-06-22,7.183333333333334e-06
2025-06-23,3.393333333333333e-06
2025-06-24,1.258e-05
2025-06-25,1.1300000000000004e-06
2025-06-26,3.906666666666666e-05
2025-06-27,2.1436666666666668e-05
2025-06-28,4.3683333333333336e-05
2025-06-29,4.998333333333334e-05
2025-06-30,4.871666666666667e-05
2025-07-01,2.7676666666666665e-05
2025-07-02,4.017333333333334e-05
2025-07-03,8.072666666666667e-05
2025-07-04,3.5543333333333336e-05
2025-07-05,3.635333333333333e-05
2025-07-06,6.213666666666667e-05
2025-07-07,5.6630000000000005e-05
2025-07-08,5.6139999999999994e-05
2025-07-09,5.980666666666667e-05
2025-07-10,5.331666666666667e-05
2025-07-11,0.0001
2025-07-12,7.274e-05
2025-07-13,5.254333333333334e-05
2025-07-14,6.999333333333334e-05
2025-07-15,8.711333333333332e-05
2025-07-16,0.0001
2025-07-17,0.0001
2025-07-18,0.0001
2025-07-19,0.0001
2025-07-20,0.0001
2025-07-21,0.0001
2025-07-22,0.0001
2025-07-23,0.0001
2025-07-24,0.0001
2025-07-25,0.0001
2025-07-26,0.0001
2025-07-27,9.400333333333334e-05
2025-07-28,0.0001
2025-07-29,8.164666666666668e-05
2025-07-30,3.037e-05
2025-07-31,4.660666666666667e-05
2025-08-01,7.409999999999999e-06
2025-08-02,4.805666666666666e-05
2025-08-03,5.4173333333333325e-05
2025-08-04,2.1476666666666667e-05
2025-08-05,1.5443333333333332e-05
2025-08-06,5.619666666666666e-05
2025-08-07,6.837333333333332e-05
2025-08-08,8.086666666666668e-05
2025-08-09,0.0001
2025-08-10,9.972000000000001e-05
2025-08-11,9.409e-05
2025-08-12,7.886333333333334e-05
2025-08-13,0.0001
2025-08-14,0.0001
2025-08-15,8.746333333333333e-05
2025-08-16,5.641666666666667e-05
2025-08-17,3.1116666666666666e-05
2025-08-18,6.260666666666667e-05
2025-08-19,0.0001
2025-08-20,6.462666666666667e-05
2025-08-21,4.9183333333333334e-05
2025-08-22,6.35e-05
2025-08-23,0.0001
2025-08-24,0.0001
2025-08-25,3.743666666666667e-05
2025-08-26,4.5666666666666664e-06
2025-08-27,1.7553333333333334e-05
2025-08-28,3.594333333333333e-05
2025-08-29,2.735e-05
2025-08-30,2.370333333333333e-05
2025-08-31,9.996666666666667e-06
2025-09-01,-1.0973333333333334e-05
2025-09-02,2.981666666666667e-05
2025-09-03,1.625e-05
2025-09-04,-7.426666666666667e-06
2025-09-05,-2.0433333333333333e-05
2025-09-06,1.970666666666667e-05
2025-09-07,6.0729999999999996e-05
2025-09-08,4.567000000000001e-05
2025-09-09,7.117e-05
2025-09-10,8.325333333333334e-05
2025-09-11,6.614e-05
2025-09-12,8.285999999999999e-05
2025-09-13,9.938333333333334e-05
2025-09-14,4.7449999999999995e-05
2025-09-15,5.8439999999999996e-05
2025-09-16,3.701e-05
2025-09-17,4.061e-05
2025-09-18,3.804333333333333e-05
2025-09-19,1.7233333333333333e-06
2025-09-20,-2.579999999999999e-06
2025-09-21,1.8316666666666664e-05
2025-09-22,-6.87e-06
2025-09-23,1.0706666666666665e-05
2025-09-24,-6.413333333333333e-06
2025-09-25,-2.2373333333333335e-05
2025-09-26,5.650999999999999e-05
2025-09-27,4.2596666666666665e-05
2025-09-28,6.801333333333333e-05
2025-09-29,1.288e-05
2025-09-30,2.6999999999999996e-07
2025-10-01,8.433333333333338e-07
2025-10-02,2.751e-05
2025-10-03,4.946e-05
2025-10-04,3.6983333333333336e-05
2025-10-05,8.489666666666668e-05
2025-10-06,9.298e-05
2025-10-07,0.0001
2025-10-08,2.851e-05
2025-10-09,3.0463333333333334e-05
2025-10-10,-2.3666666666666609e-07
2025-10-11,-1.0889999999999994e-05
2025-10-12,-3.563e-05
2025-10-13,2.622e-05
2025-10-14,2.8823333333333336e-05
2025-10-15,2.7260000000000003e-05
2025-10-16,2.9466666666666667e-06
2025-10-17,3.982333333333333e-05
2025-10-18,3.0063333333333334e-05
2025-10-19,3.951333333333333e-05
2025-10-20,4.631e-05
2025-10-21,3.7670000000000004e-05
2025-10-22,6.976666666666667e-06
2025-10-23,3.295666666666667e-05
