date,bitcoin,ethereum,crypto
2020-01-01,60,77,69
2020-01-02,68,92,87
2020-01-03,78,91,86
2020-01-04,68,74,81
2020-01-05,69,86,83
2020-01-06,80,91,93
2020-01-07,94,100,100
2020-01-08,100,99,92
2020-01-09,80,69,68
2020-01-10,78,64,70
2020-01-11,73,64,65
2020-01-12,65,63,62
2020-01-13,71,68,69
2020-01-14,100,100,92
2020-01-15,99,99,100
2020-01-16,84,74,86
2020-01-17,86,100,81
2020-01-18,81,91,78
2020-01-19,88,81,72
2020-01-20,80,71,77
2020-01-21,75,69,80
2020-01-22,74,69,79
2020-01-23,79,77,95
2020-01-24,73,72,84
2020-01-25,68,62,76
2020-01-26,65,70,74
2020-01-27,82,84,89
2020-01-28,92,85,100
2020-01-29,100,100,98
2020-01-30,96,88,92
2020-01-31,88,80,89
2020-02-01,80,69,80
2020-02-02,78,83,86
2020-02-03,78,83,88
2020-02-04,85,80,97
2020-02-05,94,100,100
2020-02-06,84,61,56
2020-02-07,78,66,50
2020-02-08,77,61,46
2020-02-09,96,59,53
2020-02-10,87,57,54
2020-02-11,87,62,70
2020-02-12,100,100,100
2020-02-13,93,88,78
2020-02-14,80,77,64
2020-02-15,80,79,67
2020-02-16,78,67,62
2020-02-17,84,67,59
2020-02-18,79,65,65
2020-02-19,83,66,62
2020-02-20,94,88,94
2020-02-21,86,77,78
2020-02-22,73,69,73
2020-02-23,76,75,75
2020-02-24,89,80,86
2020-02-25,87,74,96
2020-02-26,100,82,86
2020-02-27,93,94,89
2020-02-28,97,85,85
2020-02-29,83,69,78
2020-03-01,78,70,81
2020-03-02,88,80,86
2020-03-03,83,77,91
2020-03-04,86,73,100
2020-03-05,64,75,95
2020-03-06,60,79,88
2020-03-07,51,75,89
2020-03-08,58,77,91
2020-03-09,100,100,98
2020-03-10,76,83,87
2020-03-11,65,75,81
2020-03-12,73,87,100
2020-03-13,100,100,99
2020-03-14,63,71,84
2020-03-15,55,64,74
2020-03-16,70,75,79
2020-03-17,58,64,73
2020-03-18,54,61,74
2020-03-19,100,95,100
2020-03-20,98,100,98
2020-03-21,87,82,89
2020-03-22,74,76,86
2020-03-23,83,76,89
2020-03-24,80,79,92
2020-03-25,73,73,88
2020-03-26,92,95,97
2020-03-27,88,89,98
2020-03-28,90,91,100
2020-03-29,88,86,98
2020-03-30,88,95,93
2020-03-31,81,85,99
2020-04-01,81,89,98
2020-04-02,99,71,76
2020-04-03,89,72,73
2020-04-04,83,64,76
2020-04-05,82,60,72
2020-04-06,97,93,84
2020-04-07,100,100,84
2020-04-08,90,84,100
2020-04-09,87,89,90
2020-04-10,100,92,100
2020-04-11,89,82,92
2020-04-12,90,89,83
2020-04-13,96,89,88
2020-04-14,91,84,82
2020-04-15,90,79,86
2020-04-16,100,78,87
2020-04-17,93,73,94
2020-04-18,97,94,100
2020-04-19,89,100,93
2020-04-20,94,83,92
2020-04-21,94,78,93
2020-04-22,91,77,93
2020-04-23,68,70,85
2020-04-24,67,65,79
2020-04-25,62,81,88
2020-04-26,65,86,93
2020-04-27,66,79,87
2020-04-28,68,71,87
2020-04-29,100,100,100
2020-04-30,100,100,94
2020-05-01,81,78,91
2020-05-02,76,80,98
2020-05-03,79,79,90
2020-05-04,75,76,90
2020-05-05,72,72,89
2020-05-06,79,73,90
2020-05-07,70,86,82
2020-05-08,79,87,89
2020-05-09,65,85,84
2020-05-10,85,100,100
2020-05-11,100,81,83
2020-05-12,76,83,79
2020-05-13,61,79,81
2020-05-14,100,97,94
2020-05-15,84,87,88
2020-05-16,75,82,96
2020-05-17,74,100,100
2020-05-18,76,97,97
2020-05-19,70,89,90
2020-05-20,68,86,88
2020-05-21,100,99,93
2020-05-22,94,97,100
2020-05-23,84,87,99
2020-05-24,84,97,98
2020-05-25,90,94,95
2020-05-26,89,93,99
2020-05-27,86,88,92
2020-05-28,80,62,94
2020-05-29,77,67,89
2020-05-30,72,100,97
2020-05-31,74,93,100
2020-06-01,70,78,86
2020-06-02,100,96,96
2020-06-03,79,76,87
2020-06-04,98,96,100
2020-06-05,95,93,85
2020-06-06,84,88,87
2020-06-07,89,88,93
2020-06-08,87,89,93
2020-06-09,89,95,90
2020-06-10,89,90,100
2020-06-11,100,100,89
2020-06-12,91,89,86
2020-06-13,83,88,86
2020-06-14,80,85,83
2020-06-15,94,92,87
2020-06-16,91,90,90
2020-06-17,87,90,86
2020-06-18,96,83,100
2020-06-19,93,75,99
2020-06-20,85,76,90
2020-06-21,82,76,100
2020-06-22,94,88,100
2020-06-23,99,92,95
2020-06-24,97,100,100
2020-06-25,100,83,74
2020-06-26,99,89,100
2020-06-27,92,85,72
2020-06-28,100,92,70
2020-06-29,97,82,68
2020-06-30,93,84,70
2020-07-01,95,84,69
2020-07-02,96,80,77
2020-07-03,91,78,71
2020-07-04,85,74,73
2020-07-05,83,78,71
2020-07-06,91,80,75
2020-07-07,93,87,80
2020-07-08,100,100,100
2020-07-09,87,92,87
2020-07-10,83,86,77
2020-07-11,76,79,78
2020-07-12,74,81,84
2020-07-13,83,87,82
2020-07-14,88,84,88
2020-07-15,100,80,94
2020-07-16,91,91,92
2020-07-17,75,83,84
2020-07-18,100,88,87
2020-07-19,65,86,88
2020-07-20,64,89,90
2020-07-21,68,93,88
2020-07-22,65,100,93
2020-07-23,55,62,84
2020-07-24,58,62,81
2020-07-25,57,76,87
2020-07-26,68,88,96
2020-07-27,95,100,100
2020-07-28,100,75,99
2020-07-29,84,69,95
2020-07-30,77,48,79
2020-07-31,80,60,81
2020-08-01,100,85,95
2020-08-02,100,100,100
2020-08-03,85,75,90
2020-08-04,72,61,87
2020-08-05,81,63,83
2020-08-06,100,96,88
2020-08-07,96,85,88
2020-08-08,90,84,92
2020-08-09,89,77,100
2020-08-10,98,76,91
2020-08-11,93,73,93
2020-08-12,89,71,100
2020-08-13,84,68,81
2020-08-14,83,100,83
2020-08-15,80,90,81
2020-08-16,81,78,90
2020-08-17,100,80,100
2020-08-18,99,64,79
2020-08-19,85,65,77
2020-08-20,93,97,97
2020-08-21,90,91,100
2020-08-22,89,97,91
2020-08-23,83,90,92
2020-08-24,86,84,89
2020-08-25,91,86,92
2020-08-26,85,81,91
2020-08-27,99,55,96
2020-08-28,92,52,85
2020-08-29,83,52,86
2020-08-30,89,63,97
2020-08-31,90,64,90
2020-09-01,99,100,100
2020-09-02,100,90,98
2020-09-03,93,87,58
2020-09-04,100,79,61
2020-09-05,89,93,59
2020-09-06,86,90,53
2020-09-07,84,77,49
2020-09-08,82,65,46
2020-09-09,79,63,100
2020-09-10,94,100,46
2020-09-11,87,86,51
2020-09-12,85,84,50
2020-09-13,86,97,62
2020-09-14,94,87,50
2020-09-15,95,85,49
2020-09-16,95,81,47
2020-09-17,95,100,98
2020-09-18,88,91,95
2020-09-19,84,88,96
2020-09-20,85,88,100
2020-09-21,94,96,91
2020-09-22,90,89,99
2020-09-23,90,84,91
2020-09-24,99,97,91
2020-09-25,97,99,100
2020-09-26,90,95,89
2020-09-27,85,87,86
2020-09-28,91,91,87
2020-09-29,99,94,87
2020-09-30,87,77,87
2020-10-01,100,98,97
2020-10-02,98,100,97
2020-10-03,83,90,88
2020-10-04,87,94,86
2020-10-05,98,91,88
2020-10-06,99,93,100
2020-10-07,92,86,93
2020-10-08,86,82,100
2020-10-09,89,86,85
2020-10-10,96,98,91
2020-10-11,90,87,86
2020-10-12,100,100,89
2020-10-13,88,94,86
2020-10-14,95,85,87
2020-10-15,58,75,79
2020-10-16,61,70,77
2020-10-17,51,62,78
2020-10-18,48,66,75
2020-10-19,58,74,80
2020-10-20,67,80,79
2020-10-21,100,100,100
2020-10-22,100,100,99
2020-10-23,78,79,86
2020-10-24,66,69,86
2020-10-25,71,69,91
2020-10-26,72,69,84
2020-10-27,84,70,92
2020-10-28,89,73,88
2020-10-29,85,88,93
2020-10-30,79,84,90
2020-10-31,85,92,96
2020-11-01,79,86,93
2020-11-02,80,86,100
2020-11-03,77,81,90
2020-11-04,73,76,73
2020-11-05,95,73,83
2020-11-06,100,89,92
2020-11-07,82,100,91
2020-11-08,74,81,95
2020-11-09,82,79,96
2020-11-10,70,71,100
2020-11-11,76,87,100
2020-11-12,60,82,83
2020-11-13,64,86,87
2020-11-14,53,74,82
2020-11-15,47,68,88
2020-11-16,60,73,83
2020-11-17,86,92,98
2020-11-18,100,100,100
2020-11-19,77,41,58
2020-11-20,83,51,56
2020-11-21,78,60,73
2020-11-22,69,62,67
2020-11-23,72,87,75
2020-11-24,100,100,100
2020-11-25,90,98,83
2020-11-26,100,69,100
2020-11-27,70,49,72
2020-11-28,62,47,76
2020-11-29,57,48,73
2020-11-30,80,63,74
2020-12-01,84,76,77
2020-12-02,64,52,72
2020-12-03,98,98,95
2020-12-04,100,98,93
2020-12-05,87,92,97
2020-12-06,84,83,93
2020-12-07,86,82,94
2020-12-08,85,80,100
2020-12-09,89,82,93
2020-12-10,52,69,84
2020-12-11,55,78,93
2020-12-12,48,67,88
2020-12-13,53,73,88
2020-12-14,50,72,87
2020-12-15,52,70,82
2020-12-16,100,100,100
2020-12-17,100,100,100
2020-12-18,70,66,83
2020-12-19,56,70,87
2020-12-20,57,61,95
2020-12-21,59,58,83
2020-12-22,50,68,84
2020-12-23,50,55,89
2020-12-24,47,45,78
2020-12-25,55,50,71
2020-12-26,75,54,82
2020-12-27,100,84,100
2020-12-28,76,100,93
2020-12-29,69,79,100
2020-12-30,78,84,100
2020-12-31,51,30,52
2021-01-01,50,29,58
2021-01-02,86,45,85
2021-01-03,100,84,100
2021-01-04,86,100,91
2021-01-05,72,74,89
2021-01-06,75,80,100
2021-01-07,89,100,100
2021-01-08,90,96,90
2021-01-09,71,83,84
2021-01-10,70,98,91
2021-01-11,100,98,89
2021-01-12,76,70,67
2021-01-13,68,60,65
2021-01-14,100,77,95
2021-01-15,88,67,90
2021-01-16,72,65,99
2021-01-17,66,58,100
2021-01-18,63,55,85
2021-01-19,63,100,90
2021-01-20,59,83,85
2021-01-21,97,90,100
2021-01-22,100,85,94
2021-01-23,72,69,91
2021-01-24,63,78,94
2021-01-25,71,97,91
2021-01-26,67,81,84
2021-01-27,73,75,90
2021-01-28,63,59,40
2021-01-29,100,69,100
2021-01-30,71,57,64
2021-01-31,59,54,61
2021-02-01,61,49,56
2021-02-02,55,73,48
2021-02-03,57,100,55
2021-02-04,41,98,80
2021-02-05,36,87,79
2021-02-06,46,88,76
2021-02-07,39,82,84
2021-02-08,88,95,88
2021-02-09,100,100,100
2021-02-10,67,89,89
2021-02-11,88,86,100
2021-02-12,82,87,99
2021-02-13,68,79,98
2021-02-14,76,84,94
2021-02-15,79,82,90
2021-02-16,86,80,81
2021-02-17,100,84,83
2021-02-18,62,79,76
2021-02-19,70,78,85
2021-02-20,81,95,100
2021-02-21,70,82,87
2021-02-22,79,84,84
2021-02-23,100,100,86
2021-02-24,73,73,66
2021-02-25,81,86,97
2021-02-26,84,86,84
2021-02-27,67,76,93
2021-02-28,73,89,94
2021-03-01,70,76,86
2021-03-02,66,68,87
2021-03-03,64,67,86
2021-03-04,89,72,80
2021-03-05,87,69,73
2021-03-06,80,75,75
2021-03-07,81,81,86
2021-03-08,87,96,80
2021-03-09,100,100,100
2021-03-10,97,94,85
2021-03-11,73,81,76
2021-03-12,75,76,84
2021-03-13,100,100,100
2021-03-14,95,94,100
2021-03-15,79,80,99
2021-03-16,80,75,96
2021-03-17,74,65,85
2021-03-18,99,98,96
2021-03-19,90,100,94
2021-03-20,87,98,97
2021-03-21,85,97,95
2021-03-22,89,96,100
2021-03-23,91,94,92
2021-03-24,100,97,84
2021-03-25,100,92,86
2021-03-26,82,82,82
2021-03-27,75,80,91
2021-03-28,73,77,85
2021-03-29,84,97,95
2021-03-30,86,100,100
2021-03-31,86,100,96
2021-04-01,100,70,77
2021-04-02,91,100,86
2021-04-03,84,96,96
2021-04-04,82,78,90
2021-04-05,85,73,100
2021-04-06,82,75,98
2021-04-07,82,68,92
2021-04-08,63,61,66
2021-04-09,60,55,64
2021-04-10,68,67,77
2021-04-11,66,68,82
2021-04-12,69,68,75
2021-04-13,91,87,84
2021-04-14,100,100,100
2021-04-15,63,100,57
2021-04-16,68,99,86
2021-04-17,56,82,84
2021-04-18,100,100,88
2021-04-19,81,80,84
2021-04-20,70,77,100
2021-04-21,57,74,77
2021-04-22,65,100,83
2021-04-23,100,98,100
2021-04-24,69,72,67
2021-04-25,64,69,68
2021-04-26,64,73,66
2021-04-27,63,79,70
2021-04-28,53,93,66
2021-04-29,93,45,61
2021-04-30,96,44,62
2021-05-01,90,56,65
2021-05-02,84,54,67
2021-05-03,96,96,74
2021-05-04,98,100,90
2021-05-05,96,97,100
2021-05-06,100,86,82
2021-05-07,88,69,83
2021-05-08,90,76,93
2021-05-09,98,87,100
2021-05-10,99,100,98
2021-05-11,93,77,98
2021-05-12,95,83,89
2021-05-13,66,83,71
2021-05-14,42,62,59
2021-05-15,32,54,59
2021-05-16,36,55,59
2021-05-17,51,64,53
2021-05-18,39,48,50
2021-05-19,100,100,100
2021-05-20,78,72,60
2021-05-21,56,59,52
2021-05-22,50,55,42
2021-05-23,59,69,58
2021-05-24,55,64,46
2021-05-25,46,52,39
2021-05-26,38,48,38
2021-05-27,91,90,88
2021-05-28,90,89,91
2021-05-29,95,86,85
2021-05-30,91,78,73
2021-05-31,82,75,74
2021-06-01,82,74,77
2021-06-02,75,72,77
2021-06-03,70,100,95
2021-06-04,78,91,88
2021-06-05,67,83,93
2021-06-06,71,79,88
2021-06-07,70,90,85
2021-06-08,100,96,100
2021-06-09,84,82,75
2021-06-10,91,92,99
2021-06-11,77,84,96
2021-06-12,67,83,89
2021-06-13,68,86,92
2021-06-14,87,91,90
2021-06-15,75,84,100
2021-06-16,66,77,96
2021-06-17,52,57,70
2021-06-18,51,61,68
2021-06-19,48,56,65
2021-06-20,54,65,70
2021-06-21,77,90,85
2021-06-22,100,100,100
2021-06-23,73,72,65
2021-06-24,82,86,94
2021-06-25,84,92,94
2021-06-26,75,94,95
2021-06-27,76,81,93
2021-06-28,78,95,89
2021-06-29,75,98,94
2021-06-30,68,84,84
2021-07-01,93,90,93
2021-07-02,92,87,95
2021-07-03,85,80,91
2021-07-04,94,100,100
2021-07-05,92,91,98
2021-07-06,85,89,95
2021-07-07,80,93,91
2021-07-08,100,99,98
2021-07-09,95,88,96
2021-07-10,84,82,95
2021-07-11,81,74,89
2021-07-12,90,82,93
2021-07-13,90,90,92
2021-07-14,93,94,100
2021-07-15,74,81,88
2021-07-16,74,75,85
2021-07-17,67,76,85
2021-07-18,66,76,81
2021-07-19,78,81,88
2021-07-20,100,100,100
2021-07-21,92,93,88
2021-07-22,66,72,62
2021-07-23,57,66,63
2021-07-24,57,70,70
2021-07-25,56,66,66
2021-07-26,100,100,100
2021-07-27,77,76,72
2021-07-28,71,76,71
2021-07-29,87,64,96
2021-07-30,87,70,90
2021-07-31,87,76,100
2021-08-01,82,93,100
2021-08-02,84,89,89
2021-08-03,79,80,86
2021-08-04,77,100,92
2021-08-05,74,98,79
2021-08-06,86,82,69
2021-08-07,92,100,82
2021-08-08,92,88,81
2021-08-09,100,83,77
2021-08-10,98,77,85
2021-08-11,98,78,100
2021-08-12,96,89,89
2021-08-13,88,87,83
2021-08-14,89,83,86
2021-08-15,84,83,87
2021-08-16,88,83,90
2021-08-17,82,77,88
2021-08-18,85,75,84
2021-08-19,72,80,80
2021-08-20,83,94,90
2021-08-21,79,87,83
2021-08-22,74,83,87
2021-08-23,100,100,99
2021-08-24,88,90,100
2021-08-25,80,78,81
2021-08-26,94,67,94
2021-08-27,90,63,88
2021-08-28,84,63,92
2021-08-29,76,58,88
2021-08-30,87,61,94
2021-08-31,83,74,100
2021-09-01,89,100,97
2021-09-02,57,94,60
2021-09-03,57,100,64
2021-09-04,51,79,65
2021-09-05,53,75,64
2021-09-06,65,77,68
2021-09-07,100,95,100
2021-09-08,93,78,74
2021-09-09,74,87,89
2021-09-10,67,82,84
2021-09-11,59,71,78
2021-09-12,55,74,75
2021-09-13,62,75,78
2021-09-14,57,69,73
2021-09-15,58,69,74
2021-09-16,69,95,92
2021-09-17,69,83,85
2021-09-18,66,76,77
2021-09-19,59,73,76
2021-09-20,96,96,100
2021-09-21,100,100,92
2021-09-22,86,94,84
2021-09-23,69,89,80
2021-09-24,100,100,100
2021-09-25,72,78,77
2021-09-26,60,78,76
2021-09-27,62,84,77
2021-09-28,61,80,73
2021-09-29,62,81,72
2021-09-30,62,73,71
2021-10-01,78,88,71
2021-10-02,67,85,72
2021-10-03,62,82,73
2021-10-04,71,84,79
2021-10-05,77,88,88
2021-10-06,100,100,100
2021-10-07,89,100,100
2021-10-08,76,91,89
2021-10-09,72,81,81
2021-10-10,69,79,75
2021-10-11,85,97,82
2021-10-12,85,85,79
2021-10-13,75,77,75
2021-10-14,55,72,86
2021-10-15,79,84,89
2021-10-16,69,78,87
2021-10-17,59,70,84
2021-10-18,67,68,86
2021-10-19,78,69,84
2021-10-20,100,100,100
2021-10-21,91,100,54
2021-10-22,79,79,53
2021-10-23,58,65,51
2021-10-24,53,62,56
2021-10-25,61,74,63
2021-10-26,66,75,71
2021-10-27,70,74,100
2021-10-28,88,73,97
2021-10-29,84,96,99
2021-10-30,71,77,97
2021-10-31,68,69,95
2021-11-01,76,76,95
2021-11-02,81,89,100
2021-11-03,75,100,96
2021-11-04,70,82,98
2021-11-05,68,69,88
2021-11-06,60,62,84
2021-11-07,61,66,87
2021-11-08,89,100,89
2021-11-09,100,97,98
2021-11-10,93,91,99
2021-11-11,82,88,83
2021-11-12,77,83,84
2021-11-13,70,74,82
2021-11-14,70,74,85
2021-11-15,73,78,85
2021-11-16,100,97,97
2021-11-17,86,88,88
2021-11-18,100,99,88
2021-11-19,99,93,78
2021-11-20,82,81,78
2021-11-21,77,77,82
2021-11-22,88,84,76
2021-11-23,94,84,89
2021-11-24,99,79,100
2021-11-25,80,78,93
2021-11-26,100,93,87
2021-11-27,82,82,75
2021-11-28,76,74,79
2021-11-29,82,84,82
2021-11-30,86,91,78
2021-12-01,78,100,76
2021-12-02,41,67,68
2021-12-03,46,68,67
2021-12-04,100,100,100
2021-12-05,74,82,66
2021-12-06,67,76,64
2021-12-07,58,73,60
2021-12-08,52,67,62
2021-12-09,86,88,95
2021-12-10,84,86,87
2021-12-11,78,84,88
2021-12-12,73,77,87
2021-12-13,88,91,94
2021-12-14,100,100,100
2021-12-15,90,92,95
2021-12-16,91,93,89
2021-12-17,87,91,87
2021-12-18,81,85,85
2021-12-19,79,82,84
2021-12-20,89,88,84
2021-12-21,87,88,86
2021-12-22,83,82,88
2021-12-23,92,93,87
2021-12-24,96,92,87
2021-12-25,88,90,89
2021-12-26,85,90,95
2021-12-27,88,93,95
2021-12-28,100,100,100
2021-12-29,96,100,90
2021-12-30,40,41,32
2021-12-31,38,38,29
2022-01-01,38,42,36
2022-01-02,39,44,42
2022-01-03,41,43,39
2022-01-04,100,100,100
2022-01-05,36,38,36
2022-01-06,82,80,91
2022-01-07,100,100,100
2022-01-08,90,90,99
2022-01-09,79,84,92
2022-01-10,84,85,90
2022-01-11,79,79,84
2022-01-12,73,79,93
2022-01-13,100,100,100
2022-01-14,37,36,40
2022-01-15,43,43,48
2022-01-16,72,79,90
2022-01-17,38,38,42
2022-01-18,40,39,44
2022-01-19,38,39,43
2022-01-20,20,22,38
2022-01-21,39,37,51
2022-01-22,52,46,65
2022-01-23,37,36,46
2022-01-24,100,100,100
2022-01-25,32,31,37
2022-01-26,31,29,37
2022-01-27,96,89,80
2022-01-28,92,91,84
2022-01-29,85,87,84
2022-01-30,78,82,79
2022-01-31,81,88,78
2022-02-01,89,96,100
2022-02-02,80,93,85
2022-02-03,84,75,85
2022-02-04,90,95,81
2022-02-05,93,90,83
2022-02-06,75,76,81
2022-02-07,100,100,100
2022-02-08,89,86,94
2022-02-09,89,77,94
2022-02-10,75,84,79
2022-02-11,89,95,93
2022-02-12,78,86,80
2022-02-13,76,83,82
2022-02-14,83,88,89
2022-02-15,86,100,93
2022-02-16,79,89,92
2022-02-17,88,96,98
2022-02-18,89,90,87
2022-02-19,77,85,83
2022-02-20,87,93,88
2022-02-21,96,99,87
2022-02-22,100,100,91
2022-02-23,85,90,85
2022-02-24,100,100,100
2022-02-25,73,67,80
2022-02-26,53,55,73
2022-02-27,53,57,80
2022-02-28,68,65,81
2022-03-01,69,71,95
2022-03-02,63,62,83
2022-03-03,90,87,80
2022-03-04,85,87,85
2022-03-05,77,81,75
2022-03-06,73,74,77
2022-03-07,87,89,80
2022-03-08,81,77,85
2022-03-09,92,94,100
2022-03-10,87,84,86
2022-03-11,86,82,79
2022-03-12,76,74,76
2022-03-13,73,72,73
2022-03-14,83,80,76
2022-03-15,74,78,72
2022-03-16,82,83,76
2022-03-17,93,82,92
2022-03-18,92,88,97
2022-03-19,85,88,94
2022-03-20,86,79,88
2022-03-21,90,84,89
2022-03-22,95,100,100
2022-03-23,89,89,95
2022-03-24,81,75,81
2022-03-25,82,83,80
2022-03-26,72,71,74
2022-03-27,80,78,90
2022-03-28,100,100,100
2022-03-29,87,93,97
2022-03-30,84,83,99
2022-03-31,95,89,100
2022-04-01,88,91,92
2022-04-02,82,90,90
2022-04-03,83,86,87
2022-04-04,87,88,90
2022-04-05,84,86,88
2022-04-06,100,91,92
2022-04-07,85,88,88
2022-04-08,84,81,83
2022-04-09,77,80,79
2022-04-10,76,80,83
2022-04-11,100,97,95
2022-04-12,95,91,86
2022-04-13,88,85,84
2022-04-14,96,94,95
2022-04-15,92,89,97
2022-04-16,78,82,92
2022-04-17,77,80,91
2022-04-18,95,100,100
2022-04-19,92,95,99
2022-04-20,83,91,97
2022-04-21,90,94,98
2022-04-22,89,88,94
2022-04-23,82,80,94
2022-04-24,81,77,86
2022-04-25,100,94,96
2022-04-26,100,100,97
2022-04-27,95,92,94
2022-04-28,100,90,96
2022-04-29,93,88,94
2022-04-30,92,89,94
2022-05-01,93,100,100
2022-05-02,97,96,95
2022-05-03,94,89,96
2022-05-04,95,91,95
2022-05-05,48,56,45
2022-05-06,51,58,41
2022-05-07,41,51,38
2022-05-08,50,61,39
2022-05-09,86,89,56
2022-05-10,84,78,55
2022-05-11,100,100,100
2022-05-12,100,100,100
2022-05-13,77,75,82
2022-05-14,55,53,65
2022-05-15,49,48,49
2022-05-16,50,47,44
2022-05-17,45,46,40
2022-05-18,44,45,37
2022-05-19,100,97,91
2022-05-20,88,92,85
2022-05-21,79,79,76
2022-05-22,76,78,81
2022-05-23,83,85,86
2022-05-24,83,83,78
2022-05-25,76,75,75
2022-05-26,95,90,100
2022-05-27,100,100,94
2022-05-28,84,78,91
2022-05-29,77,76,83
2022-05-30,97,85,92
2022-05-31,96,84,89
2022-06-01,85,73,82
2022-06-02,93,93,91
2022-06-03,94,93,83
2022-06-04,80,76,79
2022-06-05,81,81,80
2022-06-06,94,94,90
2022-06-07,100,100,100
2022-06-08,97,94,92
2022-06-09,29,29,47
2022-06-10,29,33,45
2022-06-11,29,50,46
2022-06-12,38,53,63
2022-06-13,100,100,100
2022-06-14,95,79,82
2022-06-15,92,80,76
2022-06-16,79,78,81
2022-06-17,69,60,74
2022-06-18,100,100,94
2022-06-19,98,82,81
2022-06-20,78,69,72
2022-06-21,66,57,69
2022-06-22,60,52,65
2022-06-23,88,88,94
2022-06-24,82,93,92
2022-06-25,72,82,86
2022-06-26,66,81,85
2022-06-27,75,85,100
2022-06-28,73,77,91
2022-06-29,75,83,98
2022-06-30,100,100,100
2022-07-01,93,83,90
2022-07-02,80,72,87
2022-07-03,78,70,83
2022-07-04,82,77,88
2022-07-05,84,74,89
2022-07-06,76,70,92
2022-07-07,100,100,100
2022-07-08,100,96,93
2022-07-09,76,75,85
2022-07-10,79,77,80
2022-07-11,96,88,91
2022-07-12,95,89,91
2022-07-13,96,91,96
2022-07-14,91,60,96
2022-07-15,79,62,85
2022-07-16,75,65,81
2022-07-17,72,72,80
2022-07-18,94,100,95
2022-07-19,94,96,100
2022-07-20,100,94,91
2022-07-21,100,86,98
2022-07-22,82,83,91
2022-07-23,68,69,83
2022-07-24,63,69,83
2022-07-25,74,73,96
2022-07-26,75,75,93
2022-07-27,71,75,92
2022-07-28,100,100,100
2022-07-29,98,93,91
2022-07-30,87,81,87
2022-07-31,87,77,84
2022-08-01,95,81,89
2022-08-02,91,80,85
2022-08-03,91,78,92
2022-08-04,97,81,98
2022-08-05,93,75,93
2022-08-06,81,72,85
2022-08-07,79,70,85
2022-08-08,100,93,100
2022-08-09,96,87,96
2022-08-10,96,100,91
2022-08-11,100,100,98
2022-08-12,91,82,85
2022-08-13,83,88,89
2022-08-14,89,83,92
2022-08-15,93,87,99
2022-08-16,90,77,100
2022-08-17,90,78,99
2022-08-18,74,85,84
2022-08-19,100,100,100
2022-08-20,78,85,81
2022-08-21,76,79,79
2022-08-22,83,85,84
2022-08-23,77,80,79
2022-08-24,72,78,79
2022-08-25,83,92,100
2022-08-26,87,95,98
2022-08-27,90,93,94
2022-08-28,84,83,87
2022-08-29,100,93,95
2022-08-30,96,100,100
2022-08-31,89,86,97
2022-09-01,86,75,65
2022-09-02,81,77,100
2022-09-03,71,68,55
2022-09-04,73,65,54
2022-09-05,81,82,62
2022-09-06,86,100,67
2022-09-07,100,95,64
2022-09-08,85,45,96
2022-09-09,91,50,98
2022-09-10,82,46,91
2022-09-11,75,49,87
2022-09-12,87,66,100
2022-09-13,93,80,100
2022-09-14,93,100,100
2022-09-15,85,100,96
2022-09-16,83,49,97
2022-09-17,69,31,84
2022-09-18,69,28,82
2022-09-19,100,35,95
2022-09-20,88,29,93
2022-09-21,92,27,100
2022-09-22,96,99,92
2022-09-23,88,91,84
2022-09-24,80,77,79
2022-09-25,76,71,79
2022-09-26,90,81,87
2022-09-27,93,86,92
2022-09-28,87,75,82
2022-09-29,97,98,93
2022-09-30,97,88,87
2022-10-01,78,69,79
2022-10-02,79,70,83
2022-10-03,91,85,97
2022-10-04,91,90,100
2022-10-05,91,79,93
2022-10-06,96,100,99
2022-10-07,94,92,98
2022-10-08,86,76,83
2022-10-09,83,76,86
2022-10-10,94,90,99
2022-10-11,93,99,100
2022-10-12,92,88,100
2022-10-13,100,100,100
2022-10-14,91,85,91
2022-10-15,79,71,85
2022-10-16,74,75,80
2022-10-17,84,86,95
2022-10-18,88,84,100
2022-10-19,84,77,89
2022-10-20,89,54,87
2022-10-21,91,55,81
2022-10-22,78,49,80
2022-10-23,75,49,79
2022-10-24,88,59,88
2022-10-25,94,75,93
2022-10-26,100,100,100
2022-10-27,96,83,91
2022-10-28,94,74,89
2022-10-29,81,82,96
2022-10-30,83,74,88
2022-10-31,94,80,94
2022-11-01,85,71,97
2022-11-02,92,68,96
2022-11-03,38,48,48
2022-11-04,39,54,49
2022-11-05,36,48,47
2022-11-06,34,39,42
2022-11-07,38,48,50
2022-11-08,60,67,76
2022-11-09,100,100,100
2022-11-10,100,98,90
2022-11-11,80,84,79
2022-11-12,75,71,82
2022-11-13,70,68,87
2022-11-14,80,74,87
2022-11-15,64,64,75
2022-11-16,64,65,76
2022-11-17,93,92,95
2022-11-18,87,87,81
2022-11-19,72,67,68
2022-11-20,69,74,71
2022-11-21,84,100,76
2022-11-22,91,91,71
2022-11-23,78,80,64
2022-11-24,84,88,91
2022-11-25,84,74,82
2022-11-26,75,72,79
2022-11-27,75,67,81
2022-11-28,89,89,98
2022-11-29,88,89,98
2022-11-30,87,92,99
2022-12-01,98,87,98
2022-12-02,92,82,94
2022-12-03,78,71,81
2022-12-04,81,71,83
2022-12-05,91,83,92
2022-12-06,89,69,96
2022-12-07,92,78,91
2022-12-08,91,91,91
2022-12-09,80,82,79
2022-12-10,69,70,71
2022-12-11,78,76,77
2022-12-12,83,82,83
2022-12-13,100,100,100
2022-12-14,93,96,99
2022-12-15,96,90,95
2022-12-16,100,93,97
2022-12-17,86,84,89
2022-12-18,78,75,75
2022-12-19,90,88,88
2022-12-20,85,89,85
2022-12-21,91,87,88
2022-12-22,100,100,100
2022-12-23,89,92,91
2022-12-24,87,86,81
2022-12-25,87,93,84
2022-12-26,93,83,82
2022-12-27,94,86,93
2022-12-28,94,90,95
2022-12-29,89,73,91
2022-12-30,96,68,89
2022-12-31,82,70,79
2023-01-01,90,68,85
2023-01-02,96,78,88
2023-01-03,97,75,91
2023-01-04,100,100,100
2023-01-05,89,68,89
2023-01-06,90,75,88
2023-01-07,80,66,81
2023-01-08,79,63,80
2023-01-09,95,90,100
2023-01-10,91,85,93
2023-01-11,100,86,89
2023-01-12,76,83,86
2023-01-13,77,75,81
2023-01-14,100,100,100
2023-01-15,77,80,79
2023-01-16,91,93,86
2023-01-17,85,89,84
2023-01-18,79,82,85
2023-01-19,83,80,90
2023-01-20,86,91,100
2023-01-21,100,100,99
2023-01-22,90,93,90
2023-01-23,91,94,94
2023-01-24,87,93,92
2023-01-25,85,86,91
2023-01-26,100,96,100
2023-01-27,94,86,91
2023-01-28,83,71,86
2023-01-29,91,90,93
2023-01-30,96,95,94
2023-01-31,95,87,95
2023-02-01,94,84,98
2023-02-02,100,100,97
2023-02-03,87,82,90
2023-02-04,80,75,86
2023-02-05,78,77,88
2023-02-06,80,74,91
2023-02-07,79,73,99
2023-02-08,78,82,100
2023-02-09,95,88,100
2023-02-10,92,83,90
2023-02-11,83,72,78
2023-02-12,80,75,72
2023-02-13,88,83,83
2023-02-14,88,82,79
2023-02-15,100,97,88
2023-02-16,100,100,100
2023-02-17,87,78,85
2023-02-18,78,72,82
2023-02-19,76,76,86
2023-02-20,80,81,92
2023-02-21,82,84,96
2023-02-22,75,70,89
2023-02-23,100,91,98
2023-02-24,98,90,94
2023-02-25,91,85,90
2023-02-26,91,84,86
2023-02-27,98,90,92
2023-02-28,96,94,90
2023-03-01,83,88,86
2023-03-02,92,92,89
2023-03-03,100,100,100
2023-03-04,87,85,91
2023-03-05,80,97,90
2023-03-06,84,91,99
2023-03-07,81,86,93
2023-03-08,88,82,95
2023-03-09,62,56,89
2023-03-10,80,73,100
2023-03-11,65,62,90
2023-03-12,64,58,90
2023-03-13,91,89,100
2023-03-14,100,100,100
2023-03-15,83,88,89
2023-03-16,73,69,94
2023-03-17,86,95,97
2023-03-18,83,90,99
2023-03-19,84,89,93
2023-03-20,100,100,100
2023-03-21,93,97,100
2023-03-22,89,96,99
2023-03-23,97,93,100
2023-03-24,94,83,94
2023-03-25,83,66,88
2023-03-26,78,72,83
2023-03-27,86,79,91
2023-03-28,84,75,91
2023-03-29,85,81,92
2023-03-30,98,74,96
2023-03-31,95,71,90
2023-04-01,84,69,86
2023-04-02,86,58,88
2023-04-03,92,65,93
2023-04-04,89,84,100
2023-04-05,86,100,95
2023-04-06,70,70,91
2023-04-07,65,63,92
2023-04-08,61,55,88
2023-04-09,58,55,80
2023-04-10,74,69,91
2023-04-11,100,96,100
2023-04-12,84,100,99
2023-04-13,91,83,95
2023-04-14,100,100,99
2023-04-15,87,69,88
2023-04-16,80,60,89
2023-04-17,86,66,96
2023-04-18,87,67,97
2023-04-19,85,64,100
2023-04-20,93,86,91
2023-04-21,93,82,89
2023-04-22,83,73,80
2023-04-23,83,68,80
2023-04-24,90,75,85
2023-04-25,87,73,89
2023-04-26,100,83,94
2023-04-27,88,87,90
2023-04-28,84,81,86
2023-04-29,77,78,81
2023-04-30,74,71,83
2023-05-01,88,79,98
2023-05-02,84,79,83
2023-05-03,85,79,88
2023-05-04,92,89,92
2023-05-05,88,100,97
2023-05-06,83,88,94
2023-05-07,81,83,92
2023-05-08,100,92,100
2023-05-09,90,84,98
2023-05-10,91,86,95
2023-05-11,100,100,98
2023-05-12,98,95,94
2023-05-13,83,85,83
2023-05-14,78,84,85
2023-05-15,86,98,92
2023-05-16,86,93,92
2023-05-17,85,87,99
2023-05-18,99,93,93
2023-05-19,95,87,84
2023-05-20,87,83,86
2023-05-21,87,81,81
2023-05-22,98,98,90
2023-05-23,100,100,94
2023-05-24,94,94,91
2023-05-25,97,84,99
2023-05-26,97,97,93
2023-05-27,85,81,88
2023-05-28,90,90,92
2023-05-29,96,96,92
2023-05-30,100,100,99
2023-05-31,97,92,100
2023-06-01,83,85,88
2023-06-02,80,87,84
2023-06-03,74,81,77
2023-06-04,73,87,81
2023-06-05,95,93,100
2023-06-06,100,100,98
2023-06-07,91,90,91
2023-06-08,91,86,67
2023-06-09,88,94,68
2023-06-10,100,100,100
2023-06-11,96,89,68
2023-06-12,95,95,70
2023-06-13,88,94,66
2023-06-14,95,94,68
2023-06-15,76,88,93
2023-06-16,70,84,87
2023-06-17,63,77,81
2023-06-18,62,77,80
2023-06-19,67,81,81
2023-06-20,72,82,88
2023-06-21,100,100,100
2023-06-22,91,98,95
2023-06-23,89,100,91
2023-06-24,78,85,87
2023-06-25,75,93,83
2023-06-26,82,93,90
2023-06-27,75,87,92
2023-06-28,78,85,91
2023-06-29,91,88,95
2023-06-30,100,97,96
2023-07-01,86,86,92
2023-07-02,87,87,92
2023-07-03,97,100,97
2023-07-04,94,97,95
2023-07-05,88,91,94
2023-07-06,100,100,100
2023-07-07,91,86,98
2023-07-08,89,82,87
2023-07-09,86,98,88
2023-07-10,96,87,100
2023-07-11,92,84,96
2023-07-12,93,86,100
2023-07-13,94,84,97
2023-07-14,100,100,100
2023-07-15,85,76,79
2023-07-16,81,66,80
2023-07-17,86,72,82
2023-07-18,83,74,83
2023-07-19,85,73,83
2023-07-20,96,100,100
2023-07-21,96,95,88
2023-07-22,82,85,85
2023-07-23,85,87,88
2023-07-24,100,88,95
2023-07-25,96,89,94
2023-07-26,96,89,96
2023-07-27,97,98,96
2023-07-28,97,100,93
2023-07-29,90,86,87
2023-07-30,86,95,92
2023-07-31,92,94,93
2023-08-01,94,97,94
2023-08-02,99,96,91
2023-08-03,95,85,91
2023-08-04,99,92,95
2023-08-05,94,78,88
2023-08-06,89,79,92
2023-08-07,94,90,94
2023-08-08,98,100,100
2023-08-09,100,94,95
2023-08-10,94,92,90
2023-08-11,92,87,88
2023-08-12,88,79,85
2023-08-13,87,94,86
2023-08-14,94,89,89
2023-08-15,95,89,100
2023-08-16,99,98,100
2023-08-17,70,92,98
2023-08-18,100,100,100
2023-08-19,74,90,79
2023-08-20,62,77,75
2023-08-21,66,84,85
2023-08-22,69,82,86
2023-08-23,70,88,81
2023-08-24,85,89,98
2023-08-25,84,86,93
2023-08-26,74,79,87
2023-08-27,77,82,88
2023-08-28,79,92,94
2023-08-29,100,100,100
2023-08-30,91,92,95
2023-08-31,92,95,100
2023-09-01,94,95,93
2023-09-02,83,86,82
2023-09-03,82,84,92
2023-09-04,84,91,91
2023-09-05,87,93,94
2023-09-06,84,95,95
2023-09-07,96,91,94
2023-09-08,97,84,95
2023-09-09,91,74,90
2023-09-10,87,71,92
2023-09-11,98,100,95
2023-09-12,100,98,98
2023-09-13,99,99,98
2023-09-14,92,92,99
2023-09-15,91,93,97
2023-09-16,82,83,92
2023-09-17,81,77,90
2023-09-18,97,94,94
2023-09-19,96,92,100
2023-09-20,97,92,100
2023-09-21,96,100,86
2023-09-22,92,93,85
2023-09-23,85,85,82
2023-09-24,83,79,74
2023-09-25,99,93,86
2023-09-26,92,97,99
2023-09-27,93,90,100
2023-09-28,79,83,89
2023-09-29,79,85,84
2023-09-30,73,77,78
2023-10-01,80,87,81
2023-10-02,100,100,94
2023-10-03,86,83,88
2023-10-04,85,88,86
2023-10-05,94,90,98
2023-10-06,92,93,94
2023-10-07,89,79,88
2023-10-08,90,79,85
2023-10-09,100,90,97
2023-10-10,97,91,100
2023-10-11,94,93,99
2023-10-12,77,94,96
2023-10-13,81,92,89
2023-10-14,75,83,91
2023-10-15,76,82,87
2023-10-16,100,100,100
2023-10-17,96,94,98
2023-10-18,93,96,95
2023-10-19,40,43,65
2023-10-20,48,48,71
2023-10-21,42,45,66
2023-10-22,41,45,70
2023-10-23,57,62,83
2023-10-24,100,100,100
2023-10-25,70,76,96
2023-10-26,86,91,85
2023-10-27,75,73,76
2023-10-28,66,67,71
2023-10-29,62,66,70
2023-10-30,70,70,77
2023-10-31,72,100,86
2023-11-01,69,80,85
2023-11-02,100,98,100
2023-11-03,100,97,97
2023-11-04,82,85,93
2023-11-05,83,90,87
2023-11-06,84,100,88
2023-11-07,88,98,85
2023-11-08,88,90,84
2023-11-09,100,86,100
2023-11-10,93,100,93
2023-11-11,81,68,87
2023-11-12,74,56,84
2023-11-13,79,61,82
2023-11-14,78,58,90
2023-11-15,83,62,85
2023-11-16,95,96,97
2023-11-17,87,78,87
2023-11-18,82,75,86
2023-11-19,79,75,84
2023-11-20,92,81,100
2023-11-21,89,83,97
2023-11-22,92,85,94
2023-11-23,92,97,92
2023-11-24,97,98,88
2023-11-25,87,91,88
2023-11-26,83,90,90
2023-11-27,86,85,93
2023-11-28,88,90,93
2023-11-29,90,93,93
2023-11-30,49,45,72
2023-12-01,52,53,72
2023-12-02,54,51,75
2023-12-03,56,60,70
2023-12-04,100,100,93
2023-12-05,88,89,97
2023-12-06,87,82,100
2023-12-07,83,86,85
2023-12-08,84,100,100
2023-12-09,76,77,92
2023-12-10,68,71,79
2023-12-11,84,76,86
2023-12-12,72,63,82
2023-12-13,70,65,79
2023-12-14,99,100,100
2023-12-15,94,87,100
2023-12-16,88,83,94
2023-12-17,82,74,89
2023-12-18,94,79,98
2023-12-19,99,90,99
2023-12-20,100,93,96
2023-12-21,99,90,94
2023-12-22,98,100,91
2023-12-23,92,86,89
2023-12-24,89,81,98
2023-12-25,90,86,94
2023-12-26,99,88,95
2023-12-27,94,97,100
2023-12-28,61,85,80
2023-12-29,61,74,76
2023-12-30,53,62,68
2023-12-31,51,63,67
2024-01-01,58,68,70
2024-01-02,90,100,86
2024-01-03,100,89,100
2024-01-04,52,64,82
2024-01-05,52,60,77
2024-01-06,43,53,73
2024-01-07,44,52,73
2024-01-08,58,63,80
2024-01-09,67,69,81
2024-01-10,100,100,89
2024-01-11,100,100,100
2024-01-12,64,76,85
2024-01-13,48,54,76
2024-01-14,41,48,73
2024-01-15,43,51,72
2024-01-16,40,49,74
2024-01-17,37,44,73
2024-01-18,92,90,100
2024-01-19,97,88,94
2024-01-20,74,79,85
2024-01-21,72,75,91
2024-01-22,90,83,91
2024-01-23,100,100,95
2024-01-24,84,79,87
2024-01-25,99,94,93
2024-01-26,92,100,89
2024-01-27,77,84,92
2024-01-28,78,80,90
2024-01-29,81,88,91
2024-01-30,95,94,100
2024-01-31,84,91,97
2024-02-01,94,91,95
2024-02-02,96,95,94
2024-02-03,86,80,87
2024-02-04,85,81,85
2024-02-05,91,89,90
2024-02-06,94,93,94
2024-02-07,91,100,98
2024-02-08,65,59,84
2024-02-09,82,69,86
2024-02-10,61,58,79
2024-02-11,69,60,82
2024-02-12,92,74,86
2024-02-13,95,84,93
2024-02-14,100,100,100
2024-02-15,100,99,100
2024-02-16,84,85,93
2024-02-17,71,64,88
2024-02-18,68,64,92
2024-02-19,75,100,97
2024-02-20,76,97,92
2024-02-21,71,89,91
2024-02-22,34,50,63
2024-02-23,33,37,60
2024-02-24,30,34,61
2024-02-25,30,45,62
2024-02-26,40,58,71
2024-02-27,64,79,84
2024-02-28,100,100,100
2024-02-29,85,85,73
2024-03-01,61,67,64
2024-03-02,54,61,75
2024-03-03,50,56,73
2024-03-04,82,78,89
2024-03-05,100,100,100
2024-03-06,73,92,82
2024-03-07,76,81,97
2024-03-08,78,95,95
2024-03-09,67,73,96
2024-03-10,68,74,95
2024-03-11,100,100,100
2024-03-12,88,91,98
2024-03-13,85,95,99
2024-03-14,85,83,97
2024-03-15,100,76,95
2024-03-16,75,62,87
2024-03-17,77,63,85
2024-03-18,74,64,82
2024-03-19,98,71,85
2024-03-20,89,76,79
2024-03-21,83,81,93
2024-03-22,75,72,83
2024-03-23,64,53,82
2024-03-24,66,58,88
2024-03-25,84,81,100
2024-03-26,82,74,99
2024-03-27,75,69,100
2024-03-28,92,100,100
2024-03-29,92,85,94
2024-03-30,78,77,91
2024-03-31,75,79,86
2024-04-01,86,85,85
2024-04-02,100,91,86
2024-04-03,88,81,78
2024-04-04,91,84,99
2024-04-05,89,78,93
2024-04-06,75,67,84
2024-04-07,77,70,92
2024-04-08,100,100,100
2024-04-09,87,88,98
2024-04-10,92,88,92
2024-04-11,78,83,76
2024-04-12,79,81,91
2024-04-13,92,93,100
2024-04-14,100,94,86
2024-04-15,97,100,78
2024-04-16,88,85,73
2024-04-17,91,79,73
2024-04-18,68,95,97
2024-04-19,100,100,100
2024-04-20,91,92,98
2024-04-21,53,85,93
2024-04-22,54,93,93
2024-04-23,48,92,91
2024-04-24,46,85,93
2024-04-25,75,96,98
2024-04-26,69,83,91
2024-04-27,62,82,93
2024-04-28,66,97,90
2024-04-29,68,82,97
2024-04-30,83,94,98
2024-05-01,100,100,99
2024-05-02,82,89,90
2024-05-03,78,92,85
2024-05-04,66,87,88
2024-05-05,63,78,85
2024-05-06,71,84,91
2024-05-07,66,78,89
2024-05-08,64,77,80
2024-05-09,86,88,86
2024-05-10,92,97,89
2024-05-11,84,83,78
2024-05-12,78,80,76
2024-05-13,90,88,87
2024-05-14,87,91,93
2024-05-15,100,100,100
2024-05-16,81,28,86
2024-05-17,77,30,80
2024-05-18,67,28,77
2024-05-19,66,29,74
2024-05-20,83,54,92
2024-05-21,100,100,100
2024-05-22,82,76,96
2024-05-23,99,100,87
2024-05-24,94,63,82
2024-05-25,74,32,78
2024-05-26,78,32,84
2024-05-27,83,42,97
2024-05-28,85,33,100
2024-05-29,85,29,95
2024-05-30,84,90,82
2024-05-31,78,82,77
2024-06-01,71,73,71
2024-06-02,73,72,75
2024-06-03,87,90,85
2024-06-04,91,82,86
2024-06-05,100,93,100
2024-06-06,95,88,82
2024-06-07,97,100,86
2024-06-08,84,68,80
2024-06-09,75,64,77
2024-06-10,85,65,76
2024-06-11,96,76,87
2024-06-12,94,73,82
2024-06-13,93,100,89
2024-06-14,92,97,89
2024-06-15,81,88,75
2024-06-16,79,83,79
2024-06-17,94,86,86
2024-06-18,95,88,100
2024-06-19,88,89,85
2024-06-20,69,94,100
2024-06-21,73,82,90
2024-06-22,62,76,91
2024-06-23,62,78,89
2024-06-24,100,100,99
2024-06-25,85,92,93
2024-06-26,76,83,88
2024-06-27,91,100,97
2024-06-28,97,93,92
2024-06-29,77,82,84
2024-06-30,85,87,85
2024-07-01,90,94,94
2024-07-02,90,95,97
2024-07-03,99,97,100
2024-07-04,80,86,94
2024-07-05,100,100,100
2024-07-06,66,79,83
2024-07-07,65,81,80
2024-07-08,77,86,81
2024-07-09,67,90,81
2024-07-10,67,81,84
2024-07-11,81,88,88
2024-07-12,83,76,84
2024-07-13,65,77,85
2024-07-14,85,77,100
2024-07-15,92,100,92
2024-07-16,100,97,98
2024-07-17,85,89,97
2024-07-18,86,54,93
2024-07-19,100,59,99
2024-07-20,86,87,100
2024-07-21,94,61,96
2024-07-22,99,62,97
2024-07-23,99,100,93
2024-07-24,88,69,96
2024-07-25,82,100,100
2024-07-26,85,57,91
2024-07-27,100,51,95
2024-07-28,83,46,89
2024-07-29,96,60,89
2024-07-30,75,46,85
2024-07-31,71,49,86
2024-08-01,32,36,55
2024-08-02,33,32,53
2024-08-03,32,32,53
2024-08-04,34,46,54
2024-08-05,100,100,100
2024-08-06,58,59,61
2024-08-07,46,61,57
2024-08-08,87,75,99
2024-08-09,80,64,91
2024-08-10,67,51,86
2024-08-11,68,54,85
2024-08-12,75,59,90
2024-08-13,71,56,94
2024-08-14,68,58,94
2024-08-15,100,91,93
2024-08-16,90,84,85
2024-08-17,79,75,83
2024-08-18,81,77,83
2024-08-19,87,100,93
2024-08-20,92,85,100
2024-08-21,88,81,93
2024-08-22,86,87,87
2024-08-23,100,92,98
2024-08-24,91,98,97
2024-08-25,84,86,89
2024-08-26,85,88,97
2024-08-27,89,98,100
2024-08-28,93,100,96
2024-08-29,90,100,100
2024-08-30,91,72,94
2024-08-31,77,65,88
2024-09-01,77,95,87
2024-09-02,89,74,90
2024-09-03,91,72,90
2024-09-04,95,79,97
2024-09-05,87,86,93
2024-09-06,100,100,96
2024-09-07,88,92,87
2024-09-08,81,85,88
2024-09-09,88,88,89
2024-09-10,81,85,90
2024-09-11,83,81,85
2024-09-12,89,97,87
2024-09-13,100,76,92
2024-09-14,90,68,95
2024-09-15,85,63,84
2024-09-16,99,75,91
2024-09-17,99,72,100
2024-09-18,98,100,91
2024-09-19,100,83,98
2024-09-20,95,80,91
2024-09-21,77,66,91
2024-09-22,77,67,91
2024-09-23,84,80,99
2024-09-24,81,84,100
2024-09-25,84,72,100
2024-09-26,99,87,100
2024-09-27,100,78,100
2024-09-28,85,100,84
2024-09-29,82,66,86
2024-09-30,90,94,94
2024-10-01,100,73,90
2024-10-02,88,67,83
2024-10-03,87,100,95
2024-10-04,83,96,100
2024-10-05,75,82,92
2024-10-06,73,82,87
2024-10-07,84,100,93
2024-10-08,87,91,98
2024-10-09,100,92,95
2024-10-10,87,79,86
2024-10-11,90,84,90
2024-10-12,71,93,90
2024-10-13,67,68,90
2024-10-14,89,98,100
2024-10-15,88,91,100
2024-10-16,94,100,100
2024-10-17,87,98,97
2024-10-18,97,100,96
2024-10-19,84,83,89
2024-10-20,86,95,91
2024-10-21,97,99,98
2024-10-22,96,92,94
2024-10-23,89,92,99
2024-10-24,54,64,89
2024-10-25,52,65,82
2024-10-26,43,55,78
2024-10-27,47,55,73
2024-10-28,60,70,81
2024-10-29,100,100,100
2024-10-30,78,90,91
2024-10-31,30,43,63
2024-11-01,28,36,61
2024-11-02,23,31,58
2024-11-03,24,29,60
2024-11-04,25,32,74
2024-11-05,27,39,65
2024-11-06,100,100,100
2024-11-07,53,59,54
2024-11-08,42,56,51
2024-11-09,34,48,48
2024-11-10,58,76,77
2024-11-11,98,97,86
2024-11-12,100,100,100
2024-11-13,93,86,93
2024-11-14,82,77,95
2024-11-15,62,62,80
2024-11-16,55,62,86
2024-11-17,48,52,79
2024-11-18,54,70,86
2024-11-19,54,62,81
2024-11-20,58,67,85
2024-11-21,94,100,89
2024-11-22,100,87,96
2024-11-23,69,80,100
2024-11-24,60,64,88
2024-11-25,65,76,83
2024-11-26,64,64,76
2024-11-27,57,74,74
2024-11-28,84,90,62
2024-11-29,87,89,69
2024-11-30,75,80,75
2024-12-01,75,86,79
2024-12-02,87,93,94
2024-12-03,81,85,100
2024-12-04,87,100,98
2024-12-05,100,100,100
2024-12-06,62,82,90
2024-12-07,44,72,90
2024-12-08,40,64,85
2024-12-09,44,65,89
2024-12-10,45,61,86
2024-12-11,41,60,73
2024-12-12,74,92,99
2024-12-13,68,76,88
2024-12-14,63,65,85
2024-12-15,66,70,79
2024-12-16,100,100,92
2024-12-17,89,97,100
2024-12-18,86,80,90
2024-12-19,88,97,100
2024-12-20,100,100,97
2024-12-21,68,70,75
2024-12-22,65,65,69
2024-12-23,70,72,71
2024-12-24,71,72,71
2024-12-25,66,67,65
2024-12-26,100,93,100
2024-12-27,95,94,96
2024-12-28,80,83,97
2024-12-29,83,79,100
2024-12-30,91,96,100
2024-12-31,86,81,95
2025-01-01,83,91,100
2025-01-02,91,90,100
2025-01-03,88,96,99
2025-01-04,78,83,89
2025-01-05,74,79,91
2025-01-06,95,100,92
2025-01-07,100,88,100
2025-01-08,92,84,92
2025-01-09,100,86,88
2025-01-10,95,80,85
2025-01-11,77,75,78
2025-01-12,74,73,79
2025-01-13,97,90,87
2025-01-14,90,91,90
2025-01-15,93,100,100
2025-01-16,52,63,50
2025-01-17,62,71,50
2025-01-18,55,66,66
2025-01-19,64,87,100
2025-01-20,100,100,98
2025-01-21,76,76,70
2025-01-22,62,66,58
2025-01-23,98,89,100
2025-01-24,90,97,94
2025-01-25,72,77,75
2025-01-26,69,80,77
2025-01-27,100,92,88
2025-01-28,83,81,72
2025-01-29,77,83,68
2025-01-30,62,44,66
2025-01-31,61,47,60
2025-02-01,54,38,60
2025-02-02,68,48,77
2025-02-03,100,100,100
2025-02-04,74,70,69
2025-02-05,64,54,61
2025-02-06,93,93,97
2025-02-07,89,90,94
2025-02-08,77,75,89
2025-02-09,79,72,85
2025-02-10,78,71,82
2025-02-11,79,76,86
2025-02-12,81,73,89
2025-02-13,92,98,97
2025-02-14,91,93,87
2025-02-15,78,88,85
2025-02-16,84,90,86
2025-02-17,87,100,98
2025-02-18,100,93,100
2025-02-19,88,90,93
2025-02-20,50,60,85
2025-02-21,56,72,80
2025-02-22,44,73,74
2025-02-23,40,70,65
2025-02-24,51,69,79
2025-02-25,100,100,100
2025-02-26,85,82,81
2025-02-27,73,65,71
2025-02-28,100,87,79
2025-03-01,58,63,59
2025-03-02,76,83,100
2025-03-03,87,100,100
2025-03-04,83,92,86
2025-03-05,65,70,68
2025-03-06,73,75,66
2025-03-07,98,68,100
2025-03-08,70,59,61
2025-03-09,69,65,57
2025-03-10,96,100,60
2025-03-11,100,97,56
2025-03-12,74,76,50
2025-03-13,100,90,95
2025-03-14,92,85,92
2025-03-15,73,75,89
2025-03-16,73,72,89
2025-03-17,84,78,89
2025-03-18,82,81,88
2025-03-19,82,92,95
2025-03-20,94,85,100
2025-03-21,83,72,92
2025-03-22,71,67,83
2025-03-23,75,71,89
2025-03-24,97,95,96
2025-03-25,89,77,97
2025-03-26,91,75,97
2025-03-27,83,91,77
2025-03-28,85,95,81
2025-03-29,77,94,77
2025-03-30,81,85,90
2025-03-31,93,95,100
2025-04-01,97,92,84
2025-04-02,100,100,84
2025-04-03,67,60,80
2025-04-04,65,54,78
2025-04-05,47,51,73
2025-04-06,54,58,86
2025-04-07,100,100,100
2025-04-08,72,73,83
2025-04-09,78,90,82
2025-04-10,81,71,96
2025-04-11,73,66,93
2025-04-12,61,57,90
2025-04-13,55,54,95
2025-04-14,66,58,100
2025-04-15,61,54,89
2025-04-16,58,51,86
2025-04-17,69,72,82
2025-04-18,60,65,73
2025-04-19,56,61,73
2025-04-20,62,60,76
2025-04-21,83,73,84
2025-04-22,91,82,94
2025-04-23,100,100,100
2025-04-24,79,82,91
2025-04-25,81,77,89
2025-04-26,62,70,83
2025-04-27,63,67,80
2025-04-28,75,83,92
2025-04-29,72,79,85
2025-04-30,68,67,84
2025-05-01,100,100,100
2025-05-02,94,91,93
2025-05-03,78,79,89
2025-05-04,79,71,95
2025-05-05,90,88,98
2025-05-06,84,82,100
2025-05-07,86,93,93
2025-05-08,100,75,90
2025-05-09,96,100,98
2025-05-10,75,74,88
2025-05-11,73,67,89
2025-05-12,93,84,99
2025-05-13,84,76,100
2025-05-14,76,70,93
2025-05-15,66,72,93
2025-05-16,78,76,89
2025-05-17,55,66,81
2025-05-18,64,69,81
2025-05-19,78,68,87
2025-05-20,77,72,88
2025-05-21,100,81,90
2025-05-22,100,100,100
2025-05-23,70,74,89
2025-05-24,52,54,74
2025-05-25,48,50,74
2025-05-26,54,54,78
2025-05-27,61,66,85
2025-05-28,63,60,93
2025-05-29,97,100,98
2025-05-30,88,74,85
2025-05-31,74,73,79
2025-06-01,69,68,72
2025-06-02,74,72,75
2025-06-03,77,81,79
2025-06-04,74,79,77
2025-06-05,98,72,90
2025-06-06,99,73,85
2025-06-07,85,62,76
2025-06-08,83,62,79
2025-06-09,100,75,100
2025-06-10,100,93,93
2025-06-11,96,100,90
2025-06-12,91,88,95
2025-06-13,100,79,98
2025-06-14,82,66,85
2025-06-15,79,62,83
2025-06-16,84,84,91
2025-06-17,88,74,95
2025-06-18,80,69,88
2025-06-19,72,77,94
2025-06-20,73,79,100
2025-06-21,66,73,90
2025-06-22,100,100,95
2025-06-23,96,90,95
2025-06-24,85,91,99
2025-06-25,83,88,97
2025-06-26,88,89,90
2025-06-27,100,92,93
2025-06-28,78,77,88
2025-06-29,83,78,87
2025-06-30,92,99,100
2025-07-01,85,89,89
2025-07-02,92,100,97
2025-07-03,100,89,87
2025-07-04,93,81,80
2025-07-05,82,67,73
2025-07-06,85,75,100
2025-07-07,96,87,89
2025-07-08,87,75,85
2025-07-09,100,100,92
2025-07-10,74,64,86
2025-07-11,100,81,99
2025-07-12,62,53,77
2025-07-13,63,55,76
2025-07-14,100,79,100
2025-07-15,74,63,89
2025-07-16,71,100,100
2025-07-17,98,95,100
2025-07-18,100,93,94
2025-07-19,86,70,91
2025-07-20,86,95,99
2025-07-21,96,100,96
2025-07-22,86,80,82
2025-07-23,84,72,85
2025-07-24,89,89,77
2025-07-25,97,83,69
2025-07-26,77,67,64
2025-07-27,84,86,65
2025-07-28,91,99,68
2025-07-29,100,96,82
2025-07-30,100,96,100
2025-07-31,81,86,73
2025-08-01,92,91,73
2025-08-02,100,90,87
2025-08-03,92,85,83
2025-08-04,95,99,91
2025-08-05,97,97,92
2025-08-06,100,100,100
2025-08-07,72,36,74
2025-08-08,71,45,70
2025-08-09,76,72,83
2025-08-10,81,64,86
2025-08-11,98,61,81
2025-08-12,91,85,95
2025-08-13,100,100,100
2025-08-14,100,94,100
2025-08-15,86,83,96
2025-08-16,76,79,95
2025-08-17,76,78,93
2025-08-18,80,75,88
2025-08-19,75,70,88
2025-08-20,64,57,65
2025-08-21,88,68,77
2025-08-22,100,100,100
2025-08-23,82,90,93
2025-08-24,83,85,81
2025-08-25,98,82,81
2025-08-26,97,78,83
2025-08-27,78,64,77
2025-08-28,89,78,93
2025-08-29,100,84,98
2025-08-30,88,71,86
2025-08-31,86,69,97
2025-09-01,90,72,93
2025-09-02,92,69,92
2025-09-03,87,71,91
2025-09-04,94,93,74
2025-09-05,93,93,72
2025-09-06,81,79,70
2025-09-07,80,75,71
2025-09-08,87,81,77
2025-09-09,87,78,81
2025-09-10,100,77,100
2025-09-11,87,80,75
2025-09-12,88,94,81
2025-09-13,85,100,87
2025-09-14,84,94,87
2025-09-15,88,87,85
2025-09-16,83,84,73
2025-09-17,86,81,76
2025-09-18,100,100,100
2025-09-19,85,99,84
2025-09-20,73,83,81
2025-09-21,47,46,36
2025-09-22,68,70,45
2025-09-23,64,57,41
2025-09-24,61,54,38
2025-09-25,94,100,100
2025-09-26,94,91,94
2025-09-27,77,69,73
2025-09-28,71,67,79
2025-09-29,89,89,89
2025-09-30,85,77,83
2025-10-01,100,88,95
2025-10-02,84,100,100
2025-10-03,89,100,99
2025-10-04,72,77,88
2025-10-05,100,98,93
