date,direction,position_size,actual_return,gross_profit,net_profit,profit,capital,correct
2022-10-14,1,1000.0,-0.0175337611593255,-17.5337611593255,-19.0337611593255,-19.0337611593255,9980.966238840674,0
2022-10-15,1,998.0966238840674,0.0243505850460033,24.304236724017752,22.807091788191652,22.807091788191652,10003.773330628866,1
2022-10-17,1,1000.3773330628867,-0.0160982345112951,-16.104308907430315,-17.604874907024644,-17.604874907024644,9986.168455721841,0
2022-10-18,1,998.6168455721842,-0.0190305733402313,-19.004251118451887,-20.502176386810163,-20.502176386810163,9965.666279335032,0
2022-10-19,1,996.5666279335032,-0.0019800623239236,-1.973264033250718,-3.468113975150973,-3.468113975150973,9962.198165359881,0
2022-10-20,1,996.2198165359882,0.0129653602974341,12.916348856832785,11.422019132028803,11.422019132028803,9973.62018449191,1
2022-10-23,1,997.362018449191,-0.0136231438016515,-13.587206199638725,-15.083249227312512,-15.083249227312512,9958.536935264598,0
2022-10-24,1,995.8536935264598,0.0831835502227897,82.83864573000889,81.3448651897192,81.3448651897192,10039.881800454317,1
2022-10-25,1,1003.9881800454318,0.0693099036609962,69.58632403572778,68.08034176565964,68.08034176565964,10107.962142219976,1
2022-10-26,-1,1010.7962142219976,-0.0338836458529034,34.24946095215364,32.733266630820644,32.733266630820644,10140.695408850797,1
2022-10-28,-1,1014.0695408850797,0.0404571793767717,-41.02639331610819,-42.54749762743581,-42.54749762743581,10098.147911223361,0
2022-10-29,-1,1009.8147911223361,-0.0180134600994688,18.190258447735623,16.67553626105212,16.67553626105212,10114.823447484414,1
2022-10-30,-1,1011.4823447484414,-0.0114234592684269,11.554627365966756,10.037403848844093,10.037403848844093,10124.860851333258,1
2022-10-31,-1,1012.4860851333259,0.0044347681013086,-4.490140993368097,-6.008870121068086,-6.008870121068086,10118.85198121219,0
2022-11-01,-1,1011.8851981212191,-0.0387171547563925,39.17731581136213,37.6594880141803,37.6594880141803,10156.51146922637,1
2022-11-02,-1,1015.651146922637,0.0077542001508459,-7.875562276674324,-9.39903899705828,-9.39903899705828,10147.112430229312,0
2022-11-03,-1,1014.7112430229313,0.0715222443676809,-72.57442548611932,-74.09649235065372,-74.09649235065372,10073.015937878657,0
2022-11-04,-1,1007.3015937878658,-0.01046452870181,10.540936439572079,9.02998404889028,9.02998404889028,10082.045921927547,1
2022-11-05,-1,1008.2045921927547,-0.0348346128361073,35.12041662862006,33.60810974033093,33.60810974033093,10115.654031667878,1
2022-11-06,-1,1011.5654031667879,-0.0023200484163604,2.3468807116620756,0.8295326069118938,0.8295326069118938,10116.48356427479,1
2022-11-07,-1,1011.648356427479,-0.1628692796958825,164.7664391168669,163.24896658222568,163.24896658222568,10279.732530857014,1
2022-11-09,1,1685.399911241894,0.1664878018308016,280.5985264284911,278.07042656162827,278.07042656162827,10557.802957418642,1
2022-11-16,-1,2272.862501588251,-0.0122447127915067,27.83054854653357,24.421254794151196,24.421254794151196,10582.224212212794,1
2022-11-18,-1,2373.7105928435226,0.0050408603588001,-11.965543630728797,-15.526109519994082,-15.526109519994082,10566.698102692799,0
2022-11-19,-1,2210.895417013427,-0.0643708090930409,142.31712681325035,139.0007836877302,139.0007836877302,10705.698886380529,1
2022-11-20,1,2439.8012874869646,-0.0303145203859086,-73.96140586708964,-77.62110779832008,-77.62110779832008,10628.077778582208,0
2022-11-21,1,2072.7876530801873,0.0239103148225056,49.5610053453498,46.451823865729516,46.451823865729516,10674.529602447938,1
2022-11-25,1,2187.1769899610276,0.0057984000992445,12.68212727565531,9.401361790713768,9.401361790713768,10683.93096423865,1
2022-11-26,1,2252.4044623673917,-0.0089720588375672,-20.208705362359154,-23.587312055910242,-23.587312055910242,10660.34365218274,0
2022-11-27,1,2095.0977258371904,-0.0211750110465806,-44.3637174882684,-47.50636407702419,-47.50636407702419,10612.837288105717,0
2022-11-30,-1,1871.1840381763145,-0.0150974529655011,28.250113006163325,25.443336948898853,25.443336948898853,10638.280625054616,1
2022-12-02,-1,1951.3193767621715,-0.0401754367881954,78.39510827468946,75.4681292095462,75.4681292095462,10713.748754264163,1
2022-12-05,-1,2090.9185751492,0.0094631181872598,-19.78660959657374,-22.92298745929754,-22.92298745929754,10690.825766804865,0
2022-12-06,-1,1958.2409035268536,-0.0313243491098491,61.3406217032615,58.40326034797122,58.40326034797122,10749.229027152836,1
2022-12-08,-1,2070.308046619989,-0.0132252540832769,27.38034994720203,24.274887877272047,24.274887877272047,10773.503915030109,1
2023-06-09,-1,2139.6600802923176,-0.0489103826705831,104.65159331206782,101.44210319162934,101.44210319162934,10874.946018221739,1
2023-06-13,-1,2289.5217359142875,-0.05224189755336,119.60895997382515,116.17467736995371,116.17467736995371,10991.120695591693,1
2023-06-23,-1,2442.8254171982126,-0.0089163323531027,21.781043300346024,18.116805174548706,18.116805174548706,11009.237500766241,1
2023-07-09,1,2498.826889542088,0.0093743551453533,23.424890709326053,19.676650375012922,19.676650375012922,11028.914151141254,1
2023-08-01,-1,2554.474494824514,-0.0176255890830373,45.024117768876174,41.192406026639404,41.192406026639404,11070.106557167894,1
2024-02-02,1,2627.9691370143687,-0.0052126776128544,-13.698755887787097,-17.64070959330865,-17.64070959330865,11052.465847574585,0
2024-02-03,1,2517.588592990313,-0.0028315656930748,-7.128717489187826,-10.905100378673296,-10.905100378673296,11041.560747195912,0
2024-02-04,1,2429.781413303077,0.0040723193113711,9.894845771804686,6.250173651850071,6.250173651850071,11047.810920847762,1
2024-02-05,1,2470.208747194071,0.0313926711471676,77.54645086552034,73.84113774472924,73.84113774472924,11121.652058592492,1
2024-02-06,1,2568.8845772390036,0.0214953156349962,55.21898481762616,51.36565795176765,51.36565795176765,11173.01771654426,1
2024-02-07,1,2645.266196784002,-0.0015850123660973,-4.192779633521817,-8.16067892869782,-8.16067892869782,11164.857037615562,0
2024-02-08,1,2567.8804431272047,0.0275555708006856,70.7594113582876,66.90759069359679,66.90759069359679,11231.764628309158,1
2024-02-09,1,2654.470420881564,0.0054974483774366,14.592814108228803,10.611108476906455,10.611108476906455,11242.375736786065,1
2024-02-10,1,2694.3165052069253,0.0025324588842513,6.823245770596191,2.7817710127858035,2.7817710127858035,11245.157507798851,1
2024-02-11,1,2726.7149304460436,0.0583032099839121,158.97623315606396,154.8861607603949,154.8861607603949,11400.043668559247,1
2024-02-12,1,2850.0109171398117,-0.0060112477475168,-17.13212170605498,-21.4071380817647,-21.4071380817647,11378.636530477483,0
2024-02-13,1,2844.6591326193707,0.0500897493405292,142.48826291215147,138.22127421322242,138.22127421322242,11516.857804690706,1
2024-02-16,1,2879.2144511726765,-0.0060886380073005,-17.530494538578807,-21.849316215337822,-21.849316215337822,11495.008488475369,0
2024-02-17,1,2873.752122118842,0.0325940629496657,93.66725757007694,89.35662938689867,89.35662938689867,11584.365117862268,1
2024-02-18,1,2896.091279465567,0.0221823962784109,64.24224441955525,59.8981075003569,59.8981075003569,11644.263225362625,1
2024-02-19,1,2911.0658063406563,0.0234786796705328,68.34798156691355,63.981382857402565,63.981382857402565,11708.244608220028,1
2024-02-21,1,2927.061152055007,0.0002194296137367,0.6422838979791302,-3.7483078301033803,-3.7483078301033803,11704.496300389925,1
2024-02-22,1,2926.124075097481,-0.0167497288331502,-49.01178479003524,-53.400970902681465,-53.400970902681465,11651.095329487243,0
2024-02-23,1,2912.773832371811,0.0239197250362116,69.67274916300602,65.3035884144483,65.3035884144483,11716.398917901692,1
2024-02-24,1,2929.099729475423,0.0394185803791827,115.46095312496927,111.06730353075613,111.06730353075613,11827.466221432447,1
2024-02-25,1,2956.866555358112,0.0210750468838978,62.31610128360159,57.88080145056442,57.88080145056442,11885.347022883012,1
2024-02-26,1,2971.336755720753,0.0204025144361792,60.62274105334253,56.1657359197614,56.1657359197614,11941.512758802774,1
2024-02-27,1,2985.3781897006934,0.0425946193780364,127.16104768979238,122.68298040524134,122.68298040524134,12064.195739208015,1
2024-02-28,1,3016.0489348020037,-0.0130164233010779,-39.25816963214798,-43.78224303435099,-43.78224303435099,12020.413496173664,0
2024-02-29,1,3005.103374043416,0.0274872373036918,82.60198956445628,78.09433450339115,78.09433450339115,12098.507830677056,1
2024-03-01,1,3024.626957669264,-0.0037929033703291,-11.472117781732003,-16.0090582182359,-16.0090582182359,12082.498772458819,0
2024-03-02,1,3020.6246931147048,0.0199466802026198,60.25143476569559,55.72049772602354,55.72049772602354,12138.219270184843,1
2024-03-03,1,3034.554817546211,0.039165745876315,118.85060283176233,114.29877060544301,114.29877060544301,12252.518040790286,1
2024-03-04,1,3063.1295101975716,-0.021007050416046,-64.34731605159867,-68.94201031689502,-68.94201031689502,12183.57603047339,0
2024-03-05,1,3045.8940076183476,0.0717027623548773,218.3990141864032,213.8301731749757,213.8301731749757,12397.406203648366,1
2024-03-06,-1,3099.3515509120916,0.0143294342144944,-44.41195415638601,-49.060981482754144,-49.060981482754144,12348.345222165612,0
2024-03-07,-1,3087.086305541403,0.0045615445502833,-14.081881713296593,-18.712511171608696,-18.712511171608696,12329.632710994003,0
2024-03-08,-1,3082.4081777485007,0.0059834876050164,-18.443551125159342,-23.067163391782092,-23.067163391782092,12306.56554760222,0
2024-03-09,-1,2993.852404620091,-0.0087797237225827,26.28519697875427,21.794418371824136,21.794418371824136,12328.359965974045,1
2024-03-10,-1,3082.089991493511,0.0466265599074274,-143.70725362845462,-148.3303886156949,-148.3303886156949,12180.02957735835,0
2024-03-11,-1,2671.504053750577,-0.0214187117111479,57.22017516244657,53.21291908182071,53.21291908182071,12233.24249644017,1
2024-03-12,-1,2939.845679938352,0.0065568589305074,-19.276153400817382,-23.68592192072491,-23.68592192072491,12209.556574519445,0
2024-03-13,-1,2779.492671310021,-0.0312631146419185,86.89559802953747,82.72635902257244,82.72635902257244,12292.282933542017,1
2024-03-14,-1,2835.6341914754385,-0.0388374261325501,110.12873345036076,105.8752821631476,105.8752821631476,12398.158215705165,1
2024-03-15,-1,3042.466409845101,-0.058533586440877,178.08647059413295,173.5227709793653,173.5227709793653,12571.68098668453,1
2024-03-16,1,3142.9202466711326,0.0333732074975971,104.88932954055477,100.17494917054808,100.17494917054808,12671.85593585508,1
2024-03-17,-1,3167.96398396377,-0.0347579846458721,110.11204351328851,105.36009753734285,105.36009753734285,12777.216033392422,1
2024-03-18,1,3194.3040083481055,-0.1080704152151127,-345.2097605054786,-350.0012165180007,-350.0012165180007,12427.21481687442,0
2024-03-19,1,2805.5154302774745,0.1067642582840092,299.5287740179175,295.32050087250127,295.32050087250127,12722.535317746922,1
2024-03-20,1,2992.9264027489494,-0.0058238064955592,-17.430224225059963,-21.919613829183387,-21.919613829183387,12700.61570391774,0
2024-03-21,1,2856.3202426716507,-0.0466792544778223,-133.3308994778251,-137.61537984183258,-137.61537984183258,12563.000324075907,0
2024-03-22,1,2489.1853271607483,0.0008713292933912,2.168900092234718,-1.5648778985064045,-1.5648778985064045,12561.4354461774,1
2024-03-23,1,2342.7582549801687,0.0347667100501574,81.44999696850824,77.93585958603799,77.93585958603799,12639.371305763438,1
2024-03-25,-1,2392.2653065090108,-0.0009414108524901,2.252104521583138,-1.3362934381803782,-1.3362934381803782,12638.035012325257,1
2024-03-26,-1,2301.9764192650937,-0.0246610500870067,56.76915577460481,53.31619114570717,53.31619114570717,12691.351203470964,1
2024-03-27,-1,2318.4988844328354,0.017328054549411,-40.17507514220072,-43.652823468849974,-43.652823468849974,12647.698380002113,0
2024-03-28,-1,2273.4529559415123,-0.0139934681623031,31.813491557461425,28.403312123549156,28.403312123549156,12676.101692125663,1
2024-03-29,-1,2387.062312447918,-0.001100271812307,2.626417376606809,-0.9541760920650684,-0.9541760920650684,12675.147516033598,1
2024-03-30,-1,2305.0596377004063,0.0391095131885664,-90.14976030107611,-93.60734975762672,-93.60734975762672,12581.54016627597,0
2024-03-31,-1,2040.3044905620545,-0.0399406318143036,81.4910504466093,78.43059371076622,78.43059371076622,12659.970759986736,1
2024-04-01,-1,2069.6286865231054,-0.0671991251460799,139.07723711158312,135.97279408179847,135.97279408179847,12795.943554068535,1
2024-09-29,-1,2257.3854289608453,-0.0213918450206831,48.28963924827865,44.90356110483738,44.90356110483738,12840.847115173372,1
2024-09-30,-1,2252.6171344047116,-0.0610411526647519,137.50234639643395,134.12342069482688,134.12342069482688,12974.970535868199,1
2024-10-01,1,2345.579492576341,-0.0347715945183327,-81.5595390263811,-85.07790826524561,-85.07790826524561,12889.892627602952,0
2024-10-02,1,2140.371489696994,-0.0065494845084828,-14.018329914168715,-17.228887148714207,-17.228887148714207,12872.663740454238,0
2024-10-03,1,1953.1504388481048,0.027287462033179,53.29651844515456,50.36679278688241,50.36679278688241,12923.03053324112,1
2024-10-07,1,2091.0459820257665,0.0074231254351555,15.522096615255178,12.385527642216529,12.385527642216529,12935.416060883337,1
2024-10-09,1,2014.073870002581,0.0065547371097369,13.201724737457331,10.18061393245346,10.18061393245346,12945.59667481579,1
2024-10-10,1,2124.0613976340724,0.0218479483789536,46.40638376923725,43.220291672786146,43.220291672786146,12988.816966488575,1
2024-10-11,1,2099.898525907392,0.0162875440193121,34.20218967680524,31.052341887944152,31.052341887944152,13019.86930837652,1
2024-10-12,1,2084.761083596308,-0.0035784153134817,-7.46014098649173,-10.587282611886192,-10.587282611886192,13009.282025764633,0
2024-10-13,1,1952.9577390454192,0.0632882475334612,123.5992728110952,120.66983620252708,120.66983620252708,13129.95186196716,1
2024-10-14,-1,2131.68739725862,-0.0087405603692993,18.63214238421347,15.43461128832554,15.43461128832554,13145.386473255485,1
2024-10-16,-1,2298.361189783028,-0.0026186483403767,6.018599715211543,2.5710579305370014,2.5710579305370014,13147.957531186023,1
2024-10-18,-1,2255.7135455827647,0.002685996070363,-6.058837719299897,-9.442408037674044,-9.442408037674044,13138.515123148349,0
2024-10-19,-1,2087.3782352888543,0.0362251475388791,-75.61558454278384,-78.74665189571712,-78.74665189571712,13059.768471252632,0
2024-10-20,-1,1839.6985637703494,-0.0298066117230178,54.8351807776963,52.075632932040776,52.075632932040776,13111.844104184673,1
2024-10-22,-1,1843.7207771218568,-0.0433260248214441,79.88109215339377,77.11551098771098,77.11551098771098,13188.959615172384,1
2024-10-23,1,1816.652543888838,0.0100721254515189,18.29755232386932,15.572573508036061,15.572573508036061,13204.53218868042,1
2024-10-25,1,1967.8632336722776,0.0177682866444481,34.96555801295958,32.01376316245117,32.01376316245117,13236.54595184287,1
2024-10-29,-1,1933.2412939824844,0.0073329238307719,-14.176311155276464,-17.07617309625019,-17.07617309625019,13219.469778746621,0
2024-10-30,-1,1928.9368405580813,-0.0547473020077586,105.60408776392497,102.71068250308784,102.71068250308784,13322.180461249709,1
2024-10-31,1,1984.374957799836,-0.0015569071230169,-3.089487506534925,-6.066049943234679,-6.066049943234679,13316.114411306475,0
2024-11-01,1,1809.1492045518592,-0.0083218891263054,-15.055539093224178,-17.769262900051967,-17.769262900051967,13298.345148406423,0
2024-11-02,1,1893.6623764021776,-0.014004616269904,-26.52001492626701,-29.360508490870277,-29.360508490870277,13268.984639915552,0
2024-11-03,1,1574.6559486418184,-0.0244782047131737,-38.54475066367117,-40.906734586633895,-40.906734586633895,13228.077905328919,0
2024-11-04,1,1584.4880962571094,0.0106332889134209,16.84831970737811,14.471587562992445,14.471587562992445,13242.54949289191,1
2024-11-05,1,1692.9290599448,0.117301252640699,198.58269936336606,196.04330577344885,196.04330577344885,13438.592798665359,1
2024-11-06,1,2013.2078633442345,0.0610238212650149,122.85363682204111,119.83382502702476,119.83382502702476,13558.426623692383,1
2024-11-09,-1,2115.5762456689054,0.019039562143504,-40.27964539873401,-43.45300976723737,-43.45300976723737,13514.973613925145,0
2024-11-11,-1,2288.5953014562688,-0.0388371717082606,88.88256869337555,85.44967574119114,85.44967574119114,13600.423289666336,1
2024-11-14,1,2326.962168225607,0.0143111412759222,33.3014843332029,29.81104108086449,29.81104108086449,13630.2343307472,1
2024-11-15,1,2473.3346511972863,0.0096959944927981,23.9814391568556,20.27143718005967,20.27143718005967,13650.50576792726,1
2024-11-16,1,2430.6684174421566,-0.0185584011251578,-45.10931949314405,-48.75532211930729,-48.75532211930729,13601.750445807953,0
2024-11-17,1,2174.3735586821344,0.0420829005896754,91.50394631483898,88.24238597681578,88.24238597681578,13689.992831784768,1
2024-11-18,1,2113.201881821262,-0.0305352860860552,-64.52722401900245,-67.69702684173434,-67.69702684173434,13622.295804943034,0
2024-11-19,1,1811.0040751375086,-0.0126776464344102,-22.959269355869377,-25.67577546857564,-25.67577546857564,13596.62002947446,0
2024-11-20,1,1585.2009533609203,0.0898645943802071,142.4534406848967,140.0756392548553,140.0756392548553,13736.695668729315,1
2024-11-21,-1,2474.651810342172,-0.0088016836633051,21.781102411457088,18.069124695943827,18.069124695943827,13754.764793425258,1
2024-11-22,1,2249.0793957212127,0.0192111279923958,43.20735213626042,39.8337330426786,39.8337330426786,13794.598526467937,1
2024-11-24,1,2420.3041217403097,0.0147213910492589,35.63024343427222,31.99978725166175,31.99978725166175,13826.598313719598,1
2024-11-25,1,2846.743913002512,-0.0258251207041483,-73.51750516708931,-77.78762103659308,-77.78762103659308,13748.810692683004,0
2024-11-26,1,2659.9731413776694,0.0947853875464588,252.12658506865384,248.13662535658733,248.13662535658733,13996.94731803959,1
2024-11-27,-1,2841.9126740666943,-0.0214011466680937,60.820189955615696,56.55732094451565,56.55732094451565,14053.504638984106,1
2025-01-01,1,2989.477869587134,0.0287719812471197,86.01320120244038,81.52898439805968,81.52898439805968,14135.033623382165,1
2025-01-02,-1,3026.6498033478138,0.04354668421094,-131.8005632034909,-136.34053790851263,-136.34053790851263,13998.693085473653,0
2025-01-03,-1,2805.012488578875,0.0145119104984091,-40.706090181176414,-44.91360891404473,-44.91360891404473,13953.779476559608,0
2025-01-04,-1,2595.816095445139,-0.0064738680818537,16.804970966664385,12.911246823496676,12.911246823496676,13966.690723383104,1
2025-01-05,-1,2694.795449962665,0.0148875313185878,-40.118851658507076,-44.16104483345107,-44.16104483345107,13922.529678549654,0
2025-01-06,-1,2789.1179653927406,-0.0869077685531822,242.39601860387475,238.21234165578565,238.21234165578565,14160.74202020544,1
2025-01-08,1,2954.470693480117,-0.03266486590658,-96.50738902744844,-100.93909506766862,-100.93909506766862,14059.802925137772,0
2025-01-09,1,2543.3870257344297,0.0148175715588577,37.68681925569016,33.87173871708852,33.87173871708852,14093.674663854861,1
2025-01-10,1,2540.1990710497753,0.0044972412685267,11.423888092598236,7.6135894860235735,7.6135894860235735,14101.288253340885,1
2025-01-11,1,2427.4407988079556,-0.0049683003473945,-12.060254963997147,-15.701416162209082,-15.701416162209082,14085.586837178676,0
2025-01-12,1,2574.0916883567497,-0.0407624708626445,-104.9263374444174,-108.78747497695252,-108.78747497695252,13976.799362201724,0
2025-01-13,1,2358.626062207629,0.0277364087279761,65.41981649784758,61.881877404536134,61.881877404536134,14038.68123960626,1
2025-01-14,1,2380.262712984176,0.0680050624458268,161.86991443396198,158.29952036448572,158.29952036448572,14196.980759970746,1
2025-01-15,-1,2540.2143438780786,-0.0420819150241248,106.89708416214023,103.08676264632311,103.08676264632311,14300.067522617068,1
2025-01-16,-1,2635.0820134143555,0.0488893894473717,-128.82755077957876,-132.7801737997003,-132.7801737997003,14167.287348817368,0
2025-01-17,-1,2240.6187771886425,-0.0496621781129338,111.2740087959263,107.91308063014334,107.91308063014334,14275.200429447512,1
2025-01-18,-1,2324.993063628119,-0.029727086231321,69.11526928969629,65.6277796942541,65.6277796942541,14340.828209141766,1
2025-01-19,1,2489.415928959378,0.0212960252599855,53.014664505729186,49.28054061229012,49.28054061229012,14390.108749754056,1
2025-01-21,-1,2437.2145841559404,-0.026550445302571,64.70913250726062,61.05331063102671,61.05331063102671,14451.162060385082,1
2025-01-25,-1,2486.970744589536,-0.0247625210124462,61.58366532023736,57.85320920335305,57.85320920335305,14509.015269588435,1
2025-01-27,-1,2542.873426190749,-0.0325499723638392,82.77045974724997,78.95614960796385,78.95614960796385,14587.9714191964,1
2025-01-28,-1,2721.3449121651242,0.0115949046291258,-31.553734719511343,-35.63575208775903,-35.63575208775903,14552.33566710864,0
2025-01-29,-1,2795.439878696885,0.0423851172810219,-118.48504711061311,-122.67820692865844,-122.67820692865844,14429.657460179982,0
2025-01-30,-1,2421.5745914419012,0.0154249190535988,-37.35259205524291,-40.98495394240576,-40.98495394240576,14388.672506237577,0
2025-01-31,-1,2196.9798519527862,-0.056099456678397,123.24937602793638,119.9539062500072,119.9539062500072,14508.626412487585,1
2025-02-01,-1,2305.926164410314,-0.0834406769982787,192.4080402664407,188.94915101982522,188.94915101982522,14697.575563507411,1
2025-02-02,1,2460.217494217298,0.0055182004281227,13.575973229864848,9.885646988538902,9.885646988538902,14707.46121049595,1
2025-02-05,1,2581.1358010406566,-0.0362986923409433,-93.69185433216903,-97.56355803373002,-97.56355803373002,14609.897652462221,0
2025-02-06,1,2234.6606032155246,-0.0249286237438278,-55.707013372715075,-59.059004277538364,-59.059004277538364,14550.838648184683,0
2025-02-07,1,2134.036795776793,0.0038432364127754,8.201607919731911,5.000552726066722,5.000552726066722,14555.83920091075,1
2025-02-08,1,2242.1699561025766,-0.001363671779848,-3.057583894760113,-6.420838828913977,-6.420838828913977,14549.418362081837,0
2025-02-09,1,2282.0653425227965,0.0122671647820378,27.994471600104678,24.571373586320483,24.571373586320483,14573.989735668158,1
2025-02-10,1,2456.4746590961954,-0.0221837874782939,-54.49391178320446,-58.178623771848756,-58.178623771848756,14515.81111189631,0
2025-02-11,1,2255.0412992229626,0.0502457939539772,113.30634047846603,109.92377852963158,109.92377852963158,14625.734890425942,1
2025-02-12,-1,2192.762571175225,-0.0225399207159828,49.424694503264156,46.13555064650132,46.13555064650132,14671.870441072442,1
2025-02-13,-1,2126.9827036503752,0.0185821782494587,-39.523971732746865,-42.71444578822243,-42.71444578822243,14629.15599528422,0
2025-02-14,-1,2122.1971377148675,-0.0120052478650752,25.477502656820114,22.294206950247812,22.294206950247812,14651.450202234468,1
2025-02-15,-1,2059.585967805969,-0.0112917377009368,23.256304520995066,20.16692556928611,20.16692556928611,14671.617127803755,1
2025-02-16,-1,2052.034602170124,0.0295530832150875,-60.64394935817265,-63.722001261427835,-63.722001261427835,14607.895126542327,0
2025-02-18,-1,1833.8471829331634,0.0172450630691503,-31.624810328866012,-34.37558110326576,-34.37558110326576,14573.519545439061,0
2025-02-19,-1,1857.0108327190978,0.0090230700469935,-16.75593882165015,-19.541455070728798,-19.541455070728798,14553.978090368333,0
2025-02-20,-1,1657.806188606914,-0.029902349843719,49.572300624806346,47.08559134189598,47.08559134189598,14601.06368171023,1
2025-02-22,-1,1908.2477422294874,0.0205119180975236,-39.14182139839557,-42.0041930117398,-42.0041930117398,14559.059488698489,0
2025-02-23,-1,1871.0151140668565,-0.1153974020454973,215.91028335117502,213.10376068007474,213.10376068007474,14772.163249378564,1
2025-02-25,-1,1978.150517914795,-0.0672329309662303,132.99685721177812,130.02963143490592,130.02963143490592,14902.192880813469,1
2025-02-26,1,2109.5205487774165,-0.0112007271794719,-23.628164146345686,-26.79244496951181,-26.79244496951181,14875.400435843958,0
2025-02-27,1,1949.272983519652,-0.0297505128114046,-57.991870869126274,-60.91578034440575,-60.91578034440575,14814.484655499553,0
2025-02-28,1,1736.4443791440558,-0.0095462532097632,-16.576537727979208,-19.18120429669529,-19.18120429669529,14795.303451202857,0
2025-03-02,-1,1837.077388285053,-0.1607305919811375,295.2745361342186,292.518920051791,292.518920051791,15087.822371254648,1
2025-03-03,1,1916.8009151788617,0.0113270391590879,21.71167902640649,18.836477653638198,18.836477653638198,15106.658848908286,1
2025-03-04,-1,1882.3637170182762,0.0326240544707295,-61.410336437729086,-64.2338820132565,-64.2338820132565,15042.424966895029,0
2025-03-05,-1,1612.8236619338797,-0.017775649142083,28.66898754258613,26.24975204968531,26.24975204968531,15068.674718944714,1
2025-03-06,-1,1953.2571001037325,-0.0292499392445081,57.13265150693825,54.202765856782655,54.202765856782655,15122.877484801496,1
2025-03-08,-1,2167.5347356345733,-0.0882717578959728,191.33210141504645,188.0807993115946,188.0807993115946,15310.95828411309,1
2025-03-09,1,2349.325442651757,-0.0796765351661053,-187.1861112480686,-190.71009941204625,-190.71009941204625,15120.248184701044,0
2025-03-10,1,2067.1346649270645,0.0310491275227027,64.18272781791974,61.08202582052915,61.08202582052915,15181.330210521573,1
2025-03-14,1,1901.0836099530209,0.0145196855680909,27.603136255169026,24.751510840239494,24.751510840239494,15206.081721361814,1
2025-03-16,1,2189.511595969652,0.0207471142609931,45.426047257351726,42.14177986339725,42.14177986339725,15248.223501225211,1
2025-03-17,1,2203.7887172172623,0.002871078927171,6.3272513459396915,3.0215682701137982,3.0215682701137982,15251.245069495326,1
2025-03-19,-1,2199.6733080053614,-0.037455863474503,82.3906631131572,79.09115315114916,79.09115315114916,15330.336222646474,1
2025-03-20,-1,2393.9630418737947,-0.0087421632555289,20.928415739763285,17.337471176952594,17.337471176952594,15347.673693823426,1
2025-03-21,-1,2705.676246137662,0.0077013049797792,-20.83723794805027,-24.895752317256765,-24.895752317256765,15322.777941506169,0
2025-03-22,-1,2513.734370351447,0.0126773171909869,-31.867407946831033,-35.6380095023582,-35.6380095023582,15287.13993200381,0
2025-03-23,-1,2204.2401526317312,0.0353618675399893,-77.94604830368908,-81.25240853263668,-81.25240853263668,15205.887523471174,0
2025-03-24,-1,1844.9051550858603,-0.004687233608202,8.647501446863567,5.8801437142347766,5.8801437142347766,15211.76766718541,1
2025-03-25,-1,2195.5618401346997,-0.0287365848319978,63.092949072927986,59.799606312725935,59.799606312725935,15271.567273498136,1
2025-03-26,-1,2150.3133272094165,-0.003406125470101,7.324236992505619,4.098767001691494,4.098767001691494,15275.666040499827,1
2025-03-27,-1,2078.303148224097,-0.054840995788628,113.97621419925002,110.85875947691387,110.85875947691387,15386.524799976742,1
2025-03-28,-1,2166.556698949574,-0.0366336179802346,79.36881044183684,76.11897539341248,76.11897539341248,15462.643775370154,1
2025-03-31,-1,2194.6204500032477,0.0439932043987863,-96.54838603474924,-99.84031670975412,-99.84031670975412,15362.803458660399,0
2025-04-01,-1,1828.6425723190196,-0.0595604475170215,108.91476995599815,106.17180609751962,106.17180609751962,15468.975264757919,1
2025-04-03,-1,1875.4360092600969,-0.0001663476994835,0.3119744656689331,-2.5011795482212125,-2.5011795482212125,15466.474085209698,1
2025-04-04,-1,1945.6565514893525,-0.005170484318878,10.059986689397943,7.141501862163915,7.141501862163915,15473.615587071863,1
2025-04-05,-1,2291.8794112764153,-0.1357478212835792,311.11763672546556,307.67981760855093,307.67981760855093,15781.295404680413,1
2025-04-06,1,2812.7710781066858,-0.0137213348593793,-38.59497384547917,-42.8141304626392,-42.8141304626392,15738.481274217775,0
2025-04-07,1,2522.2785458494195,-0.0546327987842089,-137.79913627311836,-141.5825540918925,-141.5825540918925,15596.898720125882,0
2025-04-09,-1,1924.8591947417203,-0.0912832400149294,175.7073838685522,172.82009507643963,172.82009507643963,15769.718815202323,1
2025-04-10,1,2134.235396378339,0.0288924750311869,61.663342900536435,58.461989805968926,58.461989805968926,15828.180805008291,1
2025-04-11,1,2477.8636260864623,0.0475869513297275,117.91397577627858,114.19718033714888,114.19718033714888,15942.37798534544,1
2025-04-12,-1,2808.324881906759,-0.0289153938739919,81.20382008646573,76.99133276360558,76.99133276360558,16019.369318109046,1
2025-04-14,-1,2883.11938205411,-0.0212609529619479,61.297865565532724,56.97318649245156,56.97318649245156,16076.342504601498,1
2025-04-15,1,3047.210134359058,-0.0066485696482914,-20.25958881126559,-24.830404012804177,-24.830404012804177,16051.512100588694,0
2025-04-16,1,2879.512089213718,0.0028114412594665,8.095579094748027,3.77631096092745,3.77631096092745,16055.288411549622,1
2025-04-17,1,3093.190877094359,0.0040210661228095,12.43792504726753,7.798138731625992,7.798138731625992,16063.086550281248,1
2025-04-18,1,3009.599101391464,0.0149904816405125,45.11534007471166,40.600941422624466,40.600941422624466,16103.687491703873,1
2025-04-19,1,3012.379670654977,-0.0158785204153312,-47.83213209922373,-52.35070160520619,-52.35070160520619,16051.336790098667,0
2025-04-20,1,2982.3791946508964,-0.0049126553327039,-14.65140105474689,-19.124969846723232,-19.124969846723232,16032.211820251943,0
2025-04-21,1,2827.429436401449,0.1065397661091052,301.23367084420954,296.99252668960736,296.99252668960736,16329.204346941551,1
2025-04-28,1,3103.225954897971,0.0001800167136095,0.5586325379884352,-4.096206394358521,-4.096206394358521,16325.108140547192,1
2025-04-29,1,3214.047002027069,-0.0030060374028753,-9.661545502692595,-14.482616005733199,-14.482616005733199,16310.62552454146,0
2025-04-30,1,3248.395630371352,0.0250198601127331,81.27440426270468,76.40181081714765,76.40181081714765,16387.02733535861,1
2025-05-01,1,3457.2695310365066,0.0018937512087332,6.547208353316847,1.361304056762087,1.361304056762087,16388.38863941537,1
2025-05-02,1,3427.6811796336633,-0.0048241895432072,-16.535783704236838,-21.677305473687333,-21.677305473687333,16366.711333941683,0
2025-05-03,1,3462.07807180141,-0.0138620976710994,-47.99166437628263,-53.18478148398474,-53.18478148398474,16313.526552457699,0
2025-05-04,1,3091.4419331749937,0.0061204042648664,18.92087439239106,14.28371149262857,14.28371149262857,16327.810263950327,1
2025-05-05,1,2999.488200735328,-0.0025365944781066,-7.608485207131134,-12.107717508234128,-12.107717508234128,16315.702546442093,0
2025-05-06,1,3028.137606112595,-0.0019195641123836,-5.812704276052923,-10.354910685221816,-10.354910685221816,16305.34763575687,0
2025-05-07,1,3132.449108873311,0.1972000632121607,617.7191622786934,613.0204886153834,613.0204886153834,16918.368124372253,1
2025-05-08,1,3807.5497493960747,0.0610875329783339,232.5938208828797,226.88249625878558,226.88249625878558,17145.25062063104,1
2025-05-10,-1,3822.429199947906,-0.0283504665872706,108.3676513153306,102.63400751540874,102.63400751540874,17247.884628146447,1
2025-05-13,-1,3891.5019822047448,-0.0264907179689115,103.08868148604596,97.25142851273884,97.25142851273884,17345.136056659187,1
2025-05-14,-1,4205.43196330214,-0.0245144241590459,103.0937429203978,96.7855949754446,96.7855949754446,17441.92165163463,1
2025-05-16,-1,4262.5063526036765,-0.024160227325987,102.98312245736852,96.589362928463,96.589362928463,17538.511014563093,1
2025-05-17,1,4305.712640603935,0.0090387837382964,38.918405397668096,32.459836436762195,32.459836436762195,17570.970850999856,1
2025-05-18,1,4238.941216113829,0.0123059607079051,52.16424404861624,45.805832224445496,45.805832224445496,17616.776683224303,1
2025-05-19,1,4404.194170806076,-0.0019763776526482,-8.704350937104596,-15.310642193313711,-15.310642193313711,17601.466041030988,0
2025-05-20,1,4400.366510257747,0.0110998715940303,48.84350323053221,42.24295346514559,42.24295346514559,17643.708994496134,1
2025-05-21,1,4410.927248624033,0.042874284441957,189.11534951028557,182.49895863734952,182.49895863734952,17826.207953133482,1
2025-05-22,-1,4456.5519882833705,-0.0530757311965884,236.53475539374975,229.8499274113247,229.8499274113247,18056.057880544806,1
2025-05-23,1,4514.014470136201,0.0016627539642371,7.505695454842601,0.7346737496382989,0.7346737496382989,18056.792554294443,1
2025-05-26,-1,4514.198138573611,0.0378570000457332,-170.8939991384299,-177.66529634629032,-177.66529634629032,17879.127257948152,0
2025-05-27,-1,4303.879403564821,0.0071626326498702,-30.827107137077267,-37.282926242424494,-37.282926242424494,17841.844331705728,0
2025-05-28,-1,4273.888346927498,-0.0186493981950164,79.7054456228913,73.29461310250005,73.29461310250005,17915.138944808226,1
2025-05-29,-1,4478.784736202057,-0.0397957496871885,178.23659626469762,171.51841916039453,171.51841916039453,18086.65736396862,1
2025-05-30,1,4521.664340992155,-0.0003384842587673,-1.5305122028552618,-8.313008714343495,-8.313008714343495,18078.344355254278,0
2025-05-31,1,4519.586088813569,0.0028345344571224,12.810922500673122,6.031543367452768,6.031543367452768,18084.37589862173,1
2025-06-01,1,4521.093974655432,0.0275444382607292,124.53099385585134,117.74935289386819,117.74935289386819,18202.125251515597,1
2025-06-02,-1,4550.531312878899,-0.0053139106507145,24.18111680991702,17.35531984059867,17.35531984059867,18219.480571356195,1
2025-06-04,-1,4554.870142839049,-0.0765986847759242,348.8970622665971,342.06475705233856,342.06475705233856,18561.545328408534,1
2025-06-05,1,4640.386332102134,0.0248952972758043,115.52379721226175,108.56321771410856,108.56321771410856,18670.108546122643,1
2025-06-06,1,4667.527136530661,0.0197102709384413,91.99822447354641,84.99693376875042,84.99693376875042,18755.105479891394,1
2025-06-07,1,4688.776369972848,-0.0062407782732493,-29.261613697851274,-36.294778252810545,-36.294778252810545,18718.810701638584,0
2025-06-08,1,4679.702675409646,0.0657864192835449,307.8608823268258,300.8413283137113,300.8413283137113,19019.652029952296,1
2025-06-09,-1,4754.913007488074,0.0480527949894558,-228.48685994152112,-235.61922945275322,-235.61922945275322,18784.032800499543,0
2025-06-10,-1,4696.008200124886,-0.0143148840506453,67.22281288566727,60.17880058547994,60.17880058547994,18844.211601085022,1
2025-06-11,-1,4711.052900271256,-0.0448837918096281,211.44991757991968,204.3833382295128,204.3833382295128,19048.594939314535,1
2025-06-14,-1,4762.148734828634,0.0052725810932733,-25.108815382612818,-32.25203848485577,-32.25203848485577,19016.34290082968,0
2025-06-19,-1,4754.08572520742,-0.0464073308254684,220.6244290223376,213.49330043452647,213.49330043452647,19229.836201264206,1
2025-06-20,1,4807.459050316052,-0.0453829515174937,-218.17668100282967,-225.38786957830374,-225.38786957830374,19004.448331685904,0
2025-06-21,1,4750.556285104113,-0.031924600947815,-151.65961368208326,-158.78544810973943,-158.78544810973943,18845.662883576166,0
2025-06-22,1,4298.23429555797,0.0833213886102058,358.1348500778998,351.6874986345628,351.6874986345628,19197.350382210727,1
2025-06-23,1,4500.527423281486,0.01075358692348,48.39681284776293,41.6460217128407,41.6460217128407,19238.996403923567,1
2025-06-24,-1,4704.31876696013,-0.0117924542683371,55.47546392305731,48.41898577261712,48.41898577261712,19287.415389696183,1
2025-06-25,1,4733.092095214469,-0.0013084904486505,-6.193205799171316,-13.29284394199302,-13.29284394199302,19274.12254575419,0
2025-06-26,1,4564.762912716361,0.0031901651171337,14.56234741213336,7.715203043058818,7.715203043058818,19281.83774879725,1
2025-06-27,1,4554.342393835253,0.0054484792900887,24.814240212784366,17.982726622031485,17.982726622031485,19299.82047541928,1
2025-06-28,1,4785.096622960339,0.0258619879088434,123.75211100564768,116.57446607120717,116.57446607120717,19416.39494149049,1
2025-06-30,1,4854.098735372622,-0.0329822993784486,-160.09933770260858,-167.38048580566752,-167.38048580566752,19249.01445568482,0
2025-07-01,1,4476.420269964572,0.0665459295236387,297.8875478032502,291.17291739830335,291.17291739830335,19540.187373083125,1
2025-07-02,1,4816.787522509697,0.0076213343758458,36.710348326448276,29.48516704268373,29.48516704268373,19569.672540125808,1
2025-07-03,1,4892.418135031452,-0.0323544640519217,-158.29156667684492,-165.6301938793921,-165.6301938793921,19404.042346246417,0
2025-07-04,1,4536.5539389128,0.0034867008319645,15.817606393059089,9.01277548468989,9.01277548468989,19413.055121731108,1
2025-07-05,1,4542.25035602464,0.0212079745637533,96.33193001276992,89.51855447873295,89.51855447873295,19502.573676209842,1
2025-07-06,1,4772.887424231067,-0.0110372690174023,-52.679642491014626,-59.83897362736123,-59.83897362736123,19442.734702582482,0
2025-07-07,1,4748.146134893169,0.0281078533818162,133.46019539501447,126.33797619267472,126.33797619267472,19569.072678775156,1
2025-07-08,1,4829.463411702928,0.0576704743790154,278.517445949006,271.2732508314516,271.2732508314516,19840.345929606607,1
2025-07-09,1,4960.086482401652,0.0643182702671402,319.02418292349813,311.58405319989566,311.58405319989566,20151.9299828065,1
2025-07-10,1,5037.982495701625,0.0010286331862912,5.182235987032855,-2.3747377565195835,-2.3747377565195835,20149.55524504998,1
2025-07-11,1,5037.388811262495,-0.0050754633178714,-25.567082129418612,-33.123165346312355,-33.123165346312355,20116.43207970367,0
2025-07-12,1,4820.4230628079285,0.010292813483774,49.61571549836461,42.385080904152716,42.385080904152716,20158.817160607825,1
2025-07-13,1,4799.254775637,0.0133604400861748,64.12015588818642,56.921273724730916,56.921273724730916,20215.738434332558,1
2025-07-14,1,4791.279418439261,0.0411349633319167,197.08910319046615,189.90218406280727,189.90218406280727,20405.640618395366,1
2025-07-15,1,4885.845409431106,0.0711721212631772,347.73598195316833,340.40721383902167,340.40721383902167,20746.047832234388,1
2025-07-16,1,5089.564922542243,0.030748073722898,156.49431745580452,148.85997007199114,148.85997007199114,20894.907802306378,1
2025-07-19,-1,5180.337509006186,0.0446582551804469,-231.34483439803893,-239.1153406615482,-239.1153406615482,20655.79246164483,0
2025-07-20,-1,4593.150866386525,0.0010368162171041,-4.762253305875296,-11.651979605455084,-11.651979605455084,20644.140482039373,0
2025-07-22,-1,4596.086421677784,-0.0323769537244436,148.8072773882052,141.91314775568853,141.91314775568853,20786.05362979506,1
2025-07-25,-1,4678.910571352012,0.0037835868469178,-17.703064495672123,-24.721430352700143,-24.721430352700143,20761.33219944236,0
2025-07-26,-1,4406.196950251913,0.0351504920838075,-154.87999101952664,-161.4892864449045,-161.4892864449045,20599.842912997457,0
2025-07-27,-1,3869.0556842221204,-0.0229227199194111,88.68927980202915,82.88569627569596,82.88569627569596,20682.728609273152,1
2025-07-29,-1,3935.479380107834,0.0038799029350239,-15.269277997606425,-21.172497067768177,-21.172497067768177,20661.556112205384,0
2025-07-30,-1,4165.745722987743,-0.0297144425540805,123.78281198062582,117.5341933961442,117.5341933961442,20779.090305601527,1
2025-07-31,1,4442.516355752144,-0.058009207730417,-257.70685412660123,-264.37062866022944,-264.37062866022944,20514.7196769413,0
2025-08-01,1,3826.0054703319684,-0.0277952107826007,-106.3446285032604,-112.08363670875835,-112.08363670875835,20402.63604023254,0
2025-08-02,1,3415.3798928334236,0.0303756623862348,103.74442654544286,98.62135670619273,98.62135670619273,20501.257396938734,1
2025-08-03,1,3622.8588328139117,0.0614371992457483,222.57829995080743,217.14401170158658,217.14401170158658,20718.401408640322,1
2025-08-04,1,3797.515994573156,-0.0292172856111396,-110.95310942631477,-116.64938341817451,-116.64938341817451,20601.752025222147,0
2025-08-05,1,3420.173229128667,0.0197437927850314,67.52719152482813,62.39693168113513,62.39693168113513,20664.148956903282,1
2025-08-06,1,3460.1425895318566,0.0606655575551916,209.91147941441457,204.7212655301168,204.7212655301168,20868.870222433397,1
2025-08-07,1,3401.319729382601,0.0241104162682456,82.00723453681098,76.90525494273709,76.90525494273709,20945.775477376133,1
2025-08-08,1,3391.4791911510074,0.0613601136280399,208.10154853615867,203.01432974943216,203.01432974943216,21148.789807125566,1
2025-08-09,-1,3506.9452256175555,-0.002202759595732,7.7249572474355945,2.4645394090092614,2.4645394090092614,21151.254346534573,1
2025-08-11,1,3677.093434727098,0.0825968197359645,303.71622358045266,298.200583428362,298.200583428362,21449.454929962936,1
2025-08-12,-1,3727.08483232016,0.0353834973642903,-131.87729634088672,-137.46792358936696,-137.46792358936696,21311.98700637357,0
2025-08-13,-1,3852.7880344267464,-0.0447407980688724,172.37681145045485,166.59762939881475,166.59762939881475,21478.584635772382,1
2025-08-14,-1,3952.3679137878207,-0.0240723385196406,95.14273837486611,89.21418650418438,89.21418650418438,21567.798822276567,1
2025-08-16,-1,3893.150592670881,0.0105830673428572,-41.20147489812036,-47.041200787126684,-47.041200787126684,21520.75762148944,0
2025-08-18,1,3861.8541369419404,-0.0570251441525557,-220.22278885525773,-226.01557006067065,-226.01557006067065,21294.74205142877,0
2025-08-19,1,3205.4585747187753,0.062112605525853,199.0993839809703,194.29119611889212,194.29119611889212,21489.03324754766,1
2025-08-20,1,3842.1482221909323,-0.026010882828823,-99.93766721837893,-105.70088955166533,-105.70088955166533,21383.332357995994,0
2025-08-21,1,3904.9352298620834,0.1345301555861272,525.3315440270954,519.4741411823023,519.4741411823023,21902.806499178296,1
2025-08-22,-1,4109.210686973806,-0.0115033590804906,47.26972606964915,41.105910039188444,41.105910039188444,21943.912409217482,1
2025-08-23,-1,4116.582544191616,0.0007445011882122,-3.064800595524259,-9.239674411811684,-9.239674411811684,21934.67273480567,0
2025-08-24,-1,3942.661758880869,-0.0889203098693146,350.5827053095838,344.6687126712625,344.6687126712625,22279.341447476934,1
2025-08-25,1,4363.366168525915,0.0507025916571375,221.23397309333808,214.6889238405492,214.6889238405492,22494.030371317484,1
2025-08-26,-1,4518.3657673953,-0.0213179452224538,96.32227392434343,89.54472527325048,89.54472527325048,22583.575096590735,1
2025-08-27,-1,4573.457299254793,0.0008400507082163,-3.8419360432359952,-10.702121992118185,-10.702121992118185,22572.872974598617,0
2025-08-28,-1,4354.626345657168,-0.0331640681503528,144.41712489669607,137.8851853782103,137.8851853782103,22710.758159976827,1
2025-08-29,1,4828.672684775592,0.0032058643303688,15.480069523148218,8.237060495984831,8.237060495984831,22718.99522047281,1
2025-08-30,1,4690.331019065754,0.0036205905886263,16.98176834517147,9.946271816572839,9.946271816572839,22728.941492289385,1
2025-08-31,1,4682.109159414818,-0.017359025442644,-81.27685202351834,-88.30001576264057,-88.30001576264057,22640.641476526744,0
2025-09-01,1,4778.079430459378,0.0025221575194476,12.051068964051026,4.883949818361959,4.883949818361959,22645.525426345106,1
2025-09-02,1,4777.0325118621695,0.0284948471144069,136.1208110860637,128.95526231827046,128.95526231827046,22774.480688663378,1
2025-09-04,1,4824.050407714541,0.0019160788545819,9.243260979659023,2.007185368087212,2.007185368087212,22776.487874031463,1
2025-09-05,1,5067.225649370294,-0.0076321779830468,-38.67396803625398,-46.274806510309425,-46.274806510309425,22730.213067521156,0
2025-09-06,1,4771.701488575526,0.0072510704136302,34.59994348648518,27.442391253621892,27.442391253621892,22757.655458774778,1
2025-09-07,1,4643.949967674587,0.0006326428969182,2.937961960692832,-4.027962990819049,-4.027962990819049,22753.62749578396,1
2025-09-08,1,4304.586297171147,0.0002249565948088,0.9683450754722425,-5.488534370284478,-5.488534370284478,22748.138961413675,1
2025-09-09,1,4298.397336107448,0.0092640125909719,39.82040704269947,33.3728110385383,33.3728110385383,22781.511772452213,1
2025-09-10,1,4521.874919270776,0.0254457714451457,115.06259569930084,108.27978332039467,108.27978332039467,22889.79155577261,1
2025-09-11,-1,4585.379351866643,0.0553758339849282,-253.91920574688493,-260.79727477468487,-260.79727477468487,22628.994280997922,0
2025-09-12,-1,3931.87825621848,-0.0100319013701589,39.44421486585615,33.54639748152843,33.54639748152843,22662.54067847945,1
2025-09-13,-1,3821.3531943561284,-0.0126286302513668,48.25845655140296,42.52642675986876,42.52642675986876,22705.06710523932,1
2025-09-14,-1,3580.2431614247694,-0.018120801633332,64.87687612727169,59.50651138513453,59.50651138513453,22764.573616624453,1
2025-09-16,-1,3507.269868098755,0.0196061745433914,-68.76414520472152,-74.02505000686965,-74.02505000686965,22690.548566617585,0
2025-09-17,-1,3804.5476884811033,-0.0006129935246967,2.332163097438714,-3.374658435282941,-3.374658435282941,22687.173908182303,1
2025-09-18,-1,3819.4563295797157,-0.0262688336907204,100.33266311069892,94.60347861632934,94.60347861632934,22781.777386798633,1
2025-09-19,-1,3794.2847355773897,0.0025351072072702,-9.618918579597546,-15.31034568296363,-15.31034568296363,22766.46704111567,0
2025-09-20,-1,3809.615210280651,-0.0069259123675463,26.38506110047526,20.67063828505428,20.67063828505428,22787.137679400723,1
2025-09-21,-1,4269.895885464467,-0.057433330283538,245.2343406662007,238.829496838004,238.829496838004,23025.967176238726,1
2025-09-22,1,4437.024242445874,-0.0089321416137252,-39.63212887705832,-46.28766524072713,-46.28766524072713,22979.679510997998,0
2025-09-24,1,4380.643705272833,-0.0711200266948419,-311.551497259595,-318.12246281750424,-318.12246281750424,22661.557048180493,0
2025-09-25,1,3504.3382879112637,0.0424024174978493,148.59241513771184,143.33590770584493,143.33590770584493,22804.89295588634,1
2025-09-26,1,4266.616866010877,-0.0042782702597103,-18.2537400474327,-24.653665346449017,-24.653665346449017,22780.23929053989,0
2025-09-27,1,4424.711225261475,0.0301043152619956,133.20290166856228,126.56583483067007,126.56583483067007,22906.80512537056,1
2025-09-28,1,4469.701339275746,0.01815264176131,81.13688719192014,74.43233518300651,74.43233518300651,22981.237460553566,1
2025-09-29,1,4376.514338816692,-0.017071255792248,-74.71259575638088,-81.27736726460591,-81.27736726460591,22899.96009328896,0
2025-09-30,1,4429.2064789729875,0.0482977468135869,213.92069310653608,207.27688338807658,207.27688338807658,23107.236976677035,1
2025-10-01,1,4576.65847942154,0.0309586810920872,141.68731033180816,134.82232261267586,134.82232261267586,23242.05929928971,1
2025-10-02,1,4552.269207176482,0.0059863319139202,27.251394435676783,20.42299062491206,20.42299062491206,23262.482289914624,1
2025-10-03,1,4513.580711753739,-0.0057026245883215,-25.73925634822053,-32.509627415851135,-32.509627415851135,23229.972662498774,0
2025-10-04,1,4142.629724236236,0.0058249342556798,24.130545789301014,17.91660120294666,17.91660120294666,23247.88926370172,1
2025-10-05,1,4158.843202598963,0.0374584689713631,155.7838990613176,149.54563425741918,149.54563425741918,23397.434897959138,1
