date,curve-dex_eth_tvl
2020-02-09 00:00:00+00:00,1163733
2020-02-10 00:00:00+00:00,1372109
2020-02-11 00:00:00+00:00,8936
2020-02-12 00:00:00+00:00,38139
2020-02-13 00:00:00+00:00,273331
2020-02-14 00:00:00+00:00,1213755
2020-02-15 00:00:00+00:00,1820510
2020-02-16 00:00:00+00:00,2201773
2020-02-17 00:00:00+00:00,3759265
2020-02-18 00:00:00+00:00,4744228
2020-02-19 00:00:00+00:00,4722690
2020-02-20 00:00:00+00:00,4878760
2020-02-21 00:00:00+00:00,5463582
2020-02-22 00:00:00+00:00,5858274
2020-02-23 00:00:00+00:00,5858033
2020-02-24 00:00:00+00:00,6609923
2020-02-25 00:00:00+00:00,6922673
2020-02-26 00:00:00+00:00,7070846
2020-02-27 00:00:00+00:00,7379504
2020-02-28 00:00:00+00:00,6546834
2020-02-29 00:00:00+00:00,6220751
2020-03-01 00:00:00+00:00,6165412
2020-03-02 00:00:00+00:00,7728222
2020-03-03 00:00:00+00:00,8017541
2020-03-04 00:00:00+00:00,8634720
2020-03-05 00:00:00+00:00,8502678
2020-03-06 00:00:00+00:00,8719687
2020-03-07 00:00:00+00:00,9284550
2020-03-08 00:00:00+00:00,9389837
2020-03-09 00:00:00+00:00,9428474
2020-03-10 00:00:00+00:00,9435472
2020-03-11 00:00:00+00:00,9879108
2020-03-12 00:00:00+00:00,9685931
2020-03-13 00:00:00+00:00,8327827
2020-03-14 00:00:00+00:00,8677925
2020-03-15 00:00:00+00:00,9219342
2020-03-16 00:00:00+00:00,10059294
2020-03-17 00:00:00+00:00,9750298
2020-03-18 00:00:00+00:00,9845306
2020-03-19 00:00:00+00:00,9449456
2020-03-20 00:00:00+00:00,9733492
2020-03-21 00:00:00+00:00,9733634
2020-03-22 00:00:00+00:00,9478976
2020-03-23 00:00:00+00:00,8861705
2020-03-24 00:00:00+00:00,8907410
2020-03-25 00:00:00+00:00,8837491
2020-03-26 00:00:00+00:00,8308593
2020-03-27 00:00:00+00:00,8336110
2020-03-28 00:00:00+00:00,8222028
2020-03-29 00:00:00+00:00,8245852
2020-03-30 00:00:00+00:00,8230167
2020-03-31 00:00:00+00:00,8352047
2020-04-01 00:00:00+00:00,8296823
2020-04-02 00:00:00+00:00,8256559
2020-04-03 00:00:00+00:00,8332824
2020-04-04 00:00:00+00:00,8403195
2020-04-05 00:00:00+00:00,8425144
2020-04-06 00:00:00+00:00,8414112
2020-04-07 00:00:00+00:00,8612067
2020-04-08 00:00:00+00:00,8773125
2020-04-09 00:00:00+00:00,8798742
2020-04-10 00:00:00+00:00,9201425
2020-04-11 00:00:00+00:00,8842564
2020-04-12 00:00:00+00:00,8958124
2020-04-13 00:00:00+00:00,9345173
2020-04-14 00:00:00+00:00,8712066
2020-04-15 00:00:00+00:00,8906671
2020-04-16 00:00:00+00:00,7932635
2020-04-17 00:00:00+00:00,7815798
2020-04-18 00:00:00+00:00,7870971
2020-04-19 00:00:00+00:00,7998600
2020-04-20 00:00:00+00:00,6914533
2020-04-21 00:00:00+00:00,6365744
2020-04-22 00:00:00+00:00,6268488
2020-04-23 00:00:00+00:00,7734405
2020-04-24 00:00:00+00:00,10812138
2020-04-25 00:00:00+00:00,11405445
2020-04-26 00:00:00+00:00,12002871
2020-04-27 00:00:00+00:00,12209819
2020-04-28 00:00:00+00:00,12344466
2020-04-29 00:00:00+00:00,12409473
2020-04-30 00:00:00+00:00,12697303
2020-05-01 00:00:00+00:00,12553192
2020-05-02 00:00:00+00:00,12615378
2020-05-03 00:00:00+00:00,12786795
2020-05-04 00:00:00+00:00,12955746
2020-05-05 00:00:00+00:00,12878031
2020-05-06 00:00:00+00:00,13031401
2020-05-07 00:00:00+00:00,13939214
2020-05-08 00:00:00+00:00,14400117
2020-05-09 00:00:00+00:00,14297036
2020-05-10 00:00:00+00:00,14378242
2020-05-11 00:00:00+00:00,13965069
2020-05-12 00:00:00+00:00,14308016
2020-05-13 00:00:00+00:00,14363007
2020-05-14 00:00:00+00:00,14373353
2020-05-15 00:00:00+00:00,15380944
2020-05-16 00:00:00+00:00,15379380
2020-05-17 00:00:00+00:00,15595507
2020-05-18 00:00:00+00:00,15652181
2020-05-19 00:00:00+00:00,15527071
2020-05-20 00:00:00+00:00,15682537
2020-05-21 00:00:00+00:00,15813509
2020-05-22 00:00:00+00:00,15705677
2020-05-23 00:00:00+00:00,15816506
2020-05-24 00:00:00+00:00,15339331
2020-05-25 00:00:00+00:00,15091233
2020-05-26 00:00:00+00:00,15109405
2020-05-27 00:00:00+00:00,15091761
2020-05-28 00:00:00+00:00,15108738
2020-05-29 00:00:00+00:00,15084472
2020-05-30 00:00:00+00:00,15163289
2020-05-31 00:00:00+00:00,15328991
2020-06-01 00:00:00+00:00,15319069
2020-06-02 00:00:00+00:00,15512141
2020-06-03 00:00:00+00:00,15146809
2020-06-04 00:00:00+00:00,15069162
2020-06-05 00:00:00+00:00,15139177
2020-06-06 00:00:00+00:00,15163362
2020-06-07 00:00:00+00:00,15312759
2020-06-08 00:00:00+00:00,15355030
2020-06-09 00:00:00+00:00,15433570
2020-06-10 00:00:00+00:00,15496889
2020-06-11 00:00:00+00:00,16380139
2020-06-12 00:00:00+00:00,16682313
2020-06-13 00:00:00+00:00,17014578
2020-06-14 00:00:00+00:00,17246158
2020-06-15 00:00:00+00:00,17183677
2020-06-16 00:00:00+00:00,16842637
2020-06-17 00:00:00+00:00,16282542
2020-06-18 00:00:00+00:00,16228128
2020-06-19 00:00:00+00:00,17699445
2020-06-20 00:00:00+00:00,20709987
2020-06-21 00:00:00+00:00,33528559
2020-06-22 00:00:00+00:00,36070920
2020-06-23 00:00:00+00:00,36301201
2020-06-24 00:00:00+00:00,37549857
2020-06-25 00:00:00+00:00,43399952
2020-06-26 00:00:00+00:00,46545535
2020-06-27 00:00:00+00:00,48450667
2020-06-28 00:00:00+00:00,50989736
2020-06-29 00:00:00+00:00,50659646
2020-06-30 00:00:00+00:00,51160758
2020-07-01 00:00:00+00:00,50517255
2020-07-02 00:00:00+00:00,52028684
2020-07-03 00:00:00+00:00,52583727
2020-07-04 00:00:00+00:00,56825075
2020-07-05 00:00:00+00:00,58388016
2020-07-06 00:00:00+00:00,59171555
2020-07-07 00:00:00+00:00,61294035
2020-07-08 00:00:00+00:00,61899813
2020-07-09 00:00:00+00:00,69866695
2020-07-10 00:00:00+00:00,71888836
2020-07-11 00:00:00+00:00,72429385
2020-07-12 00:00:00+00:00,72625443
2020-07-13 00:00:00+00:00,76453893
2020-07-14 00:00:00+00:00,76198020
2020-07-15 00:00:00+00:00,77813809
2020-07-16 00:00:00+00:00,79130622
2020-07-17 00:00:00+00:00,78125418
2020-07-18 00:00:00+00:00,80716609
2020-07-19 00:00:00+00:00,115479812
2020-07-20 00:00:00+00:00,187627170
2020-07-21 00:00:00+00:00,279570477
2020-07-22 00:00:00+00:00,304589406
2020-07-23 00:00:00+00:00,356160454
2020-07-24 00:00:00+00:00,382427110
2020-07-25 00:00:00+00:00,351714389
2020-07-26 00:00:00+00:00,421351743
2020-07-27 00:00:00+00:00,269344181
2020-07-28 00:00:00+00:00,213994541
2020-07-29 00:00:00+00:00,185553428
2020-07-30 00:00:00+00:00,225947236
2020-07-31 00:00:00+00:00,272069485
2020-08-01 00:00:00+00:00,291201881
2020-08-02 00:00:00+00:00,294379688
2020-08-03 00:00:00+00:00,314558219
2020-08-04 00:00:00+00:00,267627907
2020-08-05 00:00:00+00:00,259457534
2020-08-06 00:00:00+00:00,262072303
2020-08-07 00:00:00+00:00,267784990
2020-08-08 00:00:00+00:00,266663292
2020-08-09 00:00:00+00:00,259975190
2020-08-10 00:00:00+00:00,258524351
2020-08-11 00:00:00+00:00,234764595
2020-08-12 00:00:00+00:00,211228010
2020-08-13 00:00:00+00:00,220434136
2020-08-14 00:00:00+00:00,264489558
2020-08-15 00:00:00+00:00,825256884
2020-08-16 00:00:00+00:00,954646456
2020-08-17 00:00:00+00:00,1038136639
2020-08-18 00:00:00+00:00,1052295254
2020-08-19 00:00:00+00:00,1067324773
2020-08-20 00:00:00+00:00,1064177861
2020-08-21 00:00:00+00:00,1130757131
2020-08-22 00:00:00+00:00,1153990079
2020-08-23 00:00:00+00:00,1157105026
2020-08-24 00:00:00+00:00,1138863518
2020-08-25 00:00:00+00:00,1107352994
2020-08-26 00:00:00+00:00,1190333352
2020-08-27 00:00:00+00:00,1268358315
2020-08-28 00:00:00+00:00,1313606303
2020-08-29 00:00:00+00:00,1342216933
2020-08-30 00:00:00+00:00,1385686349
2020-08-31 00:00:00+00:00,1304475468
2020-09-01 00:00:00+00:00,1100345067
2020-09-02 00:00:00+00:00,1123816970
2020-09-03 00:00:00+00:00,1230750904
2020-09-04 00:00:00+00:00,1249931895
2020-09-05 00:00:00+00:00,1241678025
2020-09-06 00:00:00+00:00,1180629681
2020-09-07 00:00:00+00:00,1042601846
2020-09-08 00:00:00+00:00,1043253527
2020-09-09 00:00:00+00:00,1078220455
2020-09-10 00:00:00+00:00,1104983614
2020-09-11 00:00:00+00:00,1087582506
2020-09-12 00:00:00+00:00,1055234556
2020-09-13 00:00:00+00:00,1072627425
2020-09-14 00:00:00+00:00,1071111249
2020-09-15 00:00:00+00:00,1075766281
2020-09-16 00:00:00+00:00,1087656160
2020-09-17 00:00:00+00:00,1148460171
2020-09-18 00:00:00+00:00,1063827886
2020-09-19 00:00:00+00:00,1141915622
2020-09-20 00:00:00+00:00,1553240721
2020-09-21 00:00:00+00:00,1627078087
2020-09-22 00:00:00+00:00,1519384192
2020-09-23 00:00:00+00:00,1554863230
2020-09-24 00:00:00+00:00,1580005997
2020-09-25 00:00:00+00:00,1643315873
2020-09-26 00:00:00+00:00,1660304271
2020-09-27 00:00:00+00:00,1720013610
2020-09-28 00:00:00+00:00,1623229539
2020-09-29 00:00:00+00:00,1559326779
2020-09-30 00:00:00+00:00,1574349659
2020-10-01 00:00:00+00:00,1548216139
2020-10-02 00:00:00+00:00,1551088637
2020-10-03 00:00:00+00:00,1537075020
2020-10-04 00:00:00+00:00,1555321124
2020-10-05 00:00:00+00:00,1558894336
2020-10-06 00:00:00+00:00,1556467950
2020-10-07 00:00:00+00:00,1516704599
2020-10-08 00:00:00+00:00,1419572386
2020-10-09 00:00:00+00:00,1461403878
2020-10-10 00:00:00+00:00,1545882826
2020-10-11 00:00:00+00:00,1492042052
2020-10-12 00:00:00+00:00,1491934802
2020-10-13 00:00:00+00:00,1485931331
2020-10-14 00:00:00+00:00,1452096701
2020-10-15 00:00:00+00:00,1364191252
2020-10-16 00:00:00+00:00,1321363200
2020-10-17 00:00:00+00:00,1307985202
2020-10-18 00:00:00+00:00,1301287422
2020-10-19 00:00:00+00:00,1299910816
2020-10-20 00:00:00+00:00,1280991264
2020-10-21 00:00:00+00:00,1278365920
2020-10-22 00:00:00+00:00,1179555294
2020-10-23 00:00:00+00:00,1153243209
2020-10-24 00:00:00+00:00,1141590533
2020-10-25 00:00:00+00:00,1143114684
2020-10-26 00:00:00+00:00,1136381812
2020-10-27 00:00:00+00:00,840535769
2020-10-28 00:00:00+00:00,919426180
2020-10-29 00:00:00+00:00,945772662
2020-10-30 00:00:00+00:00,963440330
2020-10-31 00:00:00+00:00,962660806
2020-11-01 00:00:00+00:00,972692627
2020-11-02 00:00:00+00:00,982733404
2020-11-03 00:00:00+00:00,988442749
2020-11-04 00:00:00+00:00,1008334027
2020-11-05 00:00:00+00:00,1016191833
2020-11-06 00:00:00+00:00,1041398391
2020-11-07 00:00:00+00:00,1028820973
2020-11-08 00:00:00+00:00,1018210974
2020-11-09 00:00:00+00:00,1042172150
2020-11-10 00:00:00+00:00,1081740254
2020-11-11 00:00:00+00:00,1098766965
2020-11-12 00:00:00+00:00,1136301029
2020-11-13 00:00:00+00:00,1148177967
2020-11-14 00:00:00+00:00,1157150228
2020-11-15 00:00:00+00:00,1167600457
2020-11-16 00:00:00+00:00,1180172482
2020-11-17 00:00:00+00:00,1257033546
2020-11-18 00:00:00+00:00,1326620802
2020-11-19 00:00:00+00:00,1351093214
2020-11-20 00:00:00+00:00,1336270203
2020-11-21 00:00:00+00:00,1389611229
2020-11-22 00:00:00+00:00,1373092252
2020-11-23 00:00:00+00:00,1352960757
2020-11-24 00:00:00+00:00,1384243786
2020-11-25 00:00:00+00:00,1408913572
2020-11-26 00:00:00+00:00,1402824469
2020-11-27 00:00:00+00:00,1334901651
2020-11-28 00:00:00+00:00,1344529944
2020-11-29 00:00:00+00:00,1379020400
2020-11-30 00:00:00+00:00,1404382846
2020-12-01 00:00:00+00:00,1423195025
2020-12-02 00:00:00+00:00,1373804929
2020-12-03 00:00:00+00:00,1417013884
2020-12-04 00:00:00+00:00,1458623349
2020-12-05 00:00:00+00:00,1451764770
2020-12-06 00:00:00+00:00,1482547453
2020-12-07 00:00:00+00:00,1497686286
2020-12-08 00:00:00+00:00,1516333896
2020-12-09 00:00:00+00:00,1452856074
2020-12-10 00:00:00+00:00,1461822321
2020-12-11 00:00:00+00:00,1426103611
2020-12-12 00:00:00+00:00,1425957948
2020-12-13 00:00:00+00:00,1454618221
2020-12-14 00:00:00+00:00,1468426011
2020-12-15 00:00:00+00:00,1476447341
2020-12-16 00:00:00+00:00,1498838582
2020-12-17 00:00:00+00:00,1406202229
2020-12-18 00:00:00+00:00,1413862012
2020-12-19 00:00:00+00:00,1396848615
2020-12-20 00:00:00+00:00,1437280097
2020-12-21 00:00:00+00:00,1440623602
2020-12-22 00:00:00+00:00,1424053706
2020-12-23 00:00:00+00:00,1434988039
2020-12-24 00:00:00+00:00,1426385891
2020-12-25 00:00:00+00:00,1441121916
2020-12-26 00:00:00+00:00,1445397403
2020-12-27 00:00:00+00:00,1495445029
2020-12-28 00:00:00+00:00,1477023601
2020-12-29 00:00:00+00:00,1487944744
2020-12-30 00:00:00+00:00,1479314229
2020-12-31 00:00:00+00:00,1401696075
2021-01-01 00:00:00+00:00,1408240949
2021-01-02 00:00:00+00:00,1394024550
2021-01-03 00:00:00+00:00,1461428756
2021-01-04 00:00:00+00:00,1464588617
2021-01-05 00:00:00+00:00,1378695159
2021-01-06 00:00:00+00:00,1525281084
2021-01-07 00:00:00+00:00,1580650404
2021-01-08 00:00:00+00:00,1627891336
2021-01-09 00:00:00+00:00,1671831478
2021-01-10 00:00:00+00:00,1678369995
2021-01-11 00:00:00+00:00,1645393127
2021-01-12 00:00:00+00:00,1557399547
2021-01-13 00:00:00+00:00,1556546266
2021-01-14 00:00:00+00:00,1636228484
2021-01-15 00:00:00+00:00,1665268868
2021-01-16 00:00:00+00:00,1717934986
2021-01-17 00:00:00+00:00,1742668295
2021-01-18 00:00:00+00:00,1789222926
2021-01-19 00:00:00+00:00,1850735870
2021-01-20 00:00:00+00:00,1930127825
2021-01-21 00:00:00+00:00,1943370214
2021-01-22 00:00:00+00:00,1798349875
2021-01-23 00:00:00+00:00,1941082966
2021-01-24 00:00:00+00:00,2027111743
2021-01-25 00:00:00+00:00,2089771124
2021-01-26 00:00:00+00:00,2234041412
2021-01-27 00:00:00+00:00,2294863927
2021-01-28 00:00:00+00:00,2238194446
2021-01-29 00:00:00+00:00,2460060621
2021-01-30 00:00:00+00:00,2512352823
2021-01-31 00:00:00+00:00,2530194437
2021-02-01 00:00:00+00:00,2459837323
2021-02-02 00:00:00+00:00,2566319486
2021-02-03 00:00:00+00:00,2740543342
2021-02-04 00:00:00+00:00,2938365025
2021-02-05 00:00:00+00:00,2984235446
2021-02-06 00:00:00+00:00,3185764355
2021-02-07 00:00:00+00:00,3277146253
2021-02-08 00:00:00+00:00,3284879948
2021-02-09 00:00:00+00:00,3629438068
2021-02-10 00:00:00+00:00,3647037944
2021-02-11 00:00:00+00:00,3583998630
2021-02-12 00:00:00+00:00,3764112521
2021-02-13 00:00:00+00:00,3796593247
2021-02-14 00:00:00+00:00,3766106800
2021-02-15 00:00:00+00:00,3896139445
2021-02-16 00:00:00+00:00,3901120425
2021-02-17 00:00:00+00:00,3916676403
2021-02-18 00:00:00+00:00,3970380340
2021-02-19 00:00:00+00:00,3972746519
2021-02-20 00:00:00+00:00,4078738624
2021-02-21 00:00:00+00:00,4072795906
2021-02-22 00:00:00+00:00,4150155545
2021-02-23 00:00:00+00:00,3938916095
2021-02-24 00:00:00+00:00,3594753529
2021-02-25 00:00:00+00:00,3652552023
2021-02-26 00:00:00+00:00,3562474047
2021-02-27 00:00:00+00:00,3423155262
2021-02-28 00:00:00+00:00,3330932344
2021-03-01 00:00:00+00:00,3280370831
2021-03-02 00:00:00+00:00,3484399625
2021-03-03 00:00:00+00:00,3424569619
2021-03-04 00:00:00+00:00,3657397105
2021-03-05 00:00:00+00:00,3638586252
2021-03-06 00:00:00+00:00,3640171678
2021-03-07 00:00:00+00:00,3632910797
2021-03-08 00:00:00+00:00,3176588877
2021-03-09 00:00:00+00:00,3308202373
2021-03-10 00:00:00+00:00,3529445850
2021-03-11 00:00:00+00:00,3479506575
2021-03-12 00:00:00+00:00,3561801934
2021-03-13 00:00:00+00:00,3710277023
2021-03-14 00:00:00+00:00,3915513207
2021-03-15 00:00:00+00:00,3845613381
2021-03-16 00:00:00+00:00,3776480892
2021-03-17 00:00:00+00:00,3748851495
2021-03-18 00:00:00+00:00,3824767962
2021-03-19 00:00:00+00:00,3771962781
2021-03-20 00:00:00+00:00,3881322463
2021-03-21 00:00:00+00:00,3914913050
2021-03-22 00:00:00+00:00,3837758843
2021-03-23 00:00:00+00:00,3713199844
2021-03-24 00:00:00+00:00,3658750417
2021-03-25 00:00:00+00:00,3546890239
2021-03-26 00:00:00+00:00,3544036227
2021-03-27 00:00:00+00:00,3718541887
2021-03-28 00:00:00+00:00,3752001455
2021-03-29 00:00:00+00:00,3804461040
2021-03-30 00:00:00+00:00,3921805758
2021-03-31 00:00:00+00:00,3986499461
2021-04-01 00:00:00+00:00,4069517522
2021-04-02 00:00:00+00:00,4043999845
2021-04-03 00:00:00+00:00,4142513358
2021-04-04 00:00:00+00:00,4046334327
2021-04-05 00:00:00+00:00,4120025383
2021-04-06 00:00:00+00:00,4163849449
2021-04-07 00:00:00+00:00,4186515879
2021-04-08 00:00:00+00:00,4237847787
2021-04-09 00:00:00+00:00,4435278775
2021-04-10 00:00:00+00:00,4448607508
2021-04-11 00:00:00+00:00,4625365727
2021-04-12 00:00:00+00:00,4597187856
2021-04-13 00:00:00+00:00,4798874870
2021-04-14 00:00:00+00:00,5012474759
2021-04-15 00:00:00+00:00,5118615618
2021-04-16 00:00:00+00:00,5531130553
2021-04-17 00:00:00+00:00,5449389078
2021-04-18 00:00:00+00:00,5364844679
2021-04-19 00:00:00+00:00,5202726953
2021-04-20 00:00:00+00:00,5183842895
2021-04-21 00:00:00+00:00,5297757360
2021-04-22 00:00:00+00:00,5264886642
2021-04-23 00:00:00+00:00,5263754547
2021-04-24 00:00:00+00:00,5181423408
2021-04-25 00:00:00+00:00,5098590010
2021-04-26 00:00:00+00:00,5181249897
2021-04-27 00:00:00+00:00,5519213083
2021-04-28 00:00:00+00:00,5657698498
2021-04-29 00:00:00+00:00,5692884456
2021-04-30 00:00:00+00:00,5812206833
2021-05-01 00:00:00+00:00,5833541625
2021-05-02 00:00:00+00:00,6013843909
2021-05-03 00:00:00+00:00,5993989463
2021-05-04 00:00:00+00:00,6379712420
2021-05-05 00:00:00+00:00,6249428105
2021-05-06 00:00:00+00:00,6628136203
2021-05-07 00:00:00+00:00,6632800921
2021-05-08 00:00:00+00:00,7086486466
2021-05-09 00:00:00+00:00,7593505088
2021-05-10 00:00:00+00:00,7689525831
2021-05-11 00:00:00+00:00,7628762360
2021-05-12 00:00:00+00:00,7831170158
2021-05-13 00:00:00+00:00,7460202537
2021-05-14 00:00:00+00:00,7260927226
2021-05-15 00:00:00+00:00,7954347733
2021-05-16 00:00:00+00:00,7503816791
2021-05-17 00:00:00+00:00,7265520246
2021-05-18 00:00:00+00:00,6959595333
2021-05-19 00:00:00+00:00,7141331733
2021-05-20 00:00:00+00:00,7147860593
2021-05-21 00:00:00+00:00,6481640792
2021-05-22 00:00:00+00:00,6799833774
2021-05-23 00:00:00+00:00,5981351034
2021-05-24 00:00:00+00:00,6612552394
2021-05-25 00:00:00+00:00,6771525656
2021-05-26 00:00:00+00:00,7194346788
2021-05-27 00:00:00+00:00,7112858939
2021-05-28 00:00:00+00:00,7030130294
2021-05-29 00:00:00+00:00,6610191963
2021-05-30 00:00:00+00:00,6836176365
2021-05-31 00:00:00+00:00,7330866743
2021-06-01 00:00:00+00:00,7241010221
2021-06-02 00:00:00+00:00,7831675286
2021-06-03 00:00:00+00:00,8627238241
2021-06-04 00:00:00+00:00,8459257156
2021-06-05 00:00:00+00:00,8691347294
2021-06-06 00:00:00+00:00,8917309527
2021-06-07 00:00:00+00:00,8952830581
2021-06-08 00:00:00+00:00,8830894887
2021-06-09 00:00:00+00:00,9129054583
2021-06-10 00:00:00+00:00,9112596698
2021-06-11 00:00:00+00:00,9065523934
2021-06-12 00:00:00+00:00,9162468870
2021-06-13 00:00:00+00:00,9449179871
2021-06-14 00:00:00+00:00,9823484208
2021-06-15 00:00:00+00:00,9875219808
2021-06-16 00:00:00+00:00,9636078121
2021-06-17 00:00:00+00:00,9615652388
2021-06-18 00:00:00+00:00,9249371363
2021-06-19 00:00:00+00:00,9170778034
2021-06-20 00:00:00+00:00,9279718892
2021-06-21 00:00:00+00:00,8424726081
2021-06-22 00:00:00+00:00,7898281018
2021-06-23 00:00:00+00:00,8253825572
2021-06-24 00:00:00+00:00,8414025609
2021-06-25 00:00:00+00:00,8175879454
2021-06-26 00:00:00+00:00,8203373960
2021-06-27 00:00:00+00:00,8383357949
2021-06-28 00:00:00+00:00,8601206419
2021-06-29 00:00:00+00:00,8732246213
2021-06-30 00:00:00+00:00,8888057062
2021-07-01 00:00:00+00:00,8814024924
2021-07-02 00:00:00+00:00,8919789815
2021-07-03 00:00:00+00:00,9099817891
2021-07-04 00:00:00+00:00,9302377336
2021-07-05 00:00:00+00:00,9175040511
2021-07-06 00:00:00+00:00,9314109571
2021-07-07 00:00:00+00:00,9247477422
2021-07-08 00:00:00+00:00,8969313681
2021-07-09 00:00:00+00:00,9065976322
2021-07-10 00:00:00+00:00,8958992862
2021-07-11 00:00:00+00:00,9025813965
2021-07-12 00:00:00+00:00,8678466404
2021-07-13 00:00:00+00:00,8454073728
2021-07-14 00:00:00+00:00,8435352444
2021-07-15 00:00:00+00:00,8117354365
2021-07-16 00:00:00+00:00,8039735845
2021-07-17 00:00:00+00:00,7943352041
2021-07-18 00:00:00+00:00,7923967341
2021-07-19 00:00:00+00:00,7789849926
2021-07-20 00:00:00+00:00,7690088153
2021-07-21 00:00:00+00:00,8020159539
2021-07-22 00:00:00+00:00,8102952657
2021-07-23 00:00:00+00:00,8213384693
2021-07-24 00:00:00+00:00,8442751667
2021-07-25 00:00:00+00:00,8474230279
2021-07-26 00:00:00+00:00,8762804068
2021-07-27 00:00:00+00:00,8828967704
2021-07-28 00:00:00+00:00,8817089984
2021-07-29 00:00:00+00:00,8925150650
2021-07-30 00:00:00+00:00,9074487842
2021-07-31 00:00:00+00:00,9113592117
2021-08-01 00:00:00+00:00,9084075512
2021-08-02 00:00:00+00:00,9272048426
2021-08-03 00:00:00+00:00,9037810679
2021-08-04 00:00:00+00:00,9323984920
2021-08-05 00:00:00+00:00,9257410639
2021-08-06 00:00:00+00:00,9443430423
2021-08-07 00:00:00+00:00,9960182705
2021-08-08 00:00:00+00:00,9819331479
2021-08-09 00:00:00+00:00,10135808840
2021-08-10 00:00:00+00:00,10235651400
2021-08-11 00:00:00+00:00,10191924666
2021-08-12 00:00:00+00:00,10138634820
2021-08-13 00:00:00+00:00,10767473261
2021-08-14 00:00:00+00:00,10704653473
2021-08-15 00:00:00+00:00,10799445010
2021-08-16 00:00:00+00:00,10576951552
2021-08-17 00:00:00+00:00,10311207570
2021-08-18 00:00:00+00:00,10834031137
2021-08-19 00:00:00+00:00,11096906913
2021-08-20 00:00:00+00:00,11386905835
2021-08-21 00:00:00+00:00,11452736608
2021-08-22 00:00:00+00:00,11440664892
2021-08-23 00:00:00+00:00,11711886955
2021-08-24 00:00:00+00:00,11514322418
2021-08-25 00:00:00+00:00,11615637473
2021-08-26 00:00:00+00:00,11446056769
2021-08-27 00:00:00+00:00,11779829286
2021-08-28 00:00:00+00:00,11950415990
2021-08-29 00:00:00+00:00,11902252412
2021-08-30 00:00:00+00:00,11791658510
2021-08-31 00:00:00+00:00,12129159041
2021-09-01 00:00:00+00:00,12804266582
2021-09-02 00:00:00+00:00,12953523606
2021-09-03 00:00:00+00:00,13101990492
2021-09-04 00:00:00+00:00,13127552651
2021-09-05 00:00:00+00:00,13343825329
2021-09-06 00:00:00+00:00,13355456870
2021-09-07 00:00:00+00:00,12315450125
2021-09-08 00:00:00+00:00,12588850463
2021-09-09 00:00:00+00:00,12010094074
2021-09-10 00:00:00+00:00,11765562819
2021-09-11 00:00:00+00:00,12018616988
2021-09-12 00:00:00+00:00,12390946912
2021-09-13 00:00:00+00:00,12190900280
2021-09-14 00:00:00+00:00,12568125047
2021-09-15 00:00:00+00:00,13254286393
2021-09-16 00:00:00+00:00,13402580360
2021-09-17 00:00:00+00:00,13380293442
2021-09-18 00:00:00+00:00,13363667065
2021-09-19 00:00:00+00:00,13276230072
2021-09-20 00:00:00+00:00,12480946830
2021-09-21 00:00:00+00:00,11932856868
2021-09-22 00:00:00+00:00,12560806171
2021-09-23 00:00:00+00:00,12947262519
2021-09-24 00:00:00+00:00,12478707677
2021-09-25 00:00:00+00:00,12575458055
2021-09-26 00:00:00+00:00,12866969625
2021-09-27 00:00:00+00:00,12734046405
2021-09-28 00:00:00+00:00,12468346842
2021-09-29 00:00:00+00:00,12537856071
2021-09-30 00:00:00+00:00,12807449338
2021-10-01 00:00:00+00:00,13448288101
2021-10-02 00:00:00+00:00,13614937952
2021-10-03 00:00:00+00:00,13751171990
2021-10-04 00:00:00+00:00,13863593276
2021-10-05 00:00:00+00:00,14292853095
2021-10-06 00:00:00+00:00,14284497032
2021-10-07 00:00:00+00:00,14472037374
2021-10-08 00:00:00+00:00,14546512645
2021-10-09 00:00:00+00:00,14612973843
2021-10-10 00:00:00+00:00,14565712747
2021-10-11 00:00:00+00:00,14346581685
2021-10-12 00:00:00+00:00,14484388902
2021-10-13 00:00:00+00:00,14516406025
2021-10-14 00:00:00+00:00,14811863914
2021-10-15 00:00:00+00:00,15311657212
2021-10-16 00:00:00+00:00,15709731037
2021-10-17 00:00:00+00:00,15532301579
2021-10-18 00:00:00+00:00,15716579374
2021-10-19 00:00:00+00:00,15499600074
2021-10-20 00:00:00+00:00,15787045162
2021-10-21 00:00:00+00:00,16497831953
2021-10-22 00:00:00+00:00,16247547277
2021-10-23 00:00:00+00:00,16073180395
2021-10-24 00:00:00+00:00,16399511771
2021-10-25 00:00:00+00:00,16318744955
2021-10-26 00:00:00+00:00,16655621176
2021-10-27 00:00:00+00:00,16295950094
2021-10-28 00:00:00+00:00,16028585911
2021-10-29 00:00:00+00:00,16683104949
2021-10-30 00:00:00+00:00,16808320727
2021-10-31 00:00:00+00:00,16928066277
2021-11-01 00:00:00+00:00,16910947601
2021-11-02 00:00:00+00:00,17134767392
2021-11-03 00:00:00+00:00,17658438559
2021-11-04 00:00:00+00:00,17713657881
2021-11-05 00:00:00+00:00,17403963436
2021-11-06 00:00:00+00:00,17456844688
2021-11-07 00:00:00+00:00,17687744238
2021-11-08 00:00:00+00:00,18357342914
2021-11-09 00:00:00+00:00,18580335106
2021-11-10 00:00:00+00:00,18531397489
2021-11-11 00:00:00+00:00,18146891524
2021-11-12 00:00:00+00:00,18470023722
2021-11-13 00:00:00+00:00,18406453502
2021-11-14 00:00:00+00:00,18688216572
2021-11-15 00:00:00+00:00,18833557305
2021-11-16 00:00:00+00:00,18503234162
2021-11-17 00:00:00+00:00,17772475041
2021-11-18 00:00:00+00:00,18047804402
2021-11-19 00:00:00+00:00,17735819203
2021-11-20 00:00:00+00:00,18226855646
2021-11-21 00:00:00+00:00,18504727324
2021-11-22 00:00:00+00:00,18071012544
2021-11-23 00:00:00+00:00,17689162392
2021-11-24 00:00:00+00:00,18091440736
2021-11-25 00:00:00+00:00,18075990577
2021-11-26 00:00:00+00:00,18496284618
2021-11-27 00:00:00+00:00,17652493238
2021-11-28 00:00:00+00:00,17558953388
2021-11-29 00:00:00+00:00,18031466368
2021-11-30 00:00:00+00:00,18544008812
2021-12-01 00:00:00+00:00,18959432686
2021-12-02 00:00:00+00:00,18933225769
2021-12-03 00:00:00+00:00,18874292095
2021-12-04 00:00:00+00:00,18323624633
2021-12-05 00:00:00+00:00,17698515674
2021-12-06 00:00:00+00:00,17805638188
2021-12-07 00:00:00+00:00,18391549667
2021-12-08 00:00:00+00:00,18470594336
2021-12-09 00:00:00+00:00,18813128917
2021-12-10 00:00:00+00:00,18356107251
2021-12-11 00:00:00+00:00,18371883600
2021-12-12 00:00:00+00:00,18875355809
2021-12-13 00:00:00+00:00,19091108481
2021-12-14 00:00:00+00:00,18477977973
2021-12-15 00:00:00+00:00,18576857641
2021-12-16 00:00:00+00:00,19048102331
2021-12-17 00:00:00+00:00,18970439615
2021-12-18 00:00:00+00:00,18837287208
2021-12-19 00:00:00+00:00,19307175728
2021-12-20 00:00:00+00:00,19225960775
2021-12-21 00:00:00+00:00,19199521393
2021-12-22 00:00:00+00:00,19465391477
2021-12-23 00:00:00+00:00,19451863459
2021-12-24 00:00:00+00:00,19995113740
2021-12-25 00:00:00+00:00,19938273052
2021-12-26 00:00:00+00:00,20479659183
2021-12-27 00:00:00+00:00,20586228545
2021-12-28 00:00:00+00:00,20567540970
2021-12-29 00:00:00+00:00,20258348043
2021-12-30 00:00:00+00:00,20353998950
2021-12-31 00:00:00+00:00,20373094984
2022-01-01 00:00:00+00:00,20533979330
2022-01-02 00:00:00+00:00,21077861105
2022-01-03 00:00:00+00:00,21242324548
2022-01-04 00:00:00+00:00,21375704006
2022-01-05 00:00:00+00:00,21579209621
2022-01-06 00:00:00+00:00,21166020014
2022-01-07 00:00:00+00:00,20843669730
2022-01-08 00:00:00+00:00,20462679890
2022-01-09 00:00:00+00:00,20132764923
2022-01-10 00:00:00+00:00,20245320620
2022-01-11 00:00:00+00:00,20395779694
2022-01-12 00:00:00+00:00,20664554220
2022-01-13 00:00:00+00:00,20848995727
2022-01-14 00:00:00+00:00,20857963090
2022-01-15 00:00:00+00:00,20855045405
2022-01-16 00:00:00+00:00,20938694275
2022-01-17 00:00:00+00:00,20957289773
2022-01-18 00:00:00+00:00,20788401232
2022-01-19 00:00:00+00:00,20671139237
2022-01-20 00:00:00+00:00,20522244892
2022-01-21 00:00:00+00:00,20102902365
2022-01-22 00:00:00+00:00,18697288415
2022-01-23 00:00:00+00:00,17337815602
2022-01-24 00:00:00+00:00,17320261975
2022-01-25 00:00:00+00:00,16885282295
2022-01-26 00:00:00+00:00,17240427007
2022-01-27 00:00:00+00:00,17281333563
2022-01-28 00:00:00+00:00,15195938231
2022-01-29 00:00:00+00:00,14695037155
2022-01-30 00:00:00+00:00,14960777920
2022-01-31 00:00:00+00:00,15023321133
2022-02-01 00:00:00+00:00,15395808303
2022-02-02 00:00:00+00:00,15707712990
2022-02-03 00:00:00+00:00,15502071714
2022-02-04 00:00:00+00:00,15775957750
2022-02-05 00:00:00+00:00,16533226555
2022-02-06 00:00:00+00:00,16694048655
2022-02-07 00:00:00+00:00,16845182214
2022-02-08 00:00:00+00:00,16940403746
2022-02-09 00:00:00+00:00,16985526364
2022-02-10 00:00:00+00:00,17275115170
2022-02-11 00:00:00+00:00,17155260117
2022-02-12 00:00:00+00:00,16960616428
2022-02-13 00:00:00+00:00,16922111560
2022-02-14 00:00:00+00:00,16838220151
2022-02-15 00:00:00+00:00,16720728493
2022-02-16 00:00:00+00:00,17176751460
2022-02-17 00:00:00+00:00,17150888077
2022-02-18 00:00:00+00:00,16838618137
2022-02-19 00:00:00+00:00,16625437291
2022-02-20 00:00:00+00:00,16590653560
2022-02-21 00:00:00+00:00,16273797582
2022-02-22 00:00:00+00:00,16021551350
2022-02-23 00:00:00+00:00,16084733294
2022-02-24 00:00:00+00:00,15804016449
2022-02-25 00:00:00+00:00,15317018386
2022-02-26 00:00:00+00:00,15298762128
2022-02-27 00:00:00+00:00,15365000326
2022-02-28 00:00:00+00:00,15025757762
2022-03-01 00:00:00+00:00,15550478270
2022-03-02 00:00:00+00:00,15602625636
2022-03-03 00:00:00+00:00,15947931256
2022-03-04 00:00:00+00:00,15781963112
2022-03-05 00:00:00+00:00,15536847173
2022-03-06 00:00:00+00:00,15666180651
2022-03-07 00:00:00+00:00,15462419478
2022-03-08 00:00:00+00:00,15355996627
2022-03-09 00:00:00+00:00,15443940175
2022-03-10 00:00:00+00:00,15746197185
2022-03-11 00:00:00+00:00,15522910569
2022-03-12 00:00:00+00:00,15459415799
2022-03-13 00:00:00+00:00,15449983279
2022-03-14 00:00:00+00:00,15309000636
2022-03-15 00:00:00+00:00,15454802583
2022-03-16 00:00:00+00:00,15479971666
2022-03-17 00:00:00+00:00,15627983062
2022-03-18 00:00:00+00:00,15815974038
2022-03-19 00:00:00+00:00,15994039924
2022-03-20 00:00:00+00:00,15934395586
2022-03-21 00:00:00+00:00,15748584890
2022-03-22 00:00:00+00:00,17421539506
2022-03-23 00:00:00+00:00,17841141999
2022-03-24 00:00:00+00:00,17949781518
2022-03-25 00:00:00+00:00,17893353175
2022-03-26 00:00:00+00:00,17627432855
2022-03-27 00:00:00+00:00,17775212911
2022-03-28 00:00:00+00:00,18065249569
2022-03-29 00:00:00+00:00,18064347346
2022-03-30 00:00:00+00:00,18360678597
2022-03-31 00:00:00+00:00,18621854761
2022-04-01 00:00:00+00:00,18371828066
2022-04-02 00:00:00+00:00,18924157131
2022-04-03 00:00:00+00:00,18774943239
2022-04-04 00:00:00+00:00,18870507843
2022-04-05 00:00:00+00:00,18796807799
2022-04-06 00:00:00+00:00,18375311120
2022-04-07 00:00:00+00:00,18079147775
2022-04-08 00:00:00+00:00,18144886020
2022-04-09 00:00:00+00:00,18020048463
2022-04-10 00:00:00+00:00,18167926651
2022-04-11 00:00:00+00:00,18187239469
2022-04-12 00:00:00+00:00,17649609363
2022-04-13 00:00:00+00:00,17806241957
2022-04-14 00:00:00+00:00,18034765863
2022-04-15 00:00:00+00:00,17735560921
2022-04-16 00:00:00+00:00,17793266301
2022-04-17 00:00:00+00:00,17862329048
2022-04-18 00:00:00+00:00,17580902147
2022-04-19 00:00:00+00:00,17903647029
2022-04-20 00:00:00+00:00,17887948944
2022-04-21 00:00:00+00:00,17763588883
2022-04-22 00:00:00+00:00,17408008551
2022-04-23 00:00:00+00:00,17130462610
2022-04-24 00:00:00+00:00,17092990039
2022-04-25 00:00:00+00:00,17127745558
2022-04-26 00:00:00+00:00,17564479971
2022-04-27 00:00:00+00:00,16933194044
2022-04-28 00:00:00+00:00,17249264575
2022-04-29 00:00:00+00:00,17346333251
2022-04-30 00:00:00+00:00,17119216596
2022-05-01 00:00:00+00:00,16625082963
2022-05-02 00:00:00+00:00,16603716959
2022-05-03 00:00:00+00:00,16498472600
2022-05-04 00:00:00+00:00,16487439484
2022-05-05 00:00:00+00:00,16961062077
2022-05-06 00:00:00+00:00,16315146699
2022-05-07 00:00:00+00:00,16184624835
2022-05-08 00:00:00+00:00,15190466135
2022-05-09 00:00:00+00:00,14886680438
2022-05-10 00:00:00+00:00,13636292268
2022-05-11 00:00:00+00:00,13507232935
2022-05-12 00:00:00+00:00,10546719162
2022-05-13 00:00:00+00:00,7727799405
2022-05-14 00:00:00+00:00,7483558936
2022-05-15 00:00:00+00:00,7290351003
2022-05-16 00:00:00+00:00,7637774525
2022-05-17 00:00:00+00:00,7453091407
2022-05-18 00:00:00+00:00,7622627640
2022-05-19 00:00:00+00:00,7338370350
2022-05-20 00:00:00+00:00,7795305424
2022-05-21 00:00:00+00:00,7938266780
2022-05-22 00:00:00+00:00,7949477656
2022-05-23 00:00:00+00:00,8110181435
2022-05-24 00:00:00+00:00,8045081670
2022-05-25 00:00:00+00:00,8107934374
2022-05-26 00:00:00+00:00,8131703092
2022-05-27 00:00:00+00:00,7762708792
2022-05-28 00:00:00+00:00,7401698421
2022-05-29 00:00:00+00:00,7496518867
2022-05-30 00:00:00+00:00,7459210138
2022-05-31 00:00:00+00:00,7884111371
2022-06-01 00:00:00+00:00,7876898697
2022-06-02 00:00:00+00:00,7790167755
2022-06-03 00:00:00+00:00,7891618314
2022-06-04 00:00:00+00:00,7677378515
2022-06-05 00:00:00+00:00,7680254829
2022-06-06 00:00:00+00:00,7748216799
2022-06-07 00:00:00+00:00,7579775638
2022-06-08 00:00:00+00:00,7526463578
2022-06-09 00:00:00+00:00,7607082081
2022-06-10 00:00:00+00:00,7548823642
2022-06-11 00:00:00+00:00,6807451647
2022-06-12 00:00:00+00:00,6509556136
2022-06-13 00:00:00+00:00,6271291958
2022-06-14 00:00:00+00:00,5471798199
2022-06-15 00:00:00+00:00,4972377727
2022-06-16 00:00:00+00:00,4847701931
2022-06-17 00:00:00+00:00,4586115352
2022-06-18 00:00:00+00:00,4548972043
2022-06-19 00:00:00+00:00,4198458978
2022-06-20 00:00:00+00:00,4299911344
2022-06-21 00:00:00+00:00,4353930972
2022-06-22 00:00:00+00:00,4328822990
2022-06-23 00:00:00+00:00,4293994729
2022-06-24 00:00:00+00:00,4354350321
2022-06-25 00:00:00+00:00,4436896564
2022-06-26 00:00:00+00:00,4476920989
2022-06-27 00:00:00+00:00,4454335915
2022-06-28 00:00:00+00:00,4433746278
2022-06-29 00:00:00+00:00,4387373427
2022-06-30 00:00:00+00:00,4317849535
2022-07-01 00:00:00+00:00,4330816972
2022-07-02 00:00:00+00:00,4363307928
2022-07-03 00:00:00+00:00,4351173026
2022-07-04 00:00:00+00:00,4382121104
2022-07-05 00:00:00+00:00,4475817670
2022-07-06 00:00:00+00:00,4504687539
2022-07-07 00:00:00+00:00,4603722232
2022-07-08 00:00:00+00:00,4636053707
2022-07-09 00:00:00+00:00,4640628922
2022-07-10 00:00:00+00:00,4684634129
2022-07-11 00:00:00+00:00,4618032428
2022-07-12 00:00:00+00:00,4517998090
2022-07-13 00:00:00+00:00,4464521931
2022-07-14 00:00:00+00:00,4550925481
2022-07-15 00:00:00+00:00,4697843120
2022-07-16 00:00:00+00:00,4764679080
2022-07-17 00:00:00+00:00,4425536966
2022-07-18 00:00:00+00:00,4450921079
2022-07-19 00:00:00+00:00,4764557700
2022-07-20 00:00:00+00:00,4818698509
2022-07-21 00:00:00+00:00,4835517327
2022-07-22 00:00:00+00:00,4914685894
2022-07-23 00:00:00+00:00,4995690715
2022-07-24 00:00:00+00:00,5089455924
2022-07-25 00:00:00+00:00,5158921749
2022-07-26 00:00:00+00:00,5006075127
2022-07-27 00:00:00+00:00,5033099548
2022-07-28 00:00:00+00:00,5248892031
2022-07-29 00:00:00+00:00,5421367780
2022-07-30 00:00:00+00:00,5501387862
2022-07-31 00:00:00+00:00,5464100228
2022-08-01 00:00:00+00:00,5461974701
2022-08-02 00:00:00+00:00,5416460158
2022-08-03 00:00:00+00:00,5399117471
2022-08-04 00:00:00+00:00,5501531476
2022-08-05 00:00:00+00:00,5466939386
2022-08-06 00:00:00+00:00,5641251961
2022-08-07 00:00:00+00:00,5593423076
2022-08-08 00:00:00+00:00,5590658600
2022-08-09 00:00:00+00:00,5691719952
2022-08-10 00:00:00+00:00,5511769875
2022-08-11 00:00:00+00:00,5768147301
2022-08-12 00:00:00+00:00,5790356617
2022-08-13 00:00:00+00:00,5721123324
2022-08-14 00:00:00+00:00,5790582314
2022-08-15 00:00:00+00:00,5711321649
2022-08-16 00:00:00+00:00,5660113376
2022-08-17 00:00:00+00:00,5689862495
2022-08-18 00:00:00+00:00,5627189056
2022-08-19 00:00:00+00:00,5595975758
2022-08-20 00:00:00+00:00,5371745595
2022-08-21 00:00:00+00:00,5317768097
2022-08-22 00:00:00+00:00,5345174940
2022-08-23 00:00:00+00:00,5358380365
2022-08-24 00:00:00+00:00,5356121120
2022-08-25 00:00:00+00:00,5420515508
2022-08-26 00:00:00+00:00,5435847801
2022-08-27 00:00:00+00:00,5254513603
2022-08-28 00:00:00+00:00,5209174635
2022-08-29 00:00:00+00:00,5125876923
2022-08-30 00:00:00+00:00,5317653137
2022-08-31 00:00:00+00:00,5319729197
2022-09-01 00:00:00+00:00,5328090181
2022-09-02 00:00:00+00:00,5335327688
2022-09-03 00:00:00+00:00,5279256412
2022-09-04 00:00:00+00:00,5273430888
2022-09-05 00:00:00+00:00,5289259496
2022-09-06 00:00:00+00:00,5349524715
2022-09-07 00:00:00+00:00,5040385993
2022-09-08 00:00:00+00:00,5089014331
2022-09-09 00:00:00+00:00,5094194578
2022-09-10 00:00:00+00:00,5163696602
2022-09-11 00:00:00+00:00,5225128500
2022-09-12 00:00:00+00:00,5163168547
2022-09-13 00:00:00+00:00,5073729732
2022-09-14 00:00:00+00:00,4801791015
2022-09-15 00:00:00+00:00,4604066715
2022-09-16 00:00:00+00:00,4618069809
2022-09-17 00:00:00+00:00,4723547690
2022-09-18 00:00:00+00:00,4815999166
2022-09-19 00:00:00+00:00,4801309729
2022-09-20 00:00:00+00:00,4851872249
2022-09-21 00:00:00+00:00,5199231301
2022-09-22 00:00:00+00:00,5047804243
2022-09-23 00:00:00+00:00,5174022199
2022-09-24 00:00:00+00:00,5212739055
2022-09-25 00:00:00+00:00,5233500847
2022-09-26 00:00:00+00:00,5248079019
2022-09-27 00:00:00+00:00,5511493949
2022-09-28 00:00:00+00:00,5565747666
2022-09-29 00:00:00+00:00,5575154020
2022-09-30 00:00:00+00:00,5595784748
2022-10-01 00:00:00+00:00,5572630425
2022-10-02 00:00:00+00:00,5588401671
2022-10-03 00:00:00+00:00,5522646926
2022-10-04 00:00:00+00:00,5608064157
2022-10-05 00:00:00+00:00,5632281174
2022-10-06 00:00:00+00:00,5570971922
2022-10-07 00:00:00+00:00,5576588853
2022-10-08 00:00:00+00:00,5586546525
2022-10-09 00:00:00+00:00,5548747987
2022-10-10 00:00:00+00:00,5537606929
2022-10-11 00:00:00+00:00,5481733986
2022-10-12 00:00:00+00:00,5469156125
2022-10-13 00:00:00+00:00,5398271852
2022-10-14 00:00:00+00:00,5429321887
2022-10-15 00:00:00+00:00,5405574791
2022-10-16 00:00:00+00:00,5390578049
2022-10-17 00:00:00+00:00,5427623760
2022-10-18 00:00:00+00:00,5495542786
2022-10-19 00:00:00+00:00,5442221826
2022-10-20 00:00:00+00:00,5354737610
2022-10-21 00:00:00+00:00,5315892312
2022-10-22 00:00:00+00:00,5280211936
2022-10-23 00:00:00+00:00,5318119168
2022-10-24 00:00:00+00:00,5383008875
2022-10-25 00:00:00+00:00,5207511753
2022-10-26 00:00:00+00:00,5378993184
2022-10-27 00:00:00+00:00,5469142099
2022-10-28 00:00:00+00:00,5411078710
2022-10-29 00:00:00+00:00,5461555096
2022-10-30 00:00:00+00:00,5603176785
2022-10-31 00:00:00+00:00,5549020705
2022-11-01 00:00:00+00:00,5524110625
2022-11-02 00:00:00+00:00,5552853906
2022-11-03 00:00:00+00:00,5467770244
2022-11-04 00:00:00+00:00,5480064377
2022-11-05 00:00:00+00:00,5631706993
2022-11-06 00:00:00+00:00,5570043053
2022-11-07 00:00:00+00:00,5499240164
2022-11-08 00:00:00+00:00,4906838273
2022-11-09 00:00:00+00:00,4441537100
2022-11-10 00:00:00+00:00,3870438353
2022-11-11 00:00:00+00:00,3607954805
2022-11-12 00:00:00+00:00,3577156122
2022-11-13 00:00:00+00:00,3483961290
2022-11-14 00:00:00+00:00,3396115954
2022-11-15 00:00:00+00:00,3411243634
2022-11-16 00:00:00+00:00,3472391987
2022-11-17 00:00:00+00:00,3462232055
2022-11-18 00:00:00+00:00,3436423564
2022-11-19 00:00:00+00:00,3473171941
2022-11-20 00:00:00+00:00,3485311342
2022-11-21 00:00:00+00:00,3384868494
2022-11-22 00:00:00+00:00,3394217080
2022-11-23 00:00:00+00:00,3378523131
2022-11-24 00:00:00+00:00,3384591724
2022-11-25 00:00:00+00:00,3275813054
2022-11-26 00:00:00+00:00,3282378789
2022-11-27 00:00:00+00:00,3295890393
2022-11-28 00:00:00+00:00,3296411001
2022-11-29 00:00:00+00:00,3287240658
2022-11-30 00:00:00+00:00,3339909746
2022-12-01 00:00:00+00:00,3409476440
2022-12-02 00:00:00+00:00,3375163428
2022-12-03 00:00:00+00:00,3403261222
2022-12-04 00:00:00+00:00,3359450559
2022-12-05 00:00:00+00:00,3392873576
2022-12-06 00:00:00+00:00,3382421945
2022-12-07 00:00:00+00:00,3385602401
2022-12-08 00:00:00+00:00,3373350450
2022-12-09 00:00:00+00:00,3400406794
2022-12-10 00:00:00+00:00,3443976211
2022-12-11 00:00:00+00:00,3446339717
2022-12-12 00:00:00+00:00,3452570659
2022-12-13 00:00:00+00:00,3451024025
2022-12-14 00:00:00+00:00,3484163920
2022-12-15 00:00:00+00:00,3491113194
2022-12-16 00:00:00+00:00,3467627089
2022-12-17 00:00:00+00:00,3361301059
2022-12-18 00:00:00+00:00,3377566364
2022-12-19 00:00:00+00:00,3382721951
2022-12-22 00:00:00+00:00,3375513687
2022-12-23 00:00:00+00:00,3381521248
2022-12-24 00:00:00+00:00,3442292147
2022-12-25 00:00:00+00:00,3426419239
2022-12-26 00:00:00+00:00,3379959879
2022-12-27 00:00:00+00:00,3379034808
2022-12-28 00:00:00+00:00,3383538734
2022-12-29 00:00:00+00:00,3356654705
2022-12-30 00:00:00+00:00,3360996425
2022-12-31 00:00:00+00:00,3348272463
2023-01-01 00:00:00+00:00,3343316547
2023-01-02 00:00:00+00:00,3347554313
2023-01-03 00:00:00+00:00,3374650969
2023-01-04 00:00:00+00:00,3381410511
2023-01-05 00:00:00+00:00,3402392669
2023-01-06 00:00:00+00:00,3395625592
2023-01-07 00:00:00+00:00,3422358700
2023-01-08 00:00:00+00:00,3422517887
2023-01-09 00:00:00+00:00,3462780105
2023-01-10 00:00:00+00:00,3581789110
2023-01-11 00:00:00+00:00,3589744937
2023-01-12 00:00:00+00:00,3653931562
2023-01-13 00:00:00+00:00,3682105519
2023-01-14 00:00:00+00:00,3921870866
2023-01-15 00:00:00+00:00,3898957518
2023-01-16 00:00:00+00:00,3955496178
2023-01-17 00:00:00+00:00,3978826107
2023-01-18 00:00:00+00:00,4048097628
2023-01-19 00:00:00+00:00,3976357554
2023-01-20 00:00:00+00:00,4037209136
2023-01-21 00:00:00+00:00,4224875017
2023-01-22 00:00:00+00:00,4204641870
2023-01-23 00:00:00+00:00,4217493124
2023-01-24 00:00:00+00:00,4230831159
2023-01-25 00:00:00+00:00,4348248734
2023-01-26 00:00:00+00:00,4420124233
2023-01-27 00:00:00+00:00,4388980490
2023-01-28 00:00:00+00:00,4434621037
2023-01-29 00:00:00+00:00,4411403307
2023-01-30 00:00:00+00:00,4498527104
2023-01-31 00:00:00+00:00,4385993499
2023-02-01 00:00:00+00:00,4390998386
2023-02-02 00:00:00+00:00,4578927352
2023-02-03 00:00:00+00:00,4535258121
2023-02-04 00:00:00+00:00,4587935706
2023-02-05 00:00:00+00:00,4575541327
2023-02-06 00:00:00+00:00,4525765307
2023-02-07 00:00:00+00:00,4535916746
2023-02-08 00:00:00+00:00,4620443313
2023-02-09 00:00:00+00:00,4584909044
2023-02-10 00:00:00+00:00,4427153013
2023-02-11 00:00:00+00:00,4381947779
2023-02-12 00:00:00+00:00,4410612933
2023-02-13 00:00:00+00:00,4428538307
2023-02-14 00:00:00+00:00,4412563912
2023-02-15 00:00:00+00:00,4481441787
2023-02-16 00:00:00+00:00,4692759248
2023-02-17 00:00:00+00:00,4620710938
2023-02-18 00:00:00+00:00,4693484675
2023-02-19 00:00:00+00:00,4700502627
2023-02-20 00:00:00+00:00,4659203343
2023-02-21 00:00:00+00:00,4715961911
2023-02-22 00:00:00+00:00,4631257685
2023-02-23 00:00:00+00:00,4607743339
2023-02-24 00:00:00+00:00,4623478549
2023-02-25 00:00:00+00:00,4553165114
2023-02-26 00:00:00+00:00,4533409211
2023-02-27 00:00:00+00:00,4601888759
2023-02-28 00:00:00+00:00,4592573093
2023-03-01 00:00:00+00:00,4673779106
2023-03-02 00:00:00+00:00,4792708810
2023-03-03 00:00:00+00:00,4793171274
2023-03-04 00:00:00+00:00,4660058394
2023-03-05 00:00:00+00:00,4653105332
2023-03-06 00:00:00+00:00,4634333185
2023-03-07 00:00:00+00:00,4631006546
2023-03-08 00:00:00+00:00,4606548014
2023-03-09 00:00:00+00:00,4530550931
2023-03-10 00:00:00+00:00,4319981359
2023-03-11 00:00:00+00:00,4228150924
2023-03-12 00:00:00+00:00,3629789453
2023-03-13 00:00:00+00:00,3768247528
2023-03-14 00:00:00+00:00,3884826652
2023-03-15 00:00:00+00:00,3945239196
2023-03-16 00:00:00+00:00,3868323191
2023-03-17 00:00:00+00:00,3982211540
2023-03-18 00:00:00+00:00,4179024960
2023-03-19 00:00:00+00:00,4166328121
2023-03-20 00:00:00+00:00,4188790684
2023-03-21 00:00:00+00:00,4334697858
2023-03-22 00:00:00+00:00,4421999063
2023-03-23 00:00:00+00:00,4314131838
2023-03-24 00:00:00+00:00,4414908690
2023-03-25 00:00:00+00:00,4328764802
2023-03-26 00:00:00+00:00,4334980734
2023-03-27 00:00:00+00:00,4342450463
2023-03-28 00:00:00+00:00,4273750628
2023-03-29 00:00:00+00:00,4337210724
2023-03-30 00:00:00+00:00,4372049963
2023-03-31 00:00:00+00:00,4389947531
2023-04-01 00:00:00+00:00,4389849715
2023-04-02 00:00:00+00:00,4371300858
2023-04-03 00:00:00+00:00,4329854949
2023-04-04 00:00:00+00:00,4346872770
2023-04-05 00:00:00+00:00,4480255094
2023-04-06 00:00:00+00:00,4475195291
2023-04-07 00:00:00+00:00,4449723703
2023-04-08 00:00:00+00:00,4408833349
2023-04-09 00:00:00+00:00,4389381596
2023-04-10 00:00:00+00:00,4383052563
2023-04-11 00:00:00+00:00,4449642472
2023-04-12 00:00:00+00:00,4431701245
2023-04-13 00:00:00+00:00,4440589483
2023-04-14 00:00:00+00:00,4605943618
2023-04-15 00:00:00+00:00,4587915029
2023-04-16 00:00:00+00:00,4582682348
2023-04-17 00:00:00+00:00,4488346476
2023-04-18 00:00:00+00:00,4216232392
2023-04-19 00:00:00+00:00,4282987365
2023-04-20 00:00:00+00:00,4257860785
2023-04-21 00:00:00+00:00,4260759020
2023-04-22 00:00:00+00:00,4123359039
2023-04-23 00:00:00+00:00,4124957487
2023-04-24 00:00:00+00:00,4105010158
2023-04-25 00:00:00+00:00,4095885325
2023-04-26 00:00:00+00:00,4084961123
2023-04-27 00:00:00+00:00,4133491489
2023-04-28 00:00:00+00:00,4128529807
2023-04-29 00:00:00+00:00,4030990881
2023-04-30 00:00:00+00:00,4046895910
2023-05-01 00:00:00+00:00,3997664052
2023-05-02 00:00:00+00:00,3945315444
2023-05-03 00:00:00+00:00,4018092190
2023-05-04 00:00:00+00:00,4086396426
2023-05-05 00:00:00+00:00,4054012618
2023-05-06 00:00:00+00:00,4161100539
2023-05-07 00:00:00+00:00,4076693027
2023-05-08 00:00:00+00:00,4035549764
2023-05-09 00:00:00+00:00,3981278432
2023-05-10 00:00:00+00:00,3984524100
2023-05-11 00:00:00+00:00,3991016049
2023-05-12 00:00:00+00:00,3918803905
2023-05-13 00:00:00+00:00,3916877379
2023-05-14 00:00:00+00:00,3885848319
2023-05-15 00:00:00+00:00,3873745699
2023-05-16 00:00:00+00:00,3913046724
2023-05-17 00:00:00+00:00,3916208441
2023-05-18 00:00:00+00:00,3913757164
2023-05-19 00:00:00+00:00,3889789272
2023-05-20 00:00:00+00:00,3882933728
2023-05-21 00:00:00+00:00,3919611150
2023-05-22 00:00:00+00:00,3872324631
2023-05-23 00:00:00+00:00,3898755352
2023-05-24 00:00:00+00:00,3933986143
2023-05-25 00:00:00+00:00,3875583709
2023-05-26 00:00:00+00:00,3891591541
2023-05-27 00:00:00+00:00,3926703606
2023-05-28 00:00:00+00:00,3946846589
2023-05-29 00:00:00+00:00,4021739406
2023-05-30 00:00:00+00:00,3986965537
2023-05-31 00:00:00+00:00,3918826105
2023-06-01 00:00:00+00:00,3876527428
2023-06-02 00:00:00+00:00,3867251857
2023-06-03 00:00:00+00:00,3913626960
2023-06-04 00:00:00+00:00,3903325533
2023-06-05 00:00:00+00:00,3892635238
2023-06-06 00:00:00+00:00,3782827576
2023-06-07 00:00:00+00:00,3842837752
2023-06-08 00:00:00+00:00,3749602091
2023-06-09 00:00:00+00:00,3756266458
2023-06-10 00:00:00+00:00,3690502542
2023-06-12 00:00:00+00:00,3583434943
2023-06-13 00:00:00+00:00,3557369298
2023-06-14 00:00:00+00:00,3557998924
2023-06-15 00:00:00+00:00,3469241839
2023-06-16 00:00:00+00:00,3403475413
2023-06-17 00:00:00+00:00,3452012009
2023-06-18 00:00:00+00:00,3466828970
2023-06-19 00:00:00+00:00,3462986815
2023-06-20 00:00:00+00:00,3394737963
2023-06-21 00:00:00+00:00,3438125563
2023-06-22 00:00:00+00:00,3540813273
2023-06-23 00:00:00+00:00,3509313159
2023-06-24 00:00:00+00:00,3516129548
2023-06-25 00:00:00+00:00,3523107238
2023-06-26 00:00:00+00:00,3534336862
2023-06-27 00:00:00+00:00,3503139579
2023-06-28 00:00:00+00:00,3492641149
2023-06-29 00:00:00+00:00,3446364754
2023-06-30 00:00:00+00:00,3469539723
2023-07-01 00:00:00+00:00,3540382383
2023-07-02 00:00:00+00:00,3520153434
2023-07-03 00:00:00+00:00,3528613754
2023-07-04 00:00:00+00:00,3473799380
2023-07-05 00:00:00+00:00,3454794579
2023-07-06 00:00:00+00:00,3403076647
2023-07-07 00:00:00+00:00,3361406349
2023-07-08 00:00:00+00:00,3382125621
2023-07-09 00:00:00+00:00,3374152752
2023-07-10 00:00:00+00:00,3372520959
2023-07-11 00:00:00+00:00,3388775136
2023-07-12 00:00:00+00:00,3403998403
2023-07-13 00:00:00+00:00,3387144617
2023-07-14 00:00:00+00:00,3345219442
2023-07-15 00:00:00+00:00,3271223830
2023-07-16 00:00:00+00:00,3269919997
2023-07-17 00:00:00+00:00,3254917953
2023-07-18 00:00:00+00:00,3239741466
2023-07-19 00:00:00+00:00,3183747100
2023-07-20 00:00:00+00:00,3148577933
2023-07-21 00:00:00+00:00,3123880041
2023-07-22 00:00:00+00:00,3080278959
2023-07-23 00:00:00+00:00,2927424552
2023-07-24 00:00:00+00:00,2938042940
2023-07-25 00:00:00+00:00,2899063796
2023-07-26 00:00:00+00:00,2891111271
2023-07-27 00:00:00+00:00,2899158621
2023-07-28 00:00:00+00:00,2896237189
2023-07-29 00:00:00+00:00,2905723476
2023-07-30 00:00:00+00:00,2913269910
2023-07-31 00:00:00+00:00,1564301789
2023-08-01 00:00:00+00:00,1438632481
2023-08-02 00:00:00+00:00,1441059660
2023-08-03 00:00:00+00:00,1549652742
2023-08-04 00:00:00+00:00,2088883793
2023-08-05 00:00:00+00:00,2125785893
2023-08-06 00:00:00+00:00,2123811315
2023-08-07 00:00:00+00:00,2156772202
2023-08-08 00:00:00+00:00,2158099049
2023-08-09 00:00:00+00:00,2168140351
2023-08-10 00:00:00+00:00,2185712826
2023-08-11 00:00:00+00:00,2182825188
2023-08-12 00:00:00+00:00,2175433290
2023-08-13 00:00:00+00:00,2156314379
2023-08-14 00:00:00+00:00,2153252761
2023-08-15 00:00:00+00:00,2158918399
2023-08-16 00:00:00+00:00,2141784176
2023-08-17 00:00:00+00:00,2108906917
2023-08-18 00:00:00+00:00,2047347586
2023-08-19 00:00:00+00:00,2037084073
2023-08-20 00:00:00+00:00,2041610684
2023-08-21 00:00:00+00:00,2049032422
2023-08-22 00:00:00+00:00,2126789876
2023-08-23 00:00:00+00:00,2103803326
2023-08-24 00:00:00+00:00,2125507273
2023-08-25 00:00:00+00:00,2112020558
2023-08-26 00:00:00+00:00,2120348659
2023-08-27 00:00:00+00:00,2111620997
2023-08-28 00:00:00+00:00,2117332652
2023-08-29 00:00:00+00:00,2115119953
2023-08-30 00:00:00+00:00,2116219302
2023-08-31 00:00:00+00:00,2106638669
2023-09-01 00:00:00+00:00,2057874952
2023-09-02 00:00:00+00:00,2034654896
2023-09-03 00:00:00+00:00,2035425863
2023-09-04 00:00:00+00:00,2047853609
2023-09-05 00:00:00+00:00,2000932304
2023-09-06 00:00:00+00:00,2004001218
2023-09-07 00:00:00+00:00,1907803957
2023-09-08 00:00:00+00:00,1915488147
2023-09-09 00:00:00+00:00,1909219828
2023-09-10 00:00:00+00:00,1901769142
2023-09-11 00:00:00+00:00,1886348585
2023-09-12 00:00:00+00:00,1842872993
2023-09-13 00:00:00+00:00,1846865911
2023-09-14 00:00:00+00:00,1833017661
2023-09-15 00:00:00+00:00,1844518101
2023-09-16 00:00:00+00:00,1847055702
2023-09-17 00:00:00+00:00,1846357535
2023-09-18 00:00:00+00:00,1847608429
2023-09-19 00:00:00+00:00,1848197959
2023-09-20 00:00:00+00:00,1839293076
2023-09-21 00:00:00+00:00,1815125489
2023-09-22 00:00:00+00:00,1800568511
2023-09-23 00:00:00+00:00,1808739520
2023-09-24 00:00:00+00:00,1804105573
2023-09-25 00:00:00+00:00,1804890574
2023-09-26 00:00:00+00:00,1802979650
2023-09-27 00:00:00+00:00,1821457593
2023-09-28 00:00:00+00:00,1796388295
2023-09-29 00:00:00+00:00,1775169462
2023-09-30 00:00:00+00:00,1774226955
2023-10-01 00:00:00+00:00,1772961200
2023-10-02 00:00:00+00:00,1797360776
2023-10-03 00:00:00+00:00,1772406666
2023-10-04 00:00:00+00:00,1752311231
2023-10-05 00:00:00+00:00,1761630796
2023-10-06 00:00:00+00:00,1746696975
2023-10-07 00:00:00+00:00,1742382496
2023-10-08 00:00:00+00:00,1740034241
2023-10-09 00:00:00+00:00,1741457930
2023-10-10 00:00:00+00:00,1686249839
2023-10-11 00:00:00+00:00,1416353202
2023-10-12 00:00:00+00:00,1385758632
2023-10-13 00:00:00+00:00,1386035519
2023-10-14 00:00:00+00:00,1406057590
2023-10-15 00:00:00+00:00,1407593240
2023-10-16 00:00:00+00:00,1409854234
2023-10-17 00:00:00+00:00,1428582822
2023-10-18 00:00:00+00:00,1408900233
2023-10-19 00:00:00+00:00,1377162008
2023-10-20 00:00:00+00:00,1385424505
2023-10-21 00:00:00+00:00,1382376067
2023-10-22 00:00:00+00:00,1388739275
2023-10-23 00:00:00+00:00,1402926593
2023-10-24 00:00:00+00:00,1443694125
2023-10-25 00:00:00+00:00,1441139491
2023-10-26 00:00:00+00:00,1450928611
2023-10-27 00:00:00+00:00,1451567017
2023-10-28 00:00:00+00:00,1446934353
2023-10-29 00:00:00+00:00,1453283477
2023-10-30 00:00:00+00:00,1465287234
2023-10-31 00:00:00+00:00,1486289261
2023-11-01 00:00:00+00:00,1472760247
2023-11-02 00:00:00+00:00,1525289504
2023-11-03 00:00:00+00:00,1510693209
2023-11-04 00:00:00+00:00,1542694665
2023-11-05 00:00:00+00:00,1550002562
2023-11-06 00:00:00+00:00,1551064782
2023-11-07 00:00:00+00:00,1560915563
2023-11-08 00:00:00+00:00,1544135471
2023-11-09 00:00:00+00:00,1544529735
2023-11-10 00:00:00+00:00,1599001597
2023-11-11 00:00:00+00:00,1593918681
2023-11-12 00:00:00+00:00,1580185437
2023-11-13 00:00:00+00:00,1588930653
2023-11-14 00:00:00+00:00,1565424530
2023-11-15 00:00:00+00:00,1551705716
2023-11-16 00:00:00+00:00,1624841434
2023-11-17 00:00:00+00:00,1580566001
2023-11-18 00:00:00+00:00,1582504807
2023-11-19 00:00:00+00:00,1578524393
2023-11-20 00:00:00+00:00,1595815001
2023-11-21 00:00:00+00:00,1592356985
2023-11-22 00:00:00+00:00,1555392719
2023-11-23 00:00:00+00:00,1628297643
2023-11-24 00:00:00+00:00,1623596092
2023-11-25 00:00:00+00:00,1641292580
2023-11-26 00:00:00+00:00,1620285289
2023-11-27 00:00:00+00:00,1630175333
2023-11-28 00:00:00+00:00,1609919775
2023-11-29 00:00:00+00:00,1615404400
2023-11-30 00:00:00+00:00,1607027874
2023-12-01 00:00:00+00:00,1610459965
2023-12-02 00:00:00+00:00,1625781277
2023-12-03 00:00:00+00:00,1661956573
2023-12-04 00:00:00+00:00,1677683960
2023-12-05 00:00:00+00:00,1687194276
2023-12-06 00:00:00+00:00,1705245114
2023-12-07 00:00:00+00:00,1680741644
2023-12-08 00:00:00+00:00,1703322950
2023-12-09 00:00:00+00:00,1709358636
2023-12-10 00:00:00+00:00,1709443654
2023-12-11 00:00:00+00:00,1710092226
2023-12-12 00:00:00+00:00,1632318921
2023-12-13 00:00:00+00:00,1624181987
2023-12-14 00:00:00+00:00,1621687673
2023-12-15 00:00:00+00:00,1636661660
2023-12-16 00:00:00+00:00,1561676822
2023-12-17 00:00:00+00:00,1568922868
2023-12-18 00:00:00+00:00,1554539260
2023-12-19 00:00:00+00:00,1530032105
2023-12-20 00:00:00+00:00,1503515922
2023-12-21 00:00:00+00:00,1526225180
2023-12-22 00:00:00+00:00,1555431306
2023-12-23 00:00:00+00:00,1584331379
2023-12-24 00:00:00+00:00,1557044625
2023-12-25 00:00:00+00:00,1528333523
2023-12-26 00:00:00+00:00,1530324171
2023-12-27 00:00:00+00:00,1497656158
2023-12-28 00:00:00+00:00,1559571136
2023-12-29 00:00:00+00:00,1563064526
2023-12-30 00:00:00+00:00,1536893744
2023-12-31 00:00:00+00:00,1551166168
2024-01-01 00:00:00+00:00,1521296447
2024-01-02 00:00:00+00:00,1549011940
2024-01-03 00:00:00+00:00,1549406926
2024-01-04 00:00:00+00:00,1474041942
2024-01-05 00:00:00+00:00,1503339799
2024-01-06 00:00:00+00:00,1490694396
2024-01-07 00:00:00+00:00,1470930575
2024-01-08 00:00:00+00:00,1456703661
2024-01-09 00:00:00+00:00,1484518015
2024-01-10 00:00:00+00:00,1510792127
2024-01-11 00:00:00+00:00,1554162961
2024-01-12 00:00:00+00:00,1566755830
2024-01-13 00:00:00+00:00,1524776585
2024-01-14 00:00:00+00:00,1529194886
2024-01-15 00:00:00+00:00,1504959339
2024-01-19 00:00:00+00:00,1459416105
2024-01-20 00:00:00+00:00,1466535164
2024-01-21 00:00:00+00:00,1455362892
2024-01-22 00:00:00+00:00,1448925058
2024-01-23 00:00:00+00:00,1832785883
2024-01-24 00:00:00+00:00,1798985326
2024-01-25 00:00:00+00:00,1790118870
2024-01-26 00:00:00+00:00,1756007868
2024-01-27 00:00:00+00:00,1783085022
2024-01-28 00:00:00+00:00,1780244979
2024-01-29 00:00:00+00:00,1773786080
2024-01-30 00:00:00+00:00,1794157210
2024-01-31 00:00:00+00:00,1662044219
2024-02-01 00:00:00+00:00,1638395833
2024-02-02 00:00:00+00:00,1659918760
2024-02-03 00:00:00+00:00,1673420410
2024-02-04 00:00:00+00:00,1665920579
2024-02-05 00:00:00+00:00,1660975903
2024-02-06 00:00:00+00:00,1663206296
2024-02-07 00:00:00+00:00,1690096289
2024-02-08 00:00:00+00:00,1720552476
2024-02-09 00:00:00+00:00,1706890496
2024-02-10 00:00:00+00:00,1720044618
2024-02-11 00:00:00+00:00,1713378809
2024-02-12 00:00:00+00:00,1714327644
2024-02-13 00:00:00+00:00,1761010506
2024-02-14 00:00:00+00:00,1744185421
2024-02-15 00:00:00+00:00,1805088835
2024-02-16 00:00:00+00:00,1803620877
2024-02-17 00:00:00+00:00,1800953199
2024-02-18 00:00:00+00:00,1808743733
2024-02-19 00:00:00+00:00,1852389407
2024-02-20 00:00:00+00:00,1893960672
2024-02-21 00:00:00+00:00,1900897719
2024-02-22 00:00:00+00:00,2063814363
2024-02-23 00:00:00+00:00,2058469175
2024-02-24 00:00:00+00:00,2033919692
2024-02-25 00:00:00+00:00,2037506474
2024-02-26 00:00:00+00:00,2070531195
2024-02-27 00:00:00+00:00,2152412867
2024-02-28 00:00:00+00:00,2194300053
2024-02-29 00:00:00+00:00,2242168281
2024-03-01 00:00:00+00:00,2226484218
2024-03-02 00:00:00+00:00,2264206089
2024-03-03 00:00:00+00:00,2258370443
2024-03-04 00:00:00+00:00,2267547870
2024-03-05 00:00:00+00:00,2302263765
2024-03-06 00:00:00+00:00,2264386240
2024-03-07 00:00:00+00:00,2380709956
2024-03-08 00:00:00+00:00,2361817958
2024-03-09 00:00:00+00:00,2383611967
2024-03-10 00:00:00+00:00,2371352058
2024-03-11 00:00:00+00:00,2350190103
2024-03-12 00:00:00+00:00,2416505314
2024-03-13 00:00:00+00:00,2380591436
2024-03-14 00:00:00+00:00,2395887968
2024-03-15 00:00:00+00:00,2347054636
2024-03-16 00:00:00+00:00,2288073343
2024-03-17 00:00:00+00:00,2204553470
2024-03-18 00:00:00+00:00,2227430911
2024-03-19 00:00:00+00:00,2052947135
2024-03-20 00:00:00+00:00,2147197403
2024-03-21 00:00:00+00:00,2272960184
2024-03-22 00:00:00+00:00,2028202929
2024-03-23 00:00:00+00:00,1914317010
2024-03-24 00:00:00+00:00,2181659448
2024-03-25 00:00:00+00:00,2215235482
2024-03-26 00:00:00+00:00,2296298858
2024-03-27 00:00:00+00:00,2290743938
2024-03-28 00:00:00+00:00,2249874847
2024-03-29 00:00:00+00:00,2248621309
2024-03-30 00:00:00+00:00,2245606119
2024-03-31 00:00:00+00:00,2243046394
2024-04-01 00:00:00+00:00,2298525671
2024-04-02 00:00:00+00:00,2252952406
2024-04-03 00:00:00+00:00,2198644071
2024-04-04 00:00:00+00:00,2188051674
2024-04-05 00:00:00+00:00,2193761037
2024-04-06 00:00:00+00:00,2189209335
2024-04-07 00:00:00+00:00,1952064387
2024-04-08 00:00:00+00:00,1929602291
2024-04-09 00:00:00+00:00,2054229655
2024-04-10 00:00:00+00:00,1994987096
2024-04-11 00:00:00+00:00,1961510875
2024-04-12 00:00:00+00:00,1962114689
2024-04-13 00:00:00+00:00,1863164662
2024-04-14 00:00:00+00:00,1779571972
2024-04-15 00:00:00+00:00,1826865557
2024-04-16 00:00:00+00:00,1809642429
2024-04-17 00:00:00+00:00,1830021560
2024-04-18 00:00:00+00:00,1777886383
2024-04-19 00:00:00+00:00,1799852434
2024-04-20 00:00:00+00:00,1809410057
2024-04-21 00:00:00+00:00,1827036132
2024-04-22 00:00:00+00:00,1835120440
2024-04-23 00:00:00+00:00,1852034292
2024-04-24 00:00:00+00:00,1840326897
2024-04-25 00:00:00+00:00,1811060325
2024-04-26 00:00:00+00:00,1824376790
2024-04-27 00:00:00+00:00,1831648799
2024-04-28 00:00:00+00:00,1857271978
2024-04-29 00:00:00+00:00,1869584190
2024-04-30 00:00:00+00:00,1842694191
2024-05-01 00:00:00+00:00,1779177353
2024-05-02 00:00:00+00:00,1765387517
2024-05-03 00:00:00+00:00,1786914917
2024-05-04 00:00:00+00:00,1818134937
2024-05-05 00:00:00+00:00,1812166723
2024-05-06 00:00:00+00:00,1823854914
2024-05-07 00:00:00+00:00,1778896855
2024-05-08 00:00:00+00:00,1761904025
2024-05-09 00:00:00+00:00,1743573751
2024-05-10 00:00:00+00:00,1763743840
2024-05-11 00:00:00+00:00,1715970660
2024-05-12 00:00:00+00:00,1727946965
2024-05-13 00:00:00+00:00,1733950794
2024-05-14 00:00:00+00:00,1745214393
2024-05-15 00:00:00+00:00,1714019210
2024-05-16 00:00:00+00:00,1745284459
2024-05-17 00:00:00+00:00,1749418408
2024-05-18 00:00:00+00:00,1786207914
2024-05-19 00:00:00+00:00,1789386311
2024-05-20 00:00:00+00:00,1773011819
2024-05-21 00:00:00+00:00,1886734099
2024-05-22 00:00:00+00:00,1928491107
2024-05-23 00:00:00+00:00,1917425943
2024-05-24 00:00:00+00:00,1936546230
2024-05-25 00:00:00+00:00,1915613061
2024-05-26 00:00:00+00:00,1913401682
2024-05-27 00:00:00+00:00,1936201733
2024-05-28 00:00:00+00:00,1954699074
2024-05-29 00:00:00+00:00,1951026374
2024-05-30 00:00:00+00:00,1903154233
2024-05-31 00:00:00+00:00,1896095946
2024-06-01 00:00:00+00:00,1901959755
2024-06-02 00:00:00+00:00,1923188077
2024-06-03 00:00:00+00:00,1910425548
2024-06-04 00:00:00+00:00,1914318161
2024-06-05 00:00:00+00:00,1930001387
2024-06-06 00:00:00+00:00,1943439722
2024-06-07 00:00:00+00:00,1917964970
2024-06-08 00:00:00+00:00,1886003912
2024-06-09 00:00:00+00:00,1881776030
2024-06-10 00:00:00+00:00,1891216383
2024-06-11 00:00:00+00:00,1875078760
2024-06-12 00:00:00+00:00,1831813585
2024-06-13 00:00:00+00:00,1843390466
2024-06-14 00:00:00+00:00,1826485592
2024-06-15 00:00:00+00:00,1817596492
2024-06-16 00:00:00+00:00,1842003300
2024-06-17 00:00:00+00:00,1852751903
2024-06-18 00:00:00+00:00,1823966016
2024-06-19 00:00:00+00:00,1804263441
2024-06-20 00:00:00+00:00,1824744164
2024-06-21 00:00:00+00:00,1816465570
2024-06-22 00:00:00+00:00,1809865045
2024-06-23 00:00:00+00:00,1787549620
2024-06-24 00:00:00+00:00,1772954996
2024-06-25 00:00:00+00:00,1743597269
2024-06-26 00:00:00+00:00,1768889806
2024-06-27 00:00:00+00:00,1769104110
2024-06-28 00:00:00+00:00,1780719482
2024-06-29 00:00:00+00:00,1759039897
2024-06-30 00:00:00+00:00,1765054375
2024-07-01 00:00:00+00:00,1792616200
2024-07-02 00:00:00+00:00,1783720997
2024-07-03 00:00:00+00:00,1772628692
2024-07-04 00:00:00+00:00,1748935213
2024-07-05 00:00:00+00:00,1697282460
2024-07-06 00:00:00+00:00,1630460988
2024-07-07 00:00:00+00:00,1655666995
2024-07-08 00:00:00+00:00,1649323501
2024-07-09 00:00:00+00:00,1673493037
2024-07-10 00:00:00+00:00,1674040165
2024-07-11 00:00:00+00:00,1676970623
2024-07-12 00:00:00+00:00,1688089578
2024-07-13 00:00:00+00:00,1696994733
2024-07-14 00:00:00+00:00,1705381686
2024-07-15 00:00:00+00:00,1731036005
2024-07-16 00:00:00+00:00,1771402007
2024-07-17 00:00:00+00:00,1779222350
2024-07-18 00:00:00+00:00,1771703195
2024-07-19 00:00:00+00:00,1777349108
2024-07-20 00:00:00+00:00,1807087328
2024-07-21 00:00:00+00:00,1809855504
2024-07-22 00:00:00+00:00,1815890406
2024-07-23 00:00:00+00:00,1799004079
2024-07-24 00:00:00+00:00,1797835681
2024-07-25 00:00:00+00:00,1760900086
2024-07-26 00:00:00+00:00,1720260711
2024-07-27 00:00:00+00:00,1754681215
2024-07-28 00:00:00+00:00,1819343724
2024-07-29 00:00:00+00:00,1836472816
2024-07-30 00:00:00+00:00,1864553422
2024-07-31 00:00:00+00:00,1854651468
2024-08-01 00:00:00+00:00,1852521303
2024-08-02 00:00:00+00:00,1851641876
2024-08-03 00:00:00+00:00,1807413029
2024-08-04 00:00:00+00:00,1777837394
2024-08-05 00:00:00+00:00,1731520797
2024-08-06 00:00:00+00:00,1637190931
2024-08-07 00:00:00+00:00,1650653661
2024-08-08 00:00:00+00:00,1620061904
2024-08-09 00:00:00+00:00,1693180206
2024-08-10 00:00:00+00:00,1687477268
2024-08-11 00:00:00+00:00,1686735785
2024-08-12 00:00:00+00:00,1671322715
2024-08-13 00:00:00+00:00,1699182960
2024-08-14 00:00:00+00:00,1719939852
2024-08-15 00:00:00+00:00,1704684063
2024-08-16 00:00:00+00:00,1681948706
2024-08-17 00:00:00+00:00,1698361493
2024-08-18 00:00:00+00:00,1697160985
2024-08-19 00:00:00+00:00,1706493128
2024-08-20 00:00:00+00:00,1711857700
2024-08-21 00:00:00+00:00,1704736569
2024-08-22 00:00:00+00:00,1713555300
2024-08-23 00:00:00+00:00,1711125628
2024-08-24 00:00:00+00:00,1736787313
2024-08-25 00:00:00+00:00,1735272763
2024-08-26 00:00:00+00:00,1741542799
2024-08-27 00:00:00+00:00,1715201017
2024-08-28 00:00:00+00:00,1651616458
2024-08-29 00:00:00+00:00,1664734743
2024-08-30 00:00:00+00:00,1660161822
2024-08-31 00:00:00+00:00,1661133745
2024-09-01 00:00:00+00:00,1662497564
2024-09-02 00:00:00+00:00,1632094452
2024-09-03 00:00:00+00:00,1658511368
2024-09-04 00:00:00+00:00,1629960297
2024-09-05 00:00:00+00:00,1633887640
2024-09-06 00:00:00+00:00,1617675579
2024-09-07 00:00:00+00:00,1556590030
2024-09-08 00:00:00+00:00,1571491776
2024-09-09 00:00:00+00:00,1577872294
2024-09-10 00:00:00+00:00,1594845961
2024-09-11 00:00:00+00:00,1586212655
2024-09-12 00:00:00+00:00,1577199248
2024-09-13 00:00:00+00:00,1580896555
2024-09-14 00:00:00+00:00,1606554179
2024-09-15 00:00:00+00:00,1598533798
2024-09-16 00:00:00+00:00,1582441210
2024-09-17 00:00:00+00:00,1561257691
2024-09-18 00:00:00+00:00,1578915977
2024-09-19 00:00:00+00:00,1574846023
2024-09-20 00:00:00+00:00,1606926165
2024-09-21 00:00:00+00:00,1631166849
2024-09-22 00:00:00+00:00,1634332236
2024-09-23 00:00:00+00:00,1624236905
2024-09-24 00:00:00+00:00,1647042204
2024-09-25 00:00:00+00:00,1658649313
2024-09-26 00:00:00+00:00,1646042782
2024-09-27 00:00:00+00:00,1662044781
2024-09-28 00:00:00+00:00,1679514780
2024-09-29 00:00:00+00:00,1672994874
2024-09-30 00:00:00+00:00,1669486299
2024-10-01 00:00:00+00:00,1653993167
2024-10-02 00:00:00+00:00,1616084375
2024-10-03 00:00:00+00:00,1596246672
2024-10-04 00:00:00+00:00,1587903987
2024-10-05 00:00:00+00:00,1603342864
2024-10-06 00:00:00+00:00,1597861257
2024-10-07 00:00:00+00:00,1606900570
2024-10-08 00:00:00+00:00,1614064446
2024-10-09 00:00:00+00:00,1590629376
2024-10-10 00:00:00+00:00,1577770616
2024-10-11 00:00:00+00:00,1574792667
2024-10-12 00:00:00+00:00,1593099631
2024-10-13 00:00:00+00:00,1599041801
2024-10-14 00:00:00+00:00,1591164106
2024-10-15 00:00:00+00:00,1599343163
2024-10-16 00:00:00+00:00,1566312442
2024-10-17 00:00:00+00:00,1560667183
2024-10-18 00:00:00+00:00,1545780881
2024-10-19 00:00:00+00:00,1550846305
2024-10-20 00:00:00+00:00,1553797538
2024-10-21 00:00:00+00:00,1568708516
2024-10-22 00:00:00+00:00,1556499666
2024-10-23 00:00:00+00:00,1552548526
2024-10-24 00:00:00+00:00,1527277409
2024-10-25 00:00:00+00:00,1526786859
2024-10-26 00:00:00+00:00,1508710394
2024-10-27 00:00:00+00:00,1470199068
2024-10-28 00:00:00+00:00,1468848264
2024-10-29 00:00:00+00:00,1491591180
2024-10-30 00:00:00+00:00,1510273588
2024-10-31 00:00:00+00:00,1513823687
2024-11-01 00:00:00+00:00,1487960421
2024-11-02 00:00:00+00:00,1476213913
2024-11-03 00:00:00+00:00,1466197639
2024-11-04 00:00:00+00:00,1458987476
2024-11-05 00:00:00+00:00,1445721282
2024-11-06 00:00:00+00:00,1443335071
2024-11-07 00:00:00+00:00,1483626990
2024-11-08 00:00:00+00:00,1508253764
2024-11-09 00:00:00+00:00,1518644874
2024-11-10 00:00:00+00:00,1546697564
2024-11-11 00:00:00+00:00,1565419846
2024-11-12 00:00:00+00:00,1582200910
2024-11-13 00:00:00+00:00,1574831708
2024-11-14 00:00:00+00:00,1549370737
2024-11-15 00:00:00+00:00,1521904163
2024-11-16 00:00:00+00:00,1526570325
2024-11-17 00:00:00+00:00,1524018552
2024-11-18 00:00:00+00:00,1535387613
2024-11-19 00:00:00+00:00,1550914473
2024-11-20 00:00:00+00:00,1529943448
2024-11-21 00:00:00+00:00,1531362361
2024-11-22 00:00:00+00:00,1584369554
2024-11-23 00:00:00+00:00,1617453920
2024-11-24 00:00:00+00:00,1614034683
2024-11-25 00:00:00+00:00,1619169588
2024-11-26 00:00:00+00:00,1593241343
2024-11-27 00:00:00+00:00,1564102234
2024-11-28 00:00:00+00:00,1630597553
2024-11-29 00:00:00+00:00,1640396011
2024-11-30 00:00:00+00:00,1663798802
2024-12-01 00:00:00+00:00,1687523217
2024-12-02 00:00:00+00:00,1695550314
2024-12-03 00:00:00+00:00,1690829508
2024-12-04 00:00:00+00:00,1698878076
2024-12-05 00:00:00+00:00,1859879795
2024-12-06 00:00:00+00:00,1854347532
2024-12-07 00:00:00+00:00,1914577670
2024-12-08 00:00:00+00:00,1946975568
2024-12-09 00:00:00+00:00,1959158072
2024-12-10 00:00:00+00:00,1912823850
2024-12-11 00:00:00+00:00,1919563861
2024-12-12 00:00:00+00:00,1994514018
2024-12-13 00:00:00+00:00,2021218225
2024-12-14 00:00:00+00:00,2035097846
2024-12-15 00:00:00+00:00,2031495804
2024-12-16 00:00:00+00:00,2070808053
2024-12-17 00:00:00+00:00,2067585977
2024-12-18 00:00:00+00:00,2065069884
2024-12-19 00:00:00+00:00,2050268592
2024-12-20 00:00:00+00:00,2005266870
2024-12-21 00:00:00+00:00,2046684714
2024-12-22 00:00:00+00:00,2024587499
2024-12-23 00:00:00+00:00,2018736971
2024-12-24 00:00:00+00:00,2099258689
2024-12-25 00:00:00+00:00,2142121383
2024-12-26 00:00:00+00:00,2160885169
2024-12-27 00:00:00+00:00,2145339327
2024-12-28 00:00:00+00:00,2191942836
2024-12-29 00:00:00+00:00,2219177002
2024-12-30 00:00:00+00:00,2191294274
2024-12-31 00:00:00+00:00,2129150977
2025-01-01 00:00:00+00:00,2079683550
2025-01-02 00:00:00+00:00,2121448184
2025-01-03 00:00:00+00:00,2083540352
2025-01-04 00:00:00+00:00,2215358965
2025-01-05 00:00:00+00:00,2245765621
2025-01-06 00:00:00+00:00,2239018122
2025-01-07 00:00:00+00:00,2280425653
2025-01-08 00:00:00+00:00,2198089981
2025-01-09 00:00:00+00:00,2165755242
2025-01-10 00:00:00+00:00,2106971724
2025-01-11 00:00:00+00:00,2038274670
2025-01-12 00:00:00+00:00,2039843175
2025-01-13 00:00:00+00:00,2068261027
2025-01-14 00:00:00+00:00,2033503460
2025-01-15 00:00:00+00:00,2058889243
2025-01-16 00:00:00+00:00,2109587724
2025-01-17 00:00:00+00:00,2084756191
2025-01-18 00:00:00+00:00,2073770874
2025-01-19 00:00:00+00:00,2064449597
2025-01-20 00:00:00+00:00,2015984343
2025-01-21 00:00:00+00:00,1980293027
2025-01-22 00:00:00+00:00,1988913188
2025-01-23 00:00:00+00:00,1956366703
2025-01-24 00:00:00+00:00,1982578682
2025-01-25 00:00:00+00:00,1981219516
2025-01-26 00:00:00+00:00,1983652556
2025-01-27 00:00:00+00:00,1967233156
2025-01-28 00:00:00+00:00,1932700598
2025-01-29 00:00:00+00:00,1915322879
2025-01-30 00:00:00+00:00,1940939498
2025-01-31 00:00:00+00:00,1970012766
2025-02-01 00:00:00+00:00,1969800624
2025-02-02 00:00:00+00:00,1929634292
2025-02-03 00:00:00+00:00,1858937107
2025-02-04 00:00:00+00:00,1844825485
2025-02-05 00:00:00+00:00,1814990604
2025-02-06 00:00:00+00:00,1814776784
2025-02-07 00:00:00+00:00,1783870709
2025-02-08 00:00:00+00:00,1764088713
2025-02-09 00:00:00+00:00,1761068668
2025-02-10 00:00:00+00:00,1761305279
2025-02-11 00:00:00+00:00,1766143252
2025-02-12 00:00:00+00:00,1753569535
2025-02-13 00:00:00+00:00,1772675430
2025-02-14 00:00:00+00:00,1737385711
2025-02-15 00:00:00+00:00,1773704925
2025-02-16 00:00:00+00:00,1767257884
2025-02-17 00:00:00+00:00,1758274736
2025-02-18 00:00:00+00:00,1767683524
2025-02-19 00:00:00+00:00,1747633705
2025-02-20 00:00:00+00:00,1734440812
2025-02-21 00:00:00+00:00,1748361340
2025-02-22 00:00:00+00:00,1724013206
2025-02-23 00:00:00+00:00,1746259734
2025-02-24 00:00:00+00:00,1753854471
2025-02-25 00:00:00+00:00,1635728595
2025-02-26 00:00:00+00:00,1625722925
2025-02-27 00:00:00+00:00,1602872839
2025-02-28 00:00:00+00:00,1580542219
2025-03-01 00:00:00+00:00,1567003868
2025-03-02 00:00:00+00:00,1558079005
2025-03-03 00:00:00+00:00,1611775924
2025-03-04 00:00:00+00:00,1520250239
2025-03-05 00:00:00+00:00,1530936460
2025-03-06 00:00:00+00:00,1533404789
2025-03-07 00:00:00+00:00,1524103225
2025-03-08 00:00:00+00:00,1530881076
2025-03-09 00:00:00+00:00,1544677772
2025-03-10 00:00:00+00:00,1510289326
2025-03-11 00:00:00+00:00,1446563892
2025-03-12 00:00:00+00:00,1467170062
2025-03-13 00:00:00+00:00,1470236372
2025-03-14 00:00:00+00:00,1465088366
2025-03-15 00:00:00+00:00,1485494784
2025-03-16 00:00:00+00:00,1488982850
2025-03-17 00:00:00+00:00,1485874016
2025-03-18 00:00:00+00:00,1504562974
2025-03-19 00:00:00+00:00,1508219366
2025-03-20 00:00:00+00:00,1546639139
2025-03-21 00:00:00+00:00,1541132420
2025-03-22 00:00:00+00:00,1535724815
2025-03-23 00:00:00+00:00,1544080204
2025-03-24 00:00:00+00:00,1551330062
2025-03-25 00:00:00+00:00,1565986550
2025-03-26 00:00:00+00:00,1544443578
2025-03-27 00:00:00+00:00,1537901557
2025-03-28 00:00:00+00:00,1498840782
2025-03-29 00:00:00+00:00,1474990428
2025-03-30 00:00:00+00:00,1466578159
2025-03-31 00:00:00+00:00,1464114032
2025-04-01 00:00:00+00:00,1475627982
2025-04-02 00:00:00+00:00,1502569780
2025-04-03 00:00:00+00:00,1475495405
2025-04-04 00:00:00+00:00,1478435057
2025-04-05 00:00:00+00:00,1509612349
2025-04-06 00:00:00+00:00,1513054825
2025-04-07 00:00:00+00:00,1437385345
2025-04-08 00:00:00+00:00,1422582928
2025-04-09 00:00:00+00:00,1411311679
2025-04-10 00:00:00+00:00,1444474334
2025-04-11 00:00:00+00:00,1417386660
2025-04-12 00:00:00+00:00,1423476311
2025-04-13 00:00:00+00:00,1449423420
2025-04-14 00:00:00+00:00,1439798336
2025-04-15 00:00:00+00:00,1441827153
2025-04-16 00:00:00+00:00,1440768198
2025-04-17 00:00:00+00:00,1443660841
2025-04-18 00:00:00+00:00,1436406473
2025-04-19 00:00:00+00:00,1450334487
2025-04-20 00:00:00+00:00,1458386349
2025-04-21 00:00:00+00:00,1455544149
2025-04-22 00:00:00+00:00,1458972254
2025-04-23 00:00:00+00:00,1499006578
2025-04-24 00:00:00+00:00,1518642324
2025-04-25 00:00:00+00:00,1536676759
2025-04-26 00:00:00+00:00,1545871915
2025-04-27 00:00:00+00:00,1560101391
2025-04-28 00:00:00+00:00,1553785447
2025-04-29 00:00:00+00:00,1558393587
2025-04-30 00:00:00+00:00,1560593879
2025-05-01 00:00:00+00:00,1564739926
2025-05-02 00:00:00+00:00,1573633451
2025-05-03 00:00:00+00:00,1580491314
2025-05-04 00:00:00+00:00,1579806292
2025-05-05 00:00:00+00:00,1579631948
2025-05-06 00:00:00+00:00,1602105720
2025-05-07 00:00:00+00:00,1617614311
2025-05-08 00:00:00+00:00,1630425235
2025-05-09 00:00:00+00:00,1708601659
2025-05-10 00:00:00+00:00,1737968625
2025-05-11 00:00:00+00:00,1805584755
2025-05-12 00:00:00+00:00,1797615609
2025-05-13 00:00:00+00:00,1797786885
2025-05-14 00:00:00+00:00,1834457804
2025-05-15 00:00:00+00:00,1799127570
2025-05-16 00:00:00+00:00,1782421259
2025-05-17 00:00:00+00:00,1785308135
2025-05-18 00:00:00+00:00,1776427667
2025-05-19 00:00:00+00:00,1771111484
2025-05-20 00:00:00+00:00,1788767464
2025-05-21 00:00:00+00:00,1802848107
2025-05-22 00:00:00+00:00,1802642960
2025-05-23 00:00:00+00:00,1793405035
2025-05-24 00:00:00+00:00,1753352979
2025-05-25 00:00:00+00:00,1747418884
2025-05-26 00:00:00+00:00,1747346747
2025-05-27 00:00:00+00:00,1742880170
2025-05-28 00:00:00+00:00,1774126249
2025-05-29 00:00:00+00:00,1782808431
2025-05-30 00:00:00+00:00,1769725542
2025-05-31 00:00:00+00:00,1742678050
2025-06-01 00:00:00+00:00,1740600399
2025-06-02 00:00:00+00:00,1747554638
2025-06-03 00:00:00+00:00,1757284891
2025-06-04 00:00:00+00:00,1755415939
2025-06-05 00:00:00+00:00,1756098503
2025-06-06 00:00:00+00:00,1714027574
2025-06-08 00:00:00+00:00,1733710132
2025-06-09 00:00:00+00:00,1732967543
2025-06-10 00:00:00+00:00,1757907530
2025-06-11 00:00:00+00:00,1790235315
2025-06-12 00:00:00+00:00,1775027860
2025-06-13 00:00:00+00:00,1759587985
2025-06-14 00:00:00+00:00,1745955356
2025-06-15 00:00:00+00:00,1733246755
2025-06-16 00:00:00+00:00,1735689288
2025-06-17 00:00:00+00:00,1732056467
2025-06-18 00:00:00+00:00,1721069147
2025-06-19 00:00:00+00:00,1733243795
2025-06-20 00:00:00+00:00,1734123087
2025-06-21 00:00:00+00:00,1709501472
2025-06-22 00:00:00+00:00,1674973896
2025-06-23 00:00:00+00:00,1663333588
2025-06-24 00:00:00+00:00,1703488673
2025-06-25 00:00:00+00:00,1703581778
2025-06-26 00:00:00+00:00,1700854921
2025-06-27 00:00:00+00:00,1652816657
2025-06-28 00:00:00+00:00,1649542396
2025-06-29 00:00:00+00:00,1651131740
2025-06-30 00:00:00+00:00,1663633725
2025-07-01 00:00:00+00:00,1649377416
2025-07-02 00:00:00+00:00,1621590847
2025-07-03 00:00:00+00:00,1662657624
2025-07-04 00:00:00+00:00,1671176482
2025-07-05 00:00:00+00:00,1656840370
2025-07-06 00:00:00+00:00,1659793393
2025-07-07 00:00:00+00:00,1672395189
2025-07-08 00:00:00+00:00,1657893372
2025-07-09 00:00:00+00:00,1673632353
2025-07-10 00:00:00+00:00,1718990501
2025-07-11 00:00:00+00:00,1776926746
2025-07-12 00:00:00+00:00,1794834649
2025-07-13 00:00:00+00:00,1796410180
2025-07-14 00:00:00+00:00,1809214515
2025-07-15 00:00:00+00:00,1822352120
2025-07-16 00:00:00+00:00,1851414580
2025-07-17 00:00:00+00:00,1906232920
2025-07-18 00:00:00+00:00,1955112043
2025-07-19 00:00:00+00:00,1965592447
2025-07-20 00:00:00+00:00,1976687372
2025-07-21 00:00:00+00:00,2014313651
2025-07-22 00:00:00+00:00,2012808028
2025-07-23 00:00:00+00:00,2002029469
2025-07-24 00:00:00+00:00,1961543662
2025-07-25 00:00:00+00:00,1941944491
2025-07-26 00:00:00+00:00,1964331828
2025-07-27 00:00:00+00:00,1986341608
2025-07-28 00:00:00+00:00,2011950978
2025-07-29 00:00:00+00:00,1969082725
2025-07-30 00:00:00+00:00,1957760426
2025-07-31 00:00:00+00:00,1950758021
2025-08-01 00:00:00+00:00,1929649139
2025-08-02 00:00:00+00:00,1889675731
2025-08-03 00:00:00+00:00,1867745000
2025-08-04 00:00:00+00:00,1902135363
2025-08-05 00:00:00+00:00,1934475959
2025-08-06 00:00:00+00:00,1920087019
2025-08-07 00:00:00+00:00,1920080722
2025-08-08 00:00:00+00:00,1962695623
2025-08-09 00:00:00+00:00,1988539518
2025-08-10 00:00:00+00:00,2035992900
2025-08-11 00:00:00+00:00,2034953223
2025-08-12 00:00:00+00:00,2025321522
2025-08-13 00:00:00+00:00,2088179271
2025-08-14 00:00:00+00:00,2118975358
2025-08-15 00:00:00+00:00,2085709465
2025-08-16 00:00:00+00:00,2057002964
2025-08-17 00:00:00+00:00,2050527521
2025-08-18 00:00:00+00:00,2047559722
2025-08-19 00:00:00+00:00,2007011067
2025-08-20 00:00:00+00:00,1965995792
2025-08-21 00:00:00+00:00,1884438170
2025-08-22 00:00:00+00:00,1859588729
2025-08-23 00:00:00+00:00,1938334772
2025-08-24 00:00:00+00:00,1946473701
2025-08-25 00:00:00+00:00,1939324907
2025-08-26 00:00:00+00:00,1865841137
2025-08-27 00:00:00+00:00,1883801821
2025-08-28 00:00:00+00:00,1868685603
2025-08-29 00:00:00+00:00,1859246857
2025-08-30 00:00:00+00:00,1818786836
2025-08-31 00:00:00+00:00,1819211127
2025-09-01 00:00:00+00:00,1816467334
2025-09-02 00:00:00+00:00,1804253392
2025-09-03 00:00:00+00:00,1814555359
2025-09-04 00:00:00+00:00,1825141194
2025-09-05 00:00:00+00:00,1797280732
2025-09-06 00:00:00+00:00,1800777333
2025-09-07 00:00:00+00:00,1777860609
2025-09-08 00:00:00+00:00,1779649946
2025-09-09 00:00:00+00:00,1779908621
2025-09-10 00:00:00+00:00,1765848220
2025-09-11 00:00:00+00:00,1785013401
2025-09-12 00:00:00+00:00,1809515496
2025-09-13 00:00:00+00:00,1850475732
2025-09-14 00:00:00+00:00,1854958118
2025-09-15 00:00:00+00:00,1835121631
2025-09-16 00:00:00+00:00,1815347733
2025-09-17 00:00:00+00:00,1811759847
2025-09-18 00:00:00+00:00,1820892591
2025-09-19 00:00:00+00:00,1825450183
2025-09-20 00:00:00+00:00,1801907253
2025-09-21 00:00:00+00:00,1798110887
2025-09-22 00:00:00+00:00,1776292663
2025-09-23 00:00:00+00:00,1746027000
2025-09-24 00:00:00+00:00,1746430817
2025-09-25 00:00:00+00:00,1740810446
2025-09-26 00:00:00+00:00,1691179719
2025-09-27 00:00:00+00:00,1701999971
2025-09-28 00:00:00+00:00,1690531401
2025-09-29 00:00:00+00:00,1721689901
2025-09-30 00:00:00+00:00,1774666054
2025-10-01 00:00:00+00:00,1781628864
2025-10-02 00:00:00+00:00,1839246661
2025-10-03 00:00:00+00:00,1938876265
2025-10-04 00:00:00+00:00,1962415092
2025-10-05 00:00:00+00:00,1943389808
2025-10-06 00:00:00+00:00,1953171273
2025-10-07 00:00:00+00:00,1992659559
2025-10-08 00:00:00+00:00,1967682218
2025-10-09 00:00:00+00:00,1972722288
2025-10-10 00:00:00+00:00,1961239262
2025-10-11 00:00:00+00:00,1838444318
2025-10-12 00:00:00+00:00,1797697018
2025-10-13 00:00:00+00:00,1872259467
2025-10-14 00:00:00+00:00,1897916861
2025-10-15 00:00:00+00:00,2107344648
2025-10-16 00:00:00+00:00,2091183005
2025-10-17 00:00:00+00:00,2055367244
2025-10-18 00:00:00+00:00,2060255518
2025-10-19 00:00:00+00:00,2075404119
2025-10-20 00:00:00+00:00,2097412216
2025-10-21 00:00:00+00:00,2103189435
2025-10-22 00:00:00+00:00,2075364717
2025-10-23 00:00:00+00:00,2058453567
2025-10-24 00:00:00+00:00,2064749145
2025-10-25 00:00:00+00:00,2079918865
2025-10-26 00:00:00+00:00,2075106723
2025-10-27 00:00:00+00:00,2112007016
2025-10-28 00:00:00+00:00,2100505710
2025-10-29 00:00:00+00:00,2068504256
2025-10-30 00:00:00+00:00,2070629316
2025-10-31 00:00:00+00:00,2049788105
2025-11-01 00:00:00+00:00,2058486176
2025-11-02 00:00:00+00:00,2091077229
2025-11-03 00:00:00+00:00,2090114268
2025-11-04 00:00:00+00:00,2022170659
2025-11-05 00:00:00+00:00,1941057267
2025-11-06 00:00:00+00:00,1940188528
2025-11-07 00:00:00+00:00,1898169081
2025-11-08 00:00:00+00:00,1918040014
2025-11-09 00:00:00+00:00,1913637500
2025-11-10 00:00:00+00:00,1961223574
2025-11-11 00:00:00+00:00,1960942655
2025-11-12 00:00:00+00:00,1922999933
2025-11-13 00:00:00+00:00,1908467178
2025-11-14 00:00:00+00:00,1885285722
2025-11-15 00:00:00+00:00,1859491149
2025-11-16 00:00:00+00:00,1857729371
2025-11-17 00:00:00+00:00,1841866664
2025-11-18 00:00:00+00:00,1822284636
2025-11-19 00:00:00+00:00,1836363498
2025-11-20 00:00:00+00:00,1812598171
2025-11-21 00:00:00+00:00,1773862060
2025-11-21 08:06:59+00:00,1744269981
