date,BTC_Open,BTC_High,BTC_Low,BTC_Close,BTC_Volume,ETH_Open,ETH_High,ETH_Low,ETH_Close,ETH_Volume,XRP_Open,XRP_High,XRP_Low,XRP_Close,XRP_Volume,SOL_Open,SOL_High,SOL_Low,SOL_Close,SOL_Volume,ADA_Open,ADA_High,ADA_Low,ADA_Close,ADA_Volume,DOGE_Open,DOGE_High,DOGE_Low,DOGE_Close,DOGE_Volume,AVAX_Open,AVAX_High,AVAX_Low,AVAX_Close,AVAX_Volume,DOT_Open,DOT_High,DOT_Low,DOT_Close,DOT_Volume
2025-05-05,135677000.0,136392000.0,132900000.0,134890000.0,1381.52834207,2602000.0,2613000.0,2546000.0,2593000.0,25387.90084827,3101.0,3130.0,3006.0,3038.0,80629977.19819295,207150.0,210300.0,203500.0,208950.0,192519.02653081,974.0,983.0,932.0,944.0,30028905.23380373,245.3,248.6,240.0,243.0,143925261.51511866,28610.0,28920.0,27530.0,28050.0,173495.15214615,5645.0,5726.0,5511.0,5587.0,457289.24641786
2025-05-06,134890000.0,137800000.0,133061000.0,137400000.0,1153.00089047,2591000.0,2599000.0,2496000.0,2581000.0,24819.73325829,3038.0,3068.0,2963.0,3057.0,96160427.39658725,208800.0,209300.0,201600.0,208600.0,193539.74551276,944.0,967.0,916.0,964.0,22095764.52114676,243.0,245.1,234.2,244.5,152170452.75795323,28050.0,28750.0,27460.0,28420.0,189743.43819997,5580.0,5648.0,5449.0,5641.0,440755.16166703
2025-05-07,137351000.0,138282000.0,136050000.0,137660000.0,1302.40326345,2582000.0,2620000.0,2541000.0,2573000.0,23970.61044751,3057.0,3076.0,2991.0,3018.0,56222408.35286857,208600.0,211700.0,205800.0,209350.0,163015.95118921,963.0,976.0,931.0,953.0,19301029.5919707,244.4,247.2,240.3,244.3,110772256.91527452,28410.0,28750.0,27150.0,27760.0,243125.75595768,5641.0,5683.0,5514.0,5632.0,329163.8315075
2025-05-08,137680000.0,145000000.0,137402000.0,144780000.0,3154.90070587,2573000.0,3112000.0,2565000.0,3097000.0,98048.9452723,3019.0,3262.0,3002.0,3262.0,151822564.62325573,209350.0,230500.0,208500.0,230500.0,570394.9202461,952.0,1079.0,949.0,1079.0,55125873.86653879,244.3,277.9,243.4,277.7,371773212.6020035,27760.0,31070.0,27640.0,31060.0,321102.69380025,5639.0,6291.0,5623.0,6254.0,938042.34084003
2025-05-09,144688000.0,146200000.0,143500000.0,143720000.0,2080.11567877,3097000.0,3483000.0,3051000.0,3273000.0,175356.79697053,3262.0,3393.0,3210.0,3267.0,215510627.71166924,230500.0,245850.0,226250.0,240900.0,734897.94224829,1079.0,1144.0,1060.0,1086.0,58761871.78824424,277.7,299.7,271.2,286.3,584877059.6929044,31060.0,33430.0,30700.0,32490.0,369214.67839366,6252.0,6800.0,6215.0,6697.0,1163074.58543054
2025-05-10,143726000.0,145315000.0,143500000.0,144964000.0,1243.871982,3274000.0,3596000.0,3241000.0,3577000.0,100113.51302626,3268.0,3425.0,3266.0,3417.0,147682329.60126844,240900.0,248200.0,235500.0,246250.0,528238.04796124,1086.0,1168.0,1077.0,1163.0,50115481.30752978,286.6,347.2,284.1,346.9,1272946633.2087786,32490.0,35990.0,32140.0,35680.0,368487.9456247,6697.0,7366.0,6691.0,7339.0,1845513.15684299
2025-05-11,144982000.0,146495000.0,144037000.0,145510000.0,1407.7751321,3577000.0,3600000.0,3419000.0,3517000.0,71358.23985657,3417.0,3434.0,3267.0,3307.0,121575215.26849489,246250.0,249900.0,237450.0,242250.0,457936.76680385,1163.0,1172.0,1095.0,1125.0,37703007.87474368,347.1,359.9,311.6,323.9,1241356836.6459155,35690.0,36000.0,33810.0,34630.0,215828.95705113,7351.0,7422.0,6900.0,7125.0,857244.73163672
2025-05-12,145510000.0,147300000.0,142532000.0,144875000.0,2643.29601827,3518000.0,3659000.0,3400000.0,3517000.0,95407.46932095,3307.0,3707.0,3298.0,3587.0,451484644.03319377,242250.0,253350.0,238400.0,245500.0,667452.15877283,1125.0,1209.0,1104.0,1153.0,78095337.84751482,323.8,353.3,312.3,326.0,1668764255.6995182,34630.0,37270.0,33600.0,35050.0,359770.6688497,7125.0,7512.0,6912.0,7156.0,834897.70944854
2025-05-13,144875000.0,146644000.0,143500000.0,145880000.0,1592.07970472,3517000.0,3819000.0,3409000.0,3750000.0,88179.5535739,3587.0,3639.0,3433.0,3618.0,217406969.68656963,245500.0,258750.0,235100.0,257400.0,460176.35736211,1153.0,1175.0,1093.0,1163.0,44831711.764844,326.1,339.0,307.7,337.1,783908802.5282773,35050.0,36600.0,33230.0,36040.0,231996.40318765,7156.0,7364.0,6821.0,7277.0,522788.60828941
2025-05-14,145965000.0,146430000.0,144249000.0,145718000.0,1166.66900037,3750000.0,3825000.0,3601000.0,3674000.0,79814.4379215,3618.0,3709.0,3560.0,3592.0,180535165.276651,257150.0,259450.0,244650.0,248750.0,371423.40025555,1163.0,1170.0,1114.0,1124.0,34241235.57938949,337.1,347.9,322.3,327.7,672980822.5923444,36030.0,37360.0,34950.0,35180.0,451781.36855309,7285.0,7400.0,6986.0,7015.0,522746.06895731
2025-05-15,145793000.0,146639000.0,143634000.0,146026000.0,1769.20196941,3673000.0,3727000.0,3519000.0,3587000.0,62486.83982119,3594.0,3615.0,3314.0,3363.0,200292808.11277354,248900.0,251050.0,235500.0,238100.0,329495.88416963,1126.0,1139.0,1055.0,1073.0,35787286.74311256,327.9,332.9,301.5,309.0,630804462.5831739,35200.0,35410.0,32310.0,33070.0,378034.62932427,7027.0,7085.0,6588.0,6713.0,632080.96342155
2025-05-16,146030000.0,147117000.0,145570000.0,146465000.0,1276.22182233,3588000.0,3726000.0,3564000.0,3594000.0,47530.09759806,3364.0,3435.0,3311.0,3370.0,123341041.35643551,238300.0,245100.0,236000.0,237350.0,239693.09414259,1074.0,1107.0,1065.0,1075.0,20877247.59675614,309.1,325.0,307.3,313.2,408747789.75021714,33100.0,33870.0,32150.0,32680.0,228855.73604277,6724.0,6982.0,6682.0,6729.0,355108.07648517
2025-05-17,146465000.0,146828000.0,145770000.0,146555000.0,861.64733995,3595000.0,3598000.0,3483000.0,3521000.0,37608.41814803,3370.0,3387.0,3280.0,3347.0,95374670.39747095,237400.0,240750.0,232700.0,236150.0,194858.17540526,1074.0,1106.0,1037.0,1057.0,30429996.83146546,313.3,315.0,300.5,305.4,292178463.7668882,32680.0,33000.0,31330.0,31570.0,138827.53385986,6740.0,6752.0,6496.0,6553.0,388832.50819347
2025-05-18,146580000.0,150600000.0,146555000.0,150458000.0,1866.44894706,3521000.0,3654000.0,3362000.0,3529000.0,71157.97452855,3347.0,3460.0,3330.0,3428.0,88546153.68023142,236150.0,249600.0,235000.0,244650.0,269997.29768265,1056.0,1099.0,1026.0,1074.0,25324774.82687685,305.5,335.6,304.5,329.4,528322465.3747502,31550.0,33720.0,30840.0,32600.0,212353.07417501,6553.0,6955.0,6439.0,6768.0,348135.38306336
2025-05-19,150296000.0,151199000.0,145500000.0,148699000.0,2401.08645573,3529000.0,3594000.0,3348000.0,3558000.0,71118.27245687,3428.0,3446.0,3255.0,3352.0,121737702.15598665,244650.0,245700.0,227750.0,235000.0,427772.66296831,1073.0,1080.0,1013.0,1046.0,24630502.54697104,329.4,333.1,304.9,316.0,552060664.1438612,32530.0,32750.0,30330.0,31380.0,287755.20198736,6772.0,6800.0,6304.0,6476.0,525779.88196256
2025-05-20,148700000.0,150990000.0,147743000.0,150424000.0,1919.88762969,3558000.0,3642000.0,3463000.0,3558000.0,53754.6372125,3350.0,3385.0,3283.0,3323.0,74201134.43566018,234950.0,243150.0,233150.0,237400.0,301614.23000896,1046.0,1060.0,1023.0,1052.0,17576486.92685456,316.0,324.4,309.0,318.6,435093231.9629808,31390.0,32090.0,30800.0,31820.0,166772.38789517,6483.0,6656.0,6400.0,6580.0,571817.1856865
2025-05-21,150424000.0,153301000.0,148810000.0,152356000.0,3078.69314991,3558000.0,3660000.0,3440000.0,3549000.0,80269.26115218,3322.0,3366.0,3274.0,3328.0,92888573.576287,237400.0,243800.0,232050.0,241200.0,326572.18704123,1051.0,1087.0,1038.0,1070.0,24029361.52140023,318.5,329.7,312.2,325.3,588081394.0461594,31840.0,32980.0,31200.0,32270.0,229786.62319104,6595.0,6766.0,6474.0,6595.0,510607.40285325
2025-05-22,152356000.0,155323000.0,152070000.0,154861000.0,2781.67594178,3550000.0,3738000.0,3541000.0,3693000.0,83489.64128097,3331.0,3408.0,3325.0,3369.0,96925916.9275256,241250.0,250750.0,240050.0,249300.0,348112.25330238,1070.0,1124.0,1069.0,1123.0,25703632.8100903,325.3,340.5,324.9,340.3,680711409.4519804,32260.0,35300.0,32150.0,35040.0,429764.42028298,6604.0,6906.0,6591.0,6858.0,444691.29492949
2025-05-23,154861000.0,155169000.0,149258000.0,149878000.0,3245.40940679,3695000.0,3776000.0,3500000.0,3536000.0,105682.44742343,3369.0,3426.0,3200.0,3211.0,166208096.8614756,249300.0,259450.0,241850.0,243000.0,706955.93266395,1123.0,1160.0,1041.0,1045.0,48148958.90691493,340.4,350.9,312.5,315.7,912632402.8966047,35060.0,35930.0,32080.0,32280.0,424161.94299191,6858.0,7060.0,6340.0,6367.0,1247497.21917583
2025-05-24,149962000.0,152700000.0,149422000.0,150660000.0,1063.00688169,3536000.0,3589000.0,3518000.0,3540000.0,26620.68492953,3212.0,3290.0,3200.0,3257.0,45647932.56370754,243100.0,248500.0,241800.0,245900.0,180114.06357006,1045.0,1070.0,1038.0,1045.0,15080510.09471911,315.7,321.3,312.7,315.1,270951303.3721833,32230.0,32780.0,31840.0,32090.0,186865.09651125,6374.0,6471.0,6321.0,6359.0,353963.56957971
2025-05-25,150680000.0,152946000.0,149916000.0,152133000.0,975.54766995,3540000.0,3574000.0,3461000.0,3558000.0,29647.76264445,3257.0,3271.0,3185.0,3269.0,56768549.58334189,245900.0,247300.0,237550.0,245100.0,207497.20766413,1045.0,1064.0,1022.0,1061.0,15799213.97911512,315.0,316.5,303.2,313.9,284603463.198104,32120.0,32820.0,30940.0,32720.0,180211.29452468,6359.0,6379.0,6112.0,6315.0,425263.83464256
2025-05-26,152133000.0,153000000.0,151509000.0,152195000.0,987.97582253,3558000.0,3596000.0,3516000.0,3562000.0,24967.56152832,3270.0,3279.0,3197.0,3216.0,50439316.47662089,245150.0,248000.0,241350.0,243300.0,175942.01718738,1060.0,1076.0,1045.0,1057.0,14671061.78057248,313.9,319.0,309.9,314.3,210268525.63583586,32710.0,33270.0,31860.0,32080.0,165791.16225584,6316.0,6399.0,6160.0,6218.0,311288.77058445
2025-05-27,152197000.0,153218000.0,150001000.0,151323000.0,1629.83186829,3563000.0,3750000.0,3500000.0,3694000.0,65742.73168594,3217.0,3257.0,3160.0,3215.0,70913027.26343958,243250.0,248450.0,238600.0,245200.0,225327.53661312,1056.0,1074.0,1036.0,1053.0,18360635.48047329,314.4,321.5,306.1,313.6,264233845.28668353,32090.0,33070.0,31200.0,32410.0,250813.62416681,6218.0,6390.0,6086.0,6302.0,477335.71818448
2025-05-28,151323000.0,151608000.0,149520000.0,150280000.0,1140.46411905,3694000.0,3743000.0,3629000.0,3742000.0,48121.47030788,3215.0,3224.0,3117.0,3170.0,60311447.86257946,245200.0,246150.0,235900.0,240000.0,211956.35776042,1053.0,1057.0,1025.0,1041.0,16463410.89595188,313.7,316.0,303.5,308.0,216555054.52432027,32470.0,32970.0,31870.0,32900.0,170550.26793744,6302.0,6472.0,6180.0,6404.0,470290.67462051
2025-05-29,150280000.0,151291000.0,147160000.0,147370000.0,1717.72520344,3741000.0,3880000.0,3658000.0,3673000.0,76855.86903846,3170.0,3215.0,3127.0,3136.0,61855636.46751806,240000.0,243700.0,231850.0,232700.0,221339.69714153,1041.0,1064.0,1006.0,1009.0,19287945.14395931,308.0,316.8,299.2,300.5,290793113.92447174,32900.0,33860.0,30960.0,31050.0,270478.4002291,6404.0,6515.0,6055.0,6055.0,628756.68299791
2025-05-30,147370000.0,149000000.0,146300000.0,147044000.0,2171.38535825,3673000.0,3704000.0,3550000.0,3584000.0,60879.69990872,3136.0,3146.0,3015.0,3029.0,129411584.1879042,232700.0,233450.0,219950.0,221200.0,308048.20458745,1010.0,1016.0,962.0,975.0,28506969.73954282,300.5,301.9,270.0,274.3,601480749.9182329,31060.0,31180.0,28900.0,29090.0,295524.76440779,6055.0,6084.0,5679.0,5738.0,848361.25662509
2025-05-31,147044000.0,148700000.0,146042000.0,147932000.0,1097.54923406,3583000.0,3618000.0,3519000.0,3577000.0,30227.3916508,3029.0,3123.0,2953.0,3072.0,117692337.85925272,221200.0,223700.0,215650.0,221350.0,235482.18217527,976.0,984.0,931.0,970.0,22629557.30942266,274.5,276.7,263.5,272.3,440932777.8034819,29050.0,29890.0,28070.0,29420.0,236335.97135172,5737.0,5840.0,5533.0,5776.0,506169.26047983
2025-06-01,147932000.0,149502000.0,147000000.0,149100000.0,759.69668968,3577000.0,3598000.0,3502000.0,3581000.0,21542.46723257,3072.0,3091.0,3011.0,3073.0,46662489.86798693,221150.0,222900.0,213600.0,222400.0,162502.81911755,970.0,972.0,928.0,967.0,15796045.47461538,272.3,275.3,264.4,273.2,179669320.89692616,29420.0,29640.0,28610.0,29490.0,111200.8237923,5767.0,5802.0,5631.0,5742.0,287494.34099363
2025-06-02,149102000.0,149166000.0,146209000.0,148074000.0,1198.05720248,3582000.0,3662000.0,3483000.0,3647000.0,35487.43181135,3073.0,3087.0,3010.0,3073.0,52976344.58164807,222400.0,223400.0,213550.0,219450.0,168725.97161899,966.0,972.0,935.0,966.0,14596220.40564264,273.0,275.0,265.6,273.2,173210920.087101,29490.0,29830.0,28500.0,29630.0,129094.40501023,5741.0,5840.0,5561.0,5800.0,384889.14688459
2025-06-03,148070000.0,148900000.0,147022000.0,147322000.0,979.14377348,3647000.0,3707000.0,3603000.0,3624000.0,38778.9411032,3072.0,3178.0,3061.0,3133.0,65758829.6192518,219400.0,228350.0,215700.0,217100.0,214800.5284767,966.0,987.0,942.0,955.0,17518874.11577678,273.2,279.9,268.0,269.9,259542212.0480066,29630.0,30290.0,29220.0,29550.0,113122.04830867,5811.0,5896.0,5733.0,5779.0,335670.32663463
2025-06-04,147378000.0,147601000.0,145200000.0,145210000.0,1104.00724819,3621000.0,3717000.0,3606000.0,3622000.0,32518.23825679,3133.0,3159.0,3053.0,3056.0,52156762.63944656,217000.0,219650.0,212550.0,212900.0,162394.28228893,956.0,979.0,921.0,924.0,18028461.28857852,269.9,274.3,260.4,261.1,187657390.11976358,29550.0,30140.0,27870.0,27920.0,170845.59017793,5786.0,5870.0,5553.0,5558.0,286302.58464452
2025-06-05,145218000.0,146487000.0,140399000.0,141588000.0,2536.94255293,3621000.0,3650000.0,3350000.0,3373000.0,62094.05107909,3057.0,3079.0,2885.0,2924.0,106077077.77395298,212800.0,213450.0,198200.0,201350.0,318542.65102618,925.0,953.0,867.0,874.0,30229154.21237433,261.1,266.1,235.4,239.0,428934848.02324504,27890.0,28390.0,25760.0,26200.0,314461.55959881,5565.0,5634.0,5240.0,5327.0,747003.07382633
2025-06-06,141588000.0,146120000.0,140862000.0,145196000.0,1279.12726613,3372000.0,3509000.0,3321000.0,3444000.0,44634.60394987,2925.0,3039.0,2903.0,3005.0,57236400.8299796,201350.0,211850.0,200800.0,205650.0,189918.22544523,876.0,932.0,867.0,912.0,18537982.2878824,239.0,255.9,236.0,248.6,245505095.6109885,26200.0,27690.0,26000.0,27330.0,136527.31831517,5328.0,5535.0,5300.0,5413.0,420590.53736333
2025-06-07,145196000.0,146895000.0,144601000.0,146514000.0,603.1996993,3444000.0,3530000.0,3418000.0,3504000.0,17642.58302933,3005.0,3037.0,2989.0,3018.0,25262876.75385557,205650.0,211850.0,204400.0,208100.0,117627.69163735,912.0,930.0,903.0,921.0,8342529.51948356,248.9,261.8,247.3,256.8,167200394.89920905,27330.0,29300.0,27220.0,28680.0,146367.80506998,5412.0,5632.0,5381.0,5588.0,180726.43695902
2025-06-08,146540000.0,146796000.0,145196000.0,145799000.0,553.07283989,3503000.0,3509000.0,3446000.0,3462000.0,18830.18929292,3018.0,3163.0,3006.0,3121.0,80369879.44138956,208100.0,213900.0,204700.0,210200.0,128212.51011345,923.0,938.0,901.0,923.0,13439208.79653356,256.9,257.7,249.7,253.5,139708180.48847976,28670.0,29620.0,27840.0,29040.0,121817.65112317,5595.0,5674.0,5501.0,5553.0,218128.08080459
2025-06-09,145801000.0,150600000.0,144900000.0,150330000.0,1605.82129866,3462000.0,3671000.0,3412000.0,3655000.0,43166.60003909,3121.0,3176.0,3063.0,3164.0,73427495.69095223,210100.0,220400.0,206100.0,219750.0,194072.86941677,923.0,966.0,905.0,962.0,18298501.59600252,253.9,267.2,248.1,265.8,228492939.17601496,29030.0,30070.0,27850.0,29930.0,222306.78409608,5553.0,5680.0,5460.0,5663.0,353437.69047946
2025-06-10,150330000.0,150992000.0,149060000.0,150604000.0,1359.55145588,3655000.0,3862000.0,3646000.0,3848000.0,83653.54332485,3165.0,3176.0,3112.0,3154.0,71302726.33909702,219650.0,226800.0,215000.0,225800.0,315487.65642954,962.0,985.0,945.0,979.0,25582518.32591809,265.8,271.2,260.1,271.2,288445504.8651296,29930.0,30870.0,29500.0,30860.0,231790.86297227,5663.0,5902.0,5626.0,5862.0,585778.51257928
2025-06-11,150628000.0,151400000.0,148999000.0,149702000.0,1080.08422097,3847000.0,3953000.0,3786000.0,3820000.0,73476.35988792,3153.0,3208.0,3113.0,3130.0,78594292.62393661,225700.0,230700.0,219700.0,221950.0,315944.78409998,979.0,1003.0,953.0,964.0,20747168.67444683,271.2,283.8,263.8,266.0,345362670.81448525,30860.0,31240.0,29390.0,29730.0,207703.85521074,5869.0,5963.0,5719.0,5777.0,534774.97229524
2025-06-12,149710000.0,149840000.0,145801000.0,145801000.0,1570.65133602,3819000.0,3837000.0,3620000.0,3642000.0,57958.52256286,3130.0,3132.0,3002.0,3020.0,70794302.7475611,222050.0,222350.0,209850.0,210200.0,233075.97070874,963.0,966.0,908.0,913.0,16991537.08624568,266.1,267.0,248.6,250.0,246819308.27111506,29720.0,29770.0,27650.0,27980.0,188111.86504777,5773.0,5794.0,5396.0,5409.0,561777.74660233
2025-06-13,145811000.0,147340000.0,143000000.0,147266000.0,2195.12537289,3642000.0,3648000.0,3410000.0,3584000.0,106046.61593284,3022.0,3022.0,2903.0,2984.0,129252317.16792545,210200.0,210600.0,196400.0,206500.0,468028.85902536,912.0,913.0,861.0,891.0,28496519.44488584,249.9,250.5,237.0,250.5,371642329.9406959,27970.0,28020.0,25750.0,26980.0,383329.37040311,5409.0,5409.0,5102.0,5334.0,920766.5282928
2025-06-14,147265000.0,147526000.0,145082000.0,146401000.0,584.40012937,3583000.0,3584000.0,3463000.0,3515000.0,24507.54996395,2985.0,3019.0,2940.0,2973.0,49124815.51558072,206500.0,206750.0,197950.0,200900.0,138738.81722739,891.0,893.0,854.0,869.0,11175575.40240163,250.4,250.6,242.8,247.6,118854500.64429012,26980.0,27030.0,26020.0,26340.0,104035.06651396,5330.0,5340.0,5171.0,5257.0,183787.10151924
2025-06-15,146401000.0,147100000.0,145220000.0,145997000.0,576.27420172,3514000.0,3543000.0,3463000.0,3520000.0,23345.99917818,2974.0,3012.0,2973.0,2994.0,33687431.04468624,200900.0,212500.0,200250.0,211450.0,223472.04183449,868.0,881.0,861.0,876.0,8583804.77964549,247.7,248.3,238.4,242.8,151933460.10744667,26330.0,26770.0,26040.0,26420.0,165638.03114158,5249.0,5305.0,5196.0,5289.0,177238.67491617
2025-06-16,145998000.0,149303000.0,145250000.0,146673000.0,1408.77470368,3522000.0,3673000.0,3480000.0,3495000.0,57719.93636451,2996.0,3200.0,2974.0,3073.0,127776574.55612095,211400.0,217700.0,206750.0,206900.0,320184.99735501,876.0,903.0,863.0,866.0,22504704.18878785,242.8,248.5,237.0,237.8,255995961.63624832,26420.0,27420.0,26100.0,26110.0,226099.03950853,5288.0,5475.0,5238.0,5285.0,308361.89025572
2025-06-17,146661000.0,147957000.0,143900000.0,145456000.0,1403.18502313,3496000.0,3599000.0,3415000.0,3490000.0,50458.43391275,3077.0,3105.0,2985.0,3001.0,99224718.40311877,207050.0,212100.0,202700.0,205200.0,249016.16295075,867.0,883.0,834.0,848.0,22242681.10332176,237.8,242.1,227.8,235.5,264945346.8423039,26180.0,26770.0,25180.0,25880.0,219082.78247594,5289.0,5354.0,5096.0,5173.0,500422.23728071
2025-06-18,145456000.0,146128000.0,144150000.0,145380000.0,870.61801942,3490000.0,3527000.0,3430000.0,3498000.0,39623.49871762,3001.0,3024.0,2945.0,3005.0,77872410.43752995,205150.0,207150.0,200050.0,202850.0,192226.14050561,847.0,860.0,818.0,837.0,22975950.39147437,235.5,238.5,228.1,236.5,161117039.4295826,25880.0,26190.0,25110.0,25210.0,170964.88918817,5173.0,5235.0,4975.0,5025.0,764467.14025341
2025-06-19,145381000.0,146000000.0,144500000.0,144978000.0,700.77154255,3497000.0,3527000.0,3457000.0,3492000.0,21490.5816418,3005.0,3025.0,2981.0,2998.0,37684357.62823073,202850.0,205050.0,198700.0,203700.0,162732.21687221,838.0,850.0,820.0,834.0,13881947.52813725,236.5,238.4,233.0,236.7,81569217.20585573,25210.0,25490.0,24530.0,25000.0,211123.77955502,5024.0,5071.0,4860.0,4918.0,1165899.41725094
2025-06-20,144979000.0,146930000.0,143107000.0,143956000.0,1315.62127829,3493000.0,3548000.0,3322000.0,3358000.0,51279.93731536,2998.0,3007.0,2916.0,2953.0,67183936.57793874,203700.0,205050.0,190000.0,195250.0,321586.97571196,834.0,838.0,785.0,806.0,24285717.35169925,236.7,237.4,221.4,226.4,208453270.85622,25000.0,25440.0,23700.0,24220.0,245553.27538893,4920.0,4936.0,4650.0,4790.0,2393057.03941523
2025-06-21,143956000.0,144427000.0,141151000.0,142782000.0,1092.57854726,3357000.0,3404000.0,3112000.0,3212000.0,54301.06805478,2954.0,2981.0,2821.0,2884.0,79700892.97288305,195250.0,198050.0,184900.0,189350.0,258474.24445168,806.0,818.0,762.0,778.0,20046361.60879287,226.1,228.3,212.0,215.9,208710201.39622855,24220.0,24600.0,23020.0,23530.0,250681.55895609,4790.0,4875.0,4516.0,4653.0,898574.02005156
2025-06-22,142811000.0,144900000.0,137127000.0,140908000.0,3335.88004835,3213000.0,3246000.0,2956000.0,3110000.0,114601.50620576,2883.0,2925.0,2670.0,2816.0,217378709.08525777,189300.0,192850.0,176150.0,183900.0,585959.1343458,778.0,790.0,713.0,755.0,48710156.72987412,216.0,221.0,200.1,211.0,456852825.10544544,23530.0,23950.0,21840.0,23020.0,401918.47401099,4655.0,4712.0,4221.0,4406.0,1319300.24119296
2025-06-23,140908000.0,147101000.0,139698000.0,146182000.0,2422.95238077,3110000.0,3376000.0,3070000.0,3347000.0,83577.90694849,2816.0,3010.0,2750.0,2991.0,150435252.49302015,183900.0,203500.0,183250.0,200650.0,506386.38370008,755.0,813.0,742.0,809.0,46938622.32297433,211.2,229.4,208.3,227.3,394443619.47085917,23080.0,25230.0,22750.0,25050.0,296390.79347842,4398.0,4747.0,4363.0,4741.0,1050837.45053651
2025-06-24,146180000.0,146387000.0,144222000.0,145625000.0,1272.92112127,3348000.0,3413000.0,3275000.0,3362000.0,49807.6674652,2991.0,3055.0,2951.0,3005.0,98806045.32113485,200650.0,202450.0,196750.0,200250.0,306307.44323614,809.0,820.0,796.0,806.0,26114719.85710109,227.3,231.4,223.0,227.6,219416062.1087377,25090.0,25520.0,24680.0,25070.0,226849.63718032,4743.0,4840.0,4666.0,4730.0,737220.26274664
2025-06-25,145626000.0,148620000.0,145360000.0,147365000.0,1318.58944681,3362000.0,3389000.0,3300000.0,3321000.0,39041.59807298,3005.0,3062.0,2987.0,3000.0,65536621.35967085,200300.0,203350.0,195650.0,197250.0,227398.62685167,807.0,810.0,774.0,780.0,27711209.91506394,227.6,230.6,223.8,226.1,155842373.98459804,25040.0,25200.0,23960.0,24170.0,191023.05121838,4722.0,4748.0,4595.0,4611.0,586578.83937481
2025-06-26,147365000.0,148205000.0,146500000.0,146852000.0,950.33860524,3322000.0,3450000.0,3300000.0,3321000.0,48140.99995826,3000.0,3028.0,2877.0,2889.0,98725860.48124072,197250.0,202500.0,190750.0,191150.0,257061.42021866,779.0,796.0,755.0,762.0,19471767.76749628,226.2,230.2,217.0,219.9,171494050.49668983,24160.0,24690.0,23500.0,23680.0,146126.95367771,4609.0,4700.0,4489.0,4526.0,639866.76364151
2025-06-27,146868000.0,147628000.0,146000000.0,147058000.0,758.41022582,3320000.0,3378000.0,3271000.0,3325000.0,29152.49619118,2890.0,2958.0,2848.0,2942.0,83114512.3842346,191100.0,198500.0,188150.0,195200.0,202231.94638722,762.0,773.0,751.0,767.0,14309333.72185442,219.9,223.6,216.4,221.0,115600390.192998,23680.0,24390.0,23360.0,24100.0,93808.38770672,4537.0,4652.0,4496.0,4614.0,341101.69090935
2025-06-28,147001000.0,147479000.0,146799000.0,147174000.0,291.28203061,3327000.0,3353000.0,3310000.0,3340000.0,12097.6289359,2942.0,3023.0,2930.0,2995.0,64798805.61861533,195050.0,209050.0,194050.0,206500.0,204674.49048346,766.0,780.0,763.0,776.0,11131244.60022275,221.1,225.9,220.5,224.4,73278689.01923522,24140.0,24760.0,24040.0,24660.0,81535.55466707,4614.0,4699.0,4574.0,4677.0,315055.7581628
2025-06-29,147174000.0,148502000.0,147091000.0,147996000.0,650.95569906,3340000.0,3444000.0,3315000.0,3411000.0,24508.02634798,2995.0,3030.0,2985.0,3012.0,35271655.43765593,206500.0,211500.0,204800.0,209300.0,207283.8990646,775.0,800.0,762.0,789.0,17882146.93102673,224.4,232.2,222.8,231.3,105174421.47746824,24660.0,25820.0,24420.0,25560.0,126046.40263001,4671.0,4889.0,4637.0,4832.0,430615.88594569
2025-06-30,147996000.0,148480000.0,145740000.0,145759000.0,944.35761221,3411000.0,3445000.0,3332000.0,3377000.0,29625.23213664,3012.0,3080.0,2963.0,3035.0,67964430.03232409,209300.0,218700.0,203850.0,210600.0,332009.71888194,789.0,792.0,762.0,778.0,17968559.94092537,231.3,232.0,222.2,224.7,113377780.23013307,25600.0,25790.0,24080.0,24460.0,148595.59864245,4832.0,4860.0,4587.0,4627.0,427901.75111935
2025-07-01,145759000.0,146678000.0,144710000.0,145019000.0,915.58085007,3377000.0,3394000.0,3281000.0,3303000.0,25648.37288865,3035.0,3058.0,2957.0,2984.0,64434281.65974468,210650.0,211500.0,199500.0,201600.0,337161.3306327,777.0,783.0,739.0,745.0,27394686.02849835,224.7,225.7,215.4,216.9,135322884.9519412,24450.0,24530.0,23300.0,23490.0,169858.85325183,4628.0,4648.0,4475.0,4511.0,414575.63991099
2025-07-02,145019000.0,148930000.0,144265000.0,147372000.0,1356.69500727,3304000.0,3535000.0,3258000.0,3477000.0,44087.20920643,2984.0,3102.0,2961.0,3024.0,83499982.40571027,201800.0,208700.0,200000.0,206200.0,339282.82078505,744.0,814.0,738.0,791.0,32969249.13513687,216.8,234.7,215.0,228.5,179407284.1311293,23500.0,25530.0,23260.0,25050.0,204898.29799049,4505.0,4907.0,4450.0,4796.0,725198.83709499
2025-07-03,147372000.0,149755000.0,147364000.0,148737000.0,1182.41237517,3477000.0,3576000.0,3471000.0,3517000.0,33519.97559885,3024.0,3136.0,3015.0,3063.0,95870213.42968827,206150.0,211950.0,204400.0,206850.0,292666.64747187,790.0,829.0,790.0,814.0,26158707.66909011,228.6,237.8,227.0,233.2,184839200.79936475,25060.0,25980.0,24980.0,25210.0,182836.43029056,4797.0,4961.0,4767.0,4810.0,642124.13675603
2025-07-04,148737000.0,149360000.0,146929000.0,147797000.0,819.64407007,3518000.0,3542000.0,3390000.0,3429000.0,29822.03862684,3063.0,3088.0,3011.0,3035.0,51356872.67408708,206900.0,209600.0,199000.0,202250.0,248795.07288498,813.0,822.0,771.0,784.0,21121550.52672799,233.5,235.6,221.1,223.0,151763407.44390795,25170.0,25680.0,23990.0,24340.0,167595.92895189,4810.0,4855.0,4542.0,4595.0,571385.26388573
2025-07-05,147798000.0,148400000.0,147655000.0,148197000.0,289.92019607,3433000.0,3458000.0,3410000.0,3445000.0,10682.73914723,3035.0,3053.0,3020.0,3034.0,18540141.58778702,202250.0,203300.0,200000.0,202100.0,119450.55106405,783.0,798.0,779.0,788.0,8299511.54512628,222.9,225.7,222.0,225.0,66879681.44444344,24340.0,24630.0,24170.0,24510.0,87968.61601569,4595.0,4637.0,4539.0,4596.0,250384.59113038
2025-07-06,148197000.0,149100000.0,147411000.0,148500000.0,574.67732795,3445000.0,3538000.0,3422000.0,3501000.0,20764.72767841,3034.0,3120.0,3025.0,3089.0,60641409.47567678,202100.0,209150.0,200800.0,206600.0,179267.90990775,788.0,807.0,782.0,798.0,13939858.28903968,225.0,238.5,223.4,234.3,228362434.12329447,24550.0,25300.0,24270.0,24900.0,85048.54353063,4596.0,4687.0,4557.0,4614.0,240487.95796589
2025-07-07,148500000.0,149100000.0,147196000.0,148100000.0,832.29461691,3500000.0,3525000.0,3432000.0,3481000.0,25685.20338168,3089.0,3198.0,3075.0,3111.0,96778816.38427834,206500.0,209050.0,202500.0,203850.0,195181.82185487,798.0,809.0,786.0,794.0,16163000.63985358,234.2,240.9,227.2,229.9,246340909.84858954,24910.0,25300.0,24370.0,24660.0,119630.47106525,4616.0,4675.0,4557.0,4615.0,286070.01696473
2025-07-08,148100000.0,148890000.0,147100000.0,148302000.0,670.29249832,3481000.0,3575000.0,3456000.0,3557000.0,26039.74798854,3110.0,3156.0,3080.0,3143.0,51162736.70653979,203800.0,208300.0,202500.0,206600.0,167440.72680414,795.0,805.0,783.0,801.0,12058338.4271532,230.0,234.4,227.2,232.6,132550374.29317178,24640.0,25120.0,24200.0,24980.0,95567.53978902,4615.0,4730.0,4550.0,4697.0,409221.67057186
2025-07-09,148302000.0,151479000.0,148000000.0,150701000.0,1496.46774735,3557000.0,3780000.0,3536000.0,3751000.0,52891.1321597,3142.0,3287.0,3133.0,3259.0,120281818.91768362,206600.0,214300.0,205700.0,213000.0,311007.52213724,802.0,851.0,796.0,846.0,32316688.76931673,232.6,252.5,231.6,244.7,290178669.13027257,24980.0,26590.0,24710.0,26450.0,235997.93197085,4690.0,4952.0,4658.0,4911.0,733103.7596362
2025-07-10,150750000.0,156960000.0,150200000.0,156519000.0,2648.04060121,3751000.0,4029000.0,3729000.0,3983000.0,83555.03840207,3259.0,3450.0,3245.0,3432.0,153371933.36517656,213050.0,222850.0,211200.0,221600.0,538396.79136929,845.0,917.0,836.0,914.0,47007383.2664736,244.7,264.7,242.1,263.0,398567850.3470581,26440.0,28030.0,26250.0,27900.0,289411.26137396,4910.0,5248.0,4862.0,5230.0,980763.83842551
2025-07-11,156517000.0,160744000.0,155000000.0,158187000.0,3339.42695041,3982000.0,4108000.0,3904000.0,3981000.0,91579.98960883,3432.0,3989.0,3383.0,3674.0,513992304.0433329,221550.0,227600.0,213400.0,219250.0,971135.23662389,914.0,1045.0,899.0,956.0,101340795.06570783,263.0,286.9,257.4,270.5,825187657.1346399,27900.0,29040.0,27240.0,27860.0,402268.58948323,5236.0,5530.0,5133.0,5257.0,1660474.31622582
2025-07-12,158187000.0,159952000.0,157200000.0,159681000.0,1039.66662029,3981000.0,4030000.0,3937000.0,4001000.0,30051.39228611,3674.0,3850.0,3603.0,3720.0,245562540.65603888,219200.0,221400.0,215050.0,218400.0,354066.90849974,956.0,996.0,938.0,963.0,53019215.77394747,270.7,279.0,261.4,268.2,399113742.31445146,27830.0,28520.0,27380.0,28090.0,214883.04866132,5257.0,5488.0,5174.0,5291.0,832912.14885067
2025-07-13,159683000.0,161754000.0,159450000.0,161740000.0,1227.16949574,4001000.0,4077000.0,3993000.0,4036000.0,27051.21998627,3722.0,3899.0,3704.0,3846.0,174057701.4199993,218400.0,221550.0,217350.0,218800.0,324417.56223222,963.0,1020.0,959.0,1001.0,61722090.60823646,268.1,275.4,266.6,269.7,316409327.96166974,28100.0,29390.0,28100.0,28810.0,311721.91882582,5297.0,5494.0,5278.0,5411.0,918124.89990274
2025-07-14,161740000.0,166800000.0,161357000.0,163923000.0,3490.7303061,4038000.0,4176000.0,4027000.0,4123000.0,63449.4092868,3846.0,4099.0,3828.0,4043.0,364109826.53716195,218800.0,228500.0,218300.0,221950.0,619854.61556262,1001.0,1042.0,988.0,1006.0,76801520.37598693,269.7,286.0,266.7,270.2,745065404.2794346,28810.0,29990.0,28730.0,29090.0,428054.337064,5419.0,5700.0,5340.0,5411.0,1616506.79951737
2025-07-15,163923000.0,164010000.0,158658000.0,160811000.0,3179.44960753,4123000.0,4293000.0,3998000.0,4289000.0,82456.44465665,4040.0,4045.0,3827.0,3982.0,287400268.881124,221900.0,224350.0,215850.0,224150.0,510538.99498819,1004.0,1022.0,970.0,1020.0,59738382.36887434,270.1,272.2,257.2,271.9,536069775.39312315,29090.0,30790.0,27800.0,30730.0,419727.15820088,5409.0,5595.0,5189.0,5575.0,1237517.10890467
2025-07-16,160811000.0,163210000.0,160175000.0,161250000.0,1841.21876947,4289000.0,4649000.0,4247000.0,4581000.0,101462.90989585,3983.0,4200.0,3938.0,4125.0,217564921.97983855,224100.0,238900.0,221200.0,235950.0,658920.34768162,1019.0,1063.0,1002.0,1039.0,57231921.22876354,271.9,298.9,268.1,289.0,758915996.7275707,30730.0,31250.0,29700.0,30790.0,545399.83352566,5575.0,5790.0,5488.0,5652.0,1113381.26015629
2025-07-17,161246000.0,163955000.0,160002000.0,162232000.0,2240.66691129,4580000.0,4778000.0,4523000.0,4728000.0,125862.09864227,4125.0,4805.0,4092.0,4741.0,551062939.038636,235950.0,242800.0,231000.0,239750.0,998013.53412502,1039.0,1139.0,1014.0,1118.0,142157521.26673064,288.9,302.9,283.2,296.9,1172632875.6982458,30790.0,33020.0,30150.0,32570.0,646568.69783998,5657.0,5850.0,5559.0,5801.0,1541889.41418985
2025-07-18,162232000.0,164446000.0,159301000.0,161100000.0,2771.33021866,4728000.0,4997000.0,4715000.0,4847000.0,140714.96074459,4741.0,4972.0,4561.0,4662.0,567412036.4621167,239600.0,250900.0,237500.0,242350.0,1286620.41101852,1117.0,1220.0,1091.0,1116.0,138800570.49153695,296.9,345.1,294.8,322.5,3136220677.166097,32580.0,34000.0,31610.0,32120.0,789285.55211061,5800.0,6283.0,5678.0,5781.0,2503974.19036166
2025-07-19,161098000.0,162470000.0,160788000.0,161428000.0,842.3510109,4846000.0,4940000.0,4793000.0,4917000.0,39792.17579076,4661.0,4769.0,4605.0,4690.0,168848490.07846758,242350.0,244200.0,238000.0,242500.0,476587.46521774,1116.0,1147.0,1096.0,1137.0,44651731.76613785,322.5,352.7,322.2,331.0,1861242765.1536682,32140.0,34530.0,31470.0,33560.0,391058.54756701,5778.0,6109.0,5655.0,6047.0,1352148.16142642
2025-07-20,161428000.0,162000000.0,159726000.0,160072000.0,1429.7828596,4918000.0,5191000.0,4898000.0,5124000.0,85427.71218161,4691.0,4828.0,4655.0,4716.0,207723648.15877932,242550.0,249700.0,241500.0,247750.0,689915.57617153,1136.0,1195.0,1127.0,1171.0,55829336.69978022,331.0,378.0,328.3,374.2,1984710770.0187535,33570.0,34690.0,33320.0,34190.0,372459.25946138,6047.0,6229.0,5962.0,6119.0,1809713.05942421
2025-07-21,160072000.0,162300000.0,159350000.0,160096000.0,1982.32577051,5127000.0,5214000.0,5051000.0,5130000.0,74152.21009852,4716.0,4935.0,4658.0,4842.0,215721623.16699564,247800.0,271500.0,244100.0,267050.0,1646482.91081189,1170.0,1265.0,1149.0,1214.0,81480923.85109656,374.0,390.1,362.3,370.5,2059255520.2180758,34190.0,35870.0,33620.0,34720.0,472008.51677471,6119.0,6321.0,6005.0,6131.0,1640762.14483795
2025-07-22,160094000.0,162990000.0,158750000.0,162321000.0,2730.46451082,5130000.0,5180000.0,4940000.0,5078000.0,95383.74702664,4842.0,4878.0,4665.0,4808.0,204275959.61402813,267050.0,279650.0,263950.0,278800.0,2371051.08807398,1214.0,1239.0,1164.0,1225.0,76499310.26337945,370.2,375.6,351.5,366.9,1228826017.1905951,34720.0,35550.0,33640.0,35050.0,738454.98888447,6139.0,6196.0,5852.0,6169.0,1805362.35497856
2025-07-23,162321000.0,162848000.0,159192000.0,161990000.0,2098.23989394,5078000.0,5125000.0,4801000.0,4951000.0,93328.53889487,4807.0,4810.0,4150.0,4344.0,450344936.2471418,278800.0,278950.0,250350.0,258450.0,1537337.05859672,1225.0,1226.0,1071.0,1111.0,85355122.4309021,366.9,367.0,315.0,328.5,1401713526.7135918,35050.0,35400.0,31530.0,32700.0,582089.56158443,6164.0,6170.0,5459.0,5618.0,2022178.40022415
2025-07-24,162000000.0,162888000.0,159000000.0,160928000.0,2151.53591644,4952000.0,5128000.0,4745000.0,5041000.0,99291.99486731,4344.0,4442.0,4010.0,4277.0,463337508.40641624,258500.0,261500.0,242500.0,248950.0,1204293.02297529,1114.0,1137.0,1030.0,1094.0,69370669.94375066,328.5,335.9,300.8,316.1,1290614615.3949218,32650.0,33270.0,30520.0,32180.0,382291.56961773,5615.0,5727.0,5280.0,5436.0,1548561.08125586
2025-07-25,160938000.0,161239000.0,157746000.0,160217000.0,2661.28602167,5036000.0,5115000.0,4900000.0,5078000.0,68357.34688314,4277.0,4320.0,4127.0,4280.0,208190516.55280402,248900.0,254800.0,240850.0,254700.0,672132.82067283,1096.0,1119.0,1068.0,1112.0,50375172.13493863,316.1,323.4,304.8,322.9,738356073.7722275,32190.0,32810.0,31320.0,32730.0,229119.44462801,5443.0,5590.0,5300.0,5574.0,777583.68535593
2025-07-26,160225000.0,161220000.0,159600000.0,160900000.0,789.27787874,5078000.0,5160000.0,5045000.0,5107000.0,37715.1554141,4280.0,4390.0,4241.0,4325.0,98473194.80833396,254750.0,259300.0,251300.0,252550.0,354858.16574172,1112.0,1142.0,1104.0,1119.0,23926839.56927548,322.8,327.6,317.3,321.8,331487732.438288,32730.0,35100.0,32490.0,34050.0,194486.15065042,5575.0,5718.0,5544.0,5626.0,472603.67026289
2025-07-27,160900000.0,162800000.0,160858000.0,162717000.0,1057.82545276,5107000.0,5281000.0,5100000.0,5279000.0,57091.54483571,4325.0,4417.0,4314.0,4409.0,106876164.04055487,252600.0,258950.0,252250.0,257200.0,384388.07834058,1119.0,1145.0,1113.0,1133.0,31906911.07357673,321.5,331.6,320.9,328.1,426024761.30594504,34050.0,35940.0,33810.0,35520.0,234615.25353744,5626.0,5780.0,5615.0,5779.0,499821.43081238
2025-07-28,162548000.0,162985000.0,161391000.0,162483000.0,1461.59937798,5279000.0,5349000.0,5161000.0,5224000.0,73058.50648448,4409.0,4514.0,4287.0,4299.0,185364779.4180792,257200.0,264700.0,251050.0,251900.0,671101.98917055,1133.0,1161.0,1085.0,1092.0,45623756.92914574,327.9,337.6,310.0,311.7,680087896.8944974,35520.0,37400.0,34460.0,34680.0,581113.37828107,5772.0,5848.0,5426.0,5464.0,1030714.11259933
2025-07-29,162483000.0,163800000.0,162034000.0,163158000.0,1487.53432374,5224000.0,5335000.0,5155000.0,5252000.0,61304.24816335,4298.0,4377.0,4239.0,4330.0,112480633.85377769,251950.0,256350.0,247200.0,251200.0,402146.75765479,1092.0,1112.0,1067.0,1085.0,30628794.37802363,311.7,319.8,302.0,310.0,462460379.4611565,34680.0,35060.0,33050.0,33710.0,307873.92719889,5464.0,5609.0,5291.0,5409.0,682676.42752567
2025-07-30,163248000.0,163708000.0,161800000.0,163118000.0,1209.08673259,5252000.0,5286000.0,5155000.0,5268000.0,45533.4105138,4330.0,4349.0,4205.0,4284.0,120487084.8483197,251200.0,251350.0,240850.0,246100.0,352516.67980744,1084.0,1089.0,1026.0,1056.0,34644064.43921715,310.1,312.0,294.0,305.0,468034307.9357368,33720.0,33810.0,31310.0,32250.0,299919.32023211,5410.0,5410.0,5080.0,5265.0,731898.18863223
2025-07-31,163118000.0,164300000.0,161138000.0,161398000.0,1460.98746879,5269000.0,5335000.0,5147000.0,5153000.0,54031.58867476,4284.0,4377.0,4210.0,4212.0,105519616.7139927,246200.0,251800.0,239950.0,240000.0,356432.55600238,1058.0,1088.0,1028.0,1030.0,26779912.01583616,305.0,311.0,291.0,292.0,296299486.4744486,32280.0,33250.0,31280.0,31350.0,219324.88859427,5265.0,5410.0,5120.0,5135.0,631482.36161584
2025-08-01,161400000.0,161770000.0,158100000.0,158102000.0,2864.49971781,5153000.0,5193000.0,4819000.0,4861000.0,117132.02386593,4212.0,4235.0,4057.0,4126.0,236234522.43601504,240000.0,240400.0,223500.0,226900.0,740635.91652346,1032.0,1032.0,978.0,996.0,49029584.97270347,293.0,294.0,275.0,280.0,496296135.54944605,31330.0,31490.0,29510.0,30000.0,328645.13459491,5130.0,5200.0,4840.0,4947.0,1182337.84918
2025-08-02,158101000.0,159362000.0,157115000.0,157376000.0,1322.24037421,4861000.0,4941000.0,4722000.0,4748000.0,70793.35755627,4125.0,4210.0,3836.0,3875.0,207180274.63059253,226800.0,230800.0,220100.0,221500.0,406204.53139228,997.0,1015.0,966.0,975.0,28243484.40335539,281.0,284.0,266.0,267.0,347797304.3490185,29990.0,30460.0,28910.0,29160.0,161217.19116224,4947.0,5065.0,4840.0,4904.0,590726.21908345
2025-08-03,157376000.0,160324000.0,156715000.0,160227000.0,1104.10129659,4748000.0,4934000.0,4696000.0,4910000.0,51567.14783802,3876.0,4153.0,3811.0,4140.0,162112490.75498408,221600.0,228700.0,218800.0,227600.0,352382.76388922,975.0,1024.0,961.0,1022.0,21879509.02102585,268.0,281.0,263.9,280.0,259715387.10697976,29160.0,30200.0,28800.0,29980.0,127545.63489942,4902.0,5075.0,4839.0,5060.0,345194.56731503
2025-08-04,160208000.0,161400000.0,159500000.0,160332000.0,1049.67722034,4910000.0,5206000.0,4888000.0,5177000.0,70452.40803355,4140.0,4297.0,4106.0,4275.0,163467378.6590341,227400.0,236500.0,225300.0,236200.0,485741.53685102,1022.0,1058.0,1016.0,1051.0,20067869.05939885,280.0,294.0,278.0,293.0,320414524.79741424,29980.0,32190.0,29920.0,32180.0,208222.15589234,5060.0,5230.0,5035.0,5185.0,604340.43308056
2025-08-05,160333000.0,160571000.0,158206000.0,159999000.0,1164.16382517,5178000.0,5188000.0,4980000.0,5061000.0,69705.13507662,4276.0,4334.0,4101.0,4155.0,141593354.22555974,236200.0,239300.0,226900.0,230100.0,437024.27954457,1051.0,1062.0,1003.0,1018.0,22777956.13849754,293.0,295.0,275.0,281.0,319383357.7288193,32180.0,32310.0,30120.0,30730.0,214778.79835884,5185.0,5200.0,4972.0,5085.0,561597.9978297
2025-08-06,159999000.0,160955000.0,158605000.0,160000000.0,888.90291262,5065000.0,5145000.0,4993000.0,5120000.0,43296.04151622,4154.0,4200.0,4059.0,4164.0,93590636.39442588,230100.0,236600.0,225800.0,233900.0,287724.56140718,1018.0,1042.0,995.0,1032.0,15358575.95917556,281.0,289.0,274.0,285.0,232203505.62728608,30750.0,31230.0,30160.0,30950.0,135464.94120717,5080.0,5150.0,4972.0,5110.0,441897.85003584
2025-08-07,160000000.0,162000000.0,159524000.0,161853000.0,1473.6112066,5120000.0,5400000.0,5087000.0,5382000.0,88097.18548477,4163.0,4595.0,4140.0,4568.0,212595646.2129574,233800.0,241900.0,232000.0,241600.0,498532.19300885,1031.0,1087.0,1024.0,1085.0,26305808.41090162,286.0,307.0,284.0,305.0,351814600.56092364,30940.0,32180.0,30640.0,32150.0,240196.13659664,5115.0,5340.0,5085.0,5325.0,561791.08083195
2025-08-08,161853000.0,161994000.0,160008000.0,160099000.0,1358.86703435,5383000.0,5578000.0,5333000.0,5492000.0,94836.89661808,4568.0,4664.0,4423.0,4503.0,270420459.8801941,241600.0,246300.0,238700.0,242300.0,505900.41323407,1084.0,1108.0,1072.0,1085.0,49662658.94224158,306.0,319.0,302.0,316.0,585083880.0774398,32140.0,32760.0,31690.0,32650.0,276478.29770348,5325.0,5490.0,5260.0,5460.0,805110.39277698
2025-08-09,160099000.0,161547000.0,160007000.0,160180000.0,1399.2385616,5492000.0,5926000.0,5486000.0,5861000.0,131955.77452722,4503.0,4590.0,4420.0,4442.0,143393605.45643735,242400.0,251400.0,242300.0,247800.0,637637.73528701,1087.0,1126.0,1084.0,1106.0,41994361.87592462,316.0,338.5,315.0,331.0,593763695.1688632,32660.0,34010.0,32580.0,33370.0,390494.41001628,5460.0,5715.0,5460.0,5695.0,1167473.70021519
2025-08-10,160180000.0,163877000.0,160132000.0,163859000.0,2343.22751857,5861000.0,5971000.0,5692000.0,5846000.0,112987.74415936,4440.0,4500.0,4321.0,4382.0,136551096.82480082,247900.0,261200.0,243000.0,251200.0,1087622.68563979,1106.0,1145.0,1076.0,1100.0,43936922.03861153,330.0,336.0,314.0,322.0,445307654.4671627,33360.0,33780.0,31880.0,32750.0,364037.84806852,5700.0,5760.0,5435.0,5555.0,1216628.60087746
2025-08-11,163860000.0,167000000.0,163350000.0,164210000.0,3218.61763068,5845000.0,5978000.0,5727000.0,5844000.0,112946.73888881,4382.0,4555.0,4315.0,4334.0,196165496.35904637,251100.0,255200.0,239700.0,242100.0,807015.98005583,1102.0,1139.0,1060.0,1071.0,47331314.04974146,322.0,331.0,306.0,308.0,449750307.0204493,32750.0,33610.0,31320.0,31530.0,349719.95390922,5565.0,5690.0,5280.0,5330.0,1105073.70847571
2025-08-12,164210000.0,164990000.0,163000000.0,164298000.0,2238.75147187,5844000.0,6325000.0,5837000.0,6282000.0,147825.2867161,4333.0,4510.0,4282.0,4465.0,159436559.52288535,242000.0,264400.0,239400.0,262400.0,993535.46649836,1070.0,1170.0,1057.0,1152.0,54096874.8772135,308.0,326.0,302.0,322.0,441020480.4497327,31570.0,34000.0,31420.0,33770.0,336866.43143147,5340.0,5805.0,5295.0,5690.0,1504604.46239583
2025-08-13,164298000.0,168262000.0,163353000.0,168051000.0,2570.30205767,6281000.0,6500000.0,6248000.0,6479000.0,144373.54412265,4466.0,4538.0,4400.0,4467.0,167679675.59860054,262300.0,279000.0,261900.0,275100.0,1754197.33738104,1152.0,1255.0,1140.0,1231.0,80930495.31659913,323.0,342.0,317.0,334.0,807575309.3180712,33770.0,35000.0,33390.0,34740.0,526512.38306884,5690.0,5890.0,5615.0,5835.0,2482821.59540874
2025-08-14,168051000.0,169900000.0,162550000.0,164723000.0,4234.99357777,6480000.0,6542000.0,6101000.0,6335000.0,209603.13106914,4467.0,4560.0,4188.0,4289.0,307154844.13426745,274900.0,285750.0,257000.0,268000.0,2603856.81924444,1232.0,1395.0,1223.0,1290.0,461555275.51908755,334.0,348.0,304.0,312.0,1255762673.6862252,34740.0,35400.0,32040.0,32970.0,780916.77168444,5835.0,5955.0,5390.0,5550.0,2952605.33793059
2025-08-15,164723000.0,165885000.0,163010000.0,164122000.0,1381.99175784,6337000.0,6477000.0,6114000.0,6215000.0,109561.23275784,4289.0,4352.0,4201.0,4302.0,102234626.94826354,268000.0,274600.0,256400.0,260000.0,1123584.97436749,1289.0,1346.0,1268.0,1323.0,236163462.0208611,312.0,324.0,307.0,320.0,565172781.6485856,32970.0,35590.0,32780.0,33280.0,1069630.40102855,5550.0,5690.0,5340.0,5450.0,1088503.88347588
2025-08-16,164122000.0,164374000.0,162685000.0,163058000.0,813.45140276,6215000.0,6257000.0,6063000.0,6146000.0,51853.30137427,4302.0,4375.0,4295.0,4315.0,64920085.38190225,260000.0,263900.0,257000.0,263500.0,465566.31880793,1322.0,1359.0,1250.0,1279.0,150702893.3234583,320.0,329.0,313.0,321.0,338763000.06073403,33280.0,33770.0,32680.0,33770.0,333798.42530576,5455.0,5545.0,5400.0,5510.0,982284.33053349
2025-08-17,163058000.0,164194000.0,163035000.0,163111000.0,721.88384529,6146000.0,6342000.0,6107000.0,6219000.0,63107.49862696,4315.0,4352.0,4282.0,4296.0,61494000.50634062,263500.0,270400.0,260700.0,265700.0,498378.67146216,1280.0,1366.0,1257.0,1335.0,138681645.1375411,321.0,335.0,317.0,326.0,351355530.1743901,33750.0,35520.0,33390.0,34820.0,483554.32901175,5510.0,5900.0,5455.0,5630.0,1450205.29901671
2025-08-18,163110000.0,163456000.0,160000000.0,161513000.0,2026.55299081,6219000.0,6240000.0,5901000.0,5999000.0,128999.19045748,4296.0,4303.0,4104.0,4252.0,153119139.45922285,265500.0,266400.0,251300.0,254400.0,903978.27311153,1335.0,1346.0,1245.0,1283.0,136891624.0458917,326.0,328.0,307.0,310.0,501313841.8888409,34860.0,35230.0,32610.0,32960.0,601343.49803847,5640.0,5655.0,5355.0,5450.0,1293037.46800349
2025-08-19,161513000.0,162388000.0,157044000.0,157172000.0,2183.55943311,6000000.0,6055000.0,5672000.0,5682000.0,112939.66623754,4251.0,4279.0,3970.0,3990.0,144935804.68492937,254400.0,258300.0,245100.0,245600.0,668946.67342655,1282.0,1325.0,1175.0,1181.0,146112268.89707375,310.0,314.0,291.0,292.0,465307668.3082665,32960.0,33430.0,31100.0,31170.0,420221.00517484,5450.0,5510.0,5170.0,5175.0,988858.447993
2025-08-20,157180000.0,159565000.0,157100000.0,159149000.0,1687.53584763,5683000.0,6087000.0,5681000.0,6041000.0,125763.77831649,3990.0,4152.0,3954.0,4109.0,132249511.38675724,245600.0,261700.0,245500.0,261700.0,645282.85644765,1181.0,1239.0,1171.0,1226.0,106307444.07639931,292.0,310.0,291.0,309.0,386102452.5065127,31170.0,32800.0,31120.0,32620.0,272655.51276112,5185.0,5435.0,5175.0,5420.0,712040.96237737
2025-08-21,159237000.0,159900000.0,157280000.0,157737000.0,1101.96487624,6042000.0,6053000.0,5901000.0,5930000.0,59310.34210238,4110.0,4120.0,3990.0,4000.0,74545008.48888372,261600.0,264700.0,252100.0,253100.0,526604.65199445,1226.0,1243.0,1190.0,1195.0,64289955.94774294,309.0,313.0,300.0,302.0,311239498.7172611,32640.0,32890.0,31880.0,31920.0,212113.7219969,5415.0,5465.0,5295.0,5320.0,481971.28658747
2025-08-22,157737000.0,162688000.0,156647000.0,161176000.0,3303.07060192,5930000.0,6742000.0,5896000.0,6664000.0,257077.61025997,4000.0,4286.0,3901.0,4236.0,265089702.60603833,253100.0,279000.0,248700.0,276700.0,1468239.91471155,1195.0,1299.0,1153.0,1285.0,149396237.86635804,302.0,334.0,292.0,331.0,907034851.9025412,31970.0,34970.0,31140.0,34820.0,579375.27733026,5325.0,5880.0,5175.0,5770.0,2771019.74112704
2025-08-23,161176000.0,161505000.0,159000000.0,159705000.0,1231.27745096,6664000.0,6668000.0,6431000.0,6614000.0,92371.36499211,4235.0,4243.0,4101.0,4215.0,97426180.94343805,276600.0,288500.0,269000.0,282300.0,1132434.40693669,1285.0,1299.0,1234.0,1265.0,75982680.52992328,332.0,332.0,316.0,327.0,444903555.932824,34820.0,37050.0,33770.0,36290.0,927474.60820843,5770.0,5895.0,5550.0,5860.0,1302111.75404817
2025-08-24,159705000.0,160272000.0,155870000.0,157603000.0,2179.0180382,6617000.0,6845000.0,6550000.0,6634000.0,106471.57981683,4215.0,4307.0,4162.0,4201.0,107668114.83685055,282200.0,293700.0,280100.0,286000.0,1606345.98505123,1266.0,1328.0,1235.0,1264.0,93729934.97085308,326.0,338.0,317.0,323.0,525009097.360591,36290.0,36650.0,34600.0,35910.0,576586.02031834,5855.0,5900.0,5580.0,5700.0,1341365.70033485
2025-08-25,157603000.0,158000000.0,155346000.0,155887000.0,2588.2830815,6634000.0,6671000.0,6160000.0,6197000.0,141498.38833224,4201.0,4234.0,4017.0,4046.0,114551819.75014532,286000.0,296300.0,262600.0,265100.0,1796192.6103309,1263.0,1289.0,1175.0,1185.0,107851324.87919092,322.0,325.0,293.0,297.0,733917017.6528547,35880.0,36110.0,32660.0,33090.0,600405.20631375,5710.0,5755.0,5250.0,5280.0,1778592.46634187
2025-08-26,155887000.0,157367000.0,153952000.0,156661000.0,2318.14300616,6197000.0,6481000.0,6091000.0,6444000.0,109464.41595673,4046.0,4300.0,4032.0,4216.0,100180439.06718512,265100.0,277000.0,262500.0,274600.0,815452.04227634,1185.0,1221.0,1172.0,1215.0,56118847.76132091,297.0,308.0,294.0,305.0,394120945.5319695,33090.0,34050.0,32640.0,33900.0,362381.97594607,5280.0,5475.0,5250.0,5450.0,775865.20022745
2025-08-27,156660000.0,157200000.0,154800000.0,155534000.0,1378.40369363,6443000.0,6500000.0,6268000.0,6308000.0,75105.36384434,4216.0,4241.0,4150.0,4158.0,75792996.57048628,274600.0,295000.0,271300.0,283600.0,1329738.07329203,1215.0,1224.0,1186.0,1191.0,43492670.93824757,306.0,312.0,302.0,307.0,340141569.29087883,33900.0,35380.0,33420.0,34130.0,552727.46573176,5445.0,5490.0,5360.0,5365.0,682574.80441658
2025-08-28,155532000.0,157787000.0,155211000.0,156737000.0,1179.83398781,6309000.0,6440000.0,6200000.0,6286000.0,60487.64577139,4156.0,4204.0,4120.0,4134.0,71025983.31888038,283600.0,301000.0,282100.0,298700.0,1612580.44249203,1190.0,1223.0,1178.0,1196.0,51319216.11523321,307.0,314.0,303.0,313.0,287388569.8591336,34130.0,34950.0,33750.0,34720.0,645868.34223615,5365.0,5590.0,5330.0,5550.0,1042254.20328487
2025-08-29,156737000.0,157080000.0,151100000.0,152262000.0,2916.36749565,6286000.0,6294000.0,5991000.0,6121000.0,106820.73215115,4134.0,4150.0,3900.0,3961.0,227937156.11099157,298600.0,304600.0,281000.0,288100.0,2242296.00924655,1195.0,1207.0,1137.0,1161.0,69662421.8151325,312.0,314.0,295.0,301.0,483627478.02517,34750.0,35150.0,32590.0,33090.0,713298.4375678,5550.0,5580.0,5235.0,5305.0,1834833.3676514
2025-08-30,152262000.0,152267000.0,149704000.0,151734000.0,1660.9190379,6122000.0,6164000.0,5934000.0,6100000.0,49998.27028477,3961.0,3966.0,3855.0,3928.0,120032100.40600185,288100.0,289500.0,275800.0,282900.0,864892.09715086,1161.0,1178.0,1126.0,1146.0,31295142.99469477,301.0,305.0,295.0,302.0,195288584.0082439,33090.0,33400.0,32180.0,33190.0,252805.05998577,5305.0,5340.0,5175.0,5320.0,801858.76872968
2025-08-31,151734000.0,152960000.0,150447000.0,150700000.0,1168.42444947,6101000.0,6250000.0,6097000.0,6114000.0,50204.37322369,3928.0,4000.0,3862.0,3868.0,84756379.38926694,282700.0,288500.0,279200.0,279800.0,571463.75567794,1147.0,1169.0,1130.0,1132.0,24316439.39315077,302.0,308.0,297.0,298.0,171937840.3130145,33140.0,33680.0,32530.0,32570.0,254739.72150721,5315.0,5405.0,5205.0,5220.0,2025798.84098486
2025-09-01,150700000.0,152789000.0,149000000.0,152419000.0,2147.55268421,6114000.0,6250000.0,5923000.0,6025000.0,79154.97480709,3868.0,3945.0,3750.0,3849.0,173587897.04253417,279700.0,284500.0,272100.0,275600.0,871021.83927508,1131.0,1174.0,1095.0,1119.0,72913444.35073332,298.0,305.0,287.0,294.0,472952861.3268411,32580.0,33780.0,31690.0,32380.0,451091.80304045,5215.0,5395.0,5065.0,5160.0,1651663.41458992
2025-09-02,152419000.0,155445000.0,150984000.0,154850000.0,1920.61439848,6026000.0,6135000.0,5951000.0,6027000.0,72085.90045342,3849.0,3988.0,3831.0,3983.0,111127380.32026216,275600.0,292000.0,274500.0,291900.0,805032.06790433,1119.0,1165.0,1113.0,1164.0,36303512.45531811,294.0,301.0,288.0,300.0,324767688.00550437,32380.0,34150.0,32120.0,34100.0,358452.74105786,5155.0,5330.0,5135.0,5320.0,1003693.9949567
2025-09-03,154850000.0,156000000.0,154032000.0,154890000.0,1040.1957758,6030000.0,6213000.0,5974000.0,6164000.0,60822.31430829,3983.0,3998.0,3919.0,3944.0,71372817.82092407,291900.0,295500.0,288900.0,292100.0,742784.80370319,1164.0,1172.0,1151.0,1160.0,27668539.79601359,300.0,310.0,296.0,306.0,270034729.9676537,34100.0,35970.0,33800.0,34930.0,502704.53546062,5320.0,5415.0,5275.0,5355.0,677944.38284325
2025-09-04,154890000.0,156515000.0,153093000.0,155410000.0,1070.14485107,6164000.0,6213000.0,6000000.0,6039000.0,52040.89940365,3944.0,3987.0,3917.0,3927.0,78099050.68589818,292300.0,293800.0,283800.0,284400.0,508639.07252922,1160.0,1167.0,1128.0,1136.0,23421004.02335807,306.0,307.0,296.0,298.0,188015895.9302458,34930.0,35160.0,33960.0,34000.0,273372.73180549,5355.0,5375.0,5235.0,5280.0,565440.64948993
2025-09-05,155337000.0,157853000.0,154502000.0,154930000.0,1644.26975383,6040000.0,6258000.0,5983000.0,6030000.0,86642.86725439,3927.0,4012.0,3901.0,3944.0,87973040.8665316,284400.0,292200.0,281700.0,284900.0,709369.70706187,1135.0,1183.0,1128.0,1163.0,34619194.44125002,299.0,307.0,297.0,305.0,269016664.7448117,33990.0,35000.0,33490.0,34300.0,309696.21890416,5280.0,5420.0,5270.0,5360.0,575354.01148774
2025-09-06,154930000.0,155629000.0,154231000.0,154325000.0,472.77600266,6029000.0,6054000.0,5970000.0,5990000.0,22968.03918758,3944.0,3957.0,3925.0,3935.0,28618990.35037903,284900.0,286300.0,280100.0,280700.0,207493.55166395,1163.0,1170.0,1144.0,1148.0,11219282.82166902,305.0,306.0,298.0,303.0,142795787.80943277,34270.0,34540.0,33750.0,34170.0,109645.48092073,5360.0,5435.0,5315.0,5355.0,421199.79092122
2025-09-07,154325000.0,155784000.0,154200000.0,155001000.0,487.36392303,5990000.0,6037000.0,5982000.0,6014000.0,24522.71363204,3936.0,4092.0,3935.0,4013.0,73301721.30159654,280600.0,289600.0,280500.0,287900.0,288064.72628276,1148.0,1172.0,1145.0,1166.0,16404036.79133284,302.0,319.0,302.0,319.0,281783624.8876613,34120.0,34750.0,33950.0,34420.0,153544.91285188,5355.0,5750.0,5350.0,5565.0,2652653.94145174
2025-09-08,155001000.0,156838000.0,154592000.0,156048000.0,850.15690616,6015000.0,6087000.0,5980000.0,6000000.0,54099.54166782,4013.0,4167.0,4002.0,4138.0,105480218.78587614,287900.0,301400.0,286900.0,298100.0,728578.67557224,1164.0,1209.0,1159.0,1206.0,33299394.11681207,319.0,340.0,316.0,337.0,554871472.5734351,34450.0,35780.0,34260.0,35170.0,256312.64040744,5575.0,5700.0,5560.0,5635.0,2337434.401832
2025-09-09,156048000.0,157200000.0,154697000.0,155450000.0,1398.29118063,6000000.0,6072000.0,5965000.0,6002000.0,51768.32690444,4138.0,4209.0,4087.0,4109.0,98221614.56481,298100.0,304900.0,294200.0,302800.0,752727.47916368,1206.0,1242.0,1190.0,1205.0,38379110.49068826,336.0,346.0,325.0,336.0,646924191.0150591,35210.0,36570.0,34710.0,36170.0,438763.54924244,5635.0,5805.0,5555.0,5755.0,1605707.77349538
2025-09-10,155451000.0,158800000.0,154950000.0,158561000.0,1438.34464883,6001000.0,6178000.0,5985000.0,6056000.0,65932.28270406,4109.0,4194.0,4092.0,4150.0,62837248.76762609,302800.0,313550.0,300400.0,311900.0,798277.27318073,1205.0,1246.0,1200.0,1234.0,37059885.59364954,336.0,345.0,330.0,342.0,425153392.94890183,36170.0,41080.0,35900.0,41020.0,1702597.34691076,5765.0,5880.0,5650.0,5875.0,1586117.73617196
2025-09-11,158562000.0,160400000.0,157777000.0,160375000.0,1550.22561596,6056000.0,6230000.0,6042000.0,6196000.0,74294.77526974,4150.0,4234.0,4126.0,4223.0,94380703.15179852,311800.0,318950.0,308700.0,317700.0,953046.55811986,1235.0,1249.0,1209.0,1242.0,43394479.40125226,342.0,357.0,339.0,356.0,687427760.9549563,41020.0,41730.0,39580.0,40520.0,844562.71116954,5875.0,5930.0,5760.0,5900.0,1458070.57722195
2025-09-12,160395000.0,161794000.0,160000000.0,161101000.0,1460.8794118,6196000.0,6557000.0,6190000.0,6539000.0,72127.65275987,4224.0,4343.0,4210.0,4312.0,108538256.33408897,317700.0,338400.0,317000.0,336100.0,1047222.47587382,1242.0,1273.0,1231.0,1273.0,46342500.38729761,356.0,386.0,354.0,382.0,863109820.6903535,40520.0,40860.0,39330.0,40250.0,659768.08858584,5890.0,6000.0,5795.0,5995.0,1249883.09730651
2025-09-13,161110000.0,161369000.0,159461000.0,160536000.0,1011.50487891,6538000.0,6609000.0,6377000.0,6471000.0,60212.46658856,4311.0,4412.0,4282.0,4324.0,120243437.25397708,336100.0,339100.0,326500.0,336000.0,755670.19780917,1273.0,1321.0,1266.0,1290.0,69173050.45084962,382.0,424.0,379.0,402.0,2012939705.7158532,40250.0,43340.0,39860.0,41670.0,1672212.73233047,5995.0,6395.0,5965.0,6235.0,2926389.85534003
2025-09-14,160536000.0,161200000.0,159899000.0,160338000.0,734.22633687,6472000.0,6500000.0,6355000.0,6403000.0,32037.71407899,4324.0,4329.0,4176.0,4209.0,90098430.1728223,336200.0,345500.0,333100.0,333600.0,843455.73726325,1290.0,1293.0,1222.0,1236.0,44262937.56149958,401.0,409.0,378.0,387.0,1110104024.4022202,41650.0,42420.0,40200.0,40960.0,644373.1938506,6230.0,6240.0,5940.0,6000.0,1532969.46575234
2025-09-15,160338000.0,161791000.0,159500000.0,160705000.0,1328.26487987,6403000.0,6474000.0,6237000.0,6304000.0,47023.77058418,4209.0,4255.0,4112.0,4182.0,97827654.54255024,333600.0,338500.0,321400.0,326600.0,772060.35287573,1235.0,1253.0,1190.0,1203.0,46577117.53321257,386.0,391.0,360.0,374.0,1060143521.2040728,40950.0,42420.0,39310.0,41570.0,727544.04337919,6000.0,6100.0,5730.0,5790.0,1534089.85764627
2025-09-16,160705000.0,162334000.0,160125000.0,162167000.0,1013.13497679,6304000.0,6325000.0,6184000.0,6261000.0,45638.98319997,4182.0,4249.0,4130.0,4224.0,60598787.77807896,326700.0,334900.0,322900.0,329700.0,461920.02844628,1202.0,1228.0,1189.0,1223.0,24107867.37943568,374.0,378.0,360.0,375.0,552583511.1172897,41580.0,43160.0,40610.0,41760.0,755253.69854388,5790.0,5965.0,5730.0,5915.0,1281536.65055175
2025-09-17,162200000.0,163000000.0,160210000.0,161468000.0,1630.74076706,6261000.0,6419000.0,6180000.0,6358000.0,54263.66483327,4224.0,4311.0,4162.0,4270.0,87809145.10651866,329700.0,342400.0,324000.0,339500.0,706763.83481155,1222.0,1275.0,1201.0,1267.0,35856914.9312568,375.0,394.0,364.0,392.0,697686684.4728317,41770.0,44400.0,41010.0,44040.0,722015.22103107,5915.0,6145.0,5775.0,6095.0,1198216.56579236
2025-09-18,161468000.0,163333000.0,161372000.0,162478000.0,1738.78345738,6358000.0,6440000.0,6323000.0,6365000.0,42744.80594295,4271.0,4353.0,4247.0,4270.0,112386065.05329154,339500.0,350800.0,336800.0,343800.0,661702.25276585,1265.0,1299.0,1250.0,1283.0,44491979.29208319,391.0,400.0,383.0,387.0,740574312.0461051,44090.0,49130.0,43900.0,48850.0,1416829.45401342,6100.0,6380.0,6070.0,6290.0,2688128.97811869
2025-09-19,162478000.0,163080000.0,161500000.0,162138000.0,1389.24628029,6365000.0,6411000.0,6221000.0,6272000.0,37913.99193469,4269.0,4295.0,4184.0,4197.0,82315872.23193425,343800.0,344900.0,330000.0,334600.0,531477.62901555,1283.0,1300.0,1245.0,1250.0,42471778.29436076,387.0,395.0,369.0,373.0,544992790.8116252,48850.0,49750.0,46780.0,47350.0,991366.52261524,6290.0,6790.0,6065.0,6115.0,6951094.62469697
2025-09-20,162162000.0,162486000.0,162000000.0,162236000.0,694.36542049,6272000.0,6306000.0,6252000.0,6287000.0,16379.72197412,4197.0,4217.0,4151.0,4176.0,51121889.53133137,334800.0,337300.0,332200.0,335900.0,218621.59111709,1249.0,1269.0,1246.0,1254.0,22980170.72179814,373.0,377.0,370.0,376.0,245753100.72554186,47340.0,47910.0,46080.0,46510.0,370597.48628025,6115.0,6240.0,6025.0,6115.0,1718198.7043211
2025-09-21,162236000.0,162239000.0,161372000.0,161412000.0,956.39786821,6286000.0,6293000.0,6230000.0,6231000.0,16291.22173221,4175.0,4214.0,4145.0,4162.0,61889936.46808721,335900.0,338100.0,330000.0,330800.0,255692.64952641,1253.0,1261.0,1229.0,1241.0,25968598.14053912,376.0,378.0,365.0,365.0,293444168.33882433,46550.0,47160.0,45570.0,46290.0,335619.76104432,6115.0,6130.0,5935.0,5970.0,1897352.95199064
2025-09-22,161410000.0,161631000.0,159000000.0,160730000.0,3058.73284497,6231000.0,6245000.0,5897000.0,5994000.0,117483.51164217,4162.0,4169.0,3953.0,4073.0,210182839.60646245,330800.0,331900.0,309100.0,314600.0,872572.08649664,1240.0,1244.0,1151.0,1178.0,69026534.79836532,365.0,368.0,334.0,344.0,938924044.2319915,46290.0,48530.0,42420.0,48390.0,1050703.4294384,5970.0,5995.0,5550.0,5755.0,3009684.84036195
2025-09-23,160731000.0,161350000.0,158668000.0,159679000.0,1105.98353873,5994000.0,6019000.0,5854000.0,5932000.0,40871.39605637,4072.0,4111.0,3983.0,4025.0,84179395.742859,314600.0,316600.0,302000.0,304400.0,593581.64718781,1178.0,1185.0,1142.0,1149.0,29344029.76270229,345.0,348.0,333.0,339.0,394078251.6054373,48390.0,51450.0,46590.0,47850.0,1785179.00804645,5755.0,5805.0,5605.0,5650.0,1858660.77726602
2025-09-24,159680000.0,161200000.0,159001000.0,160700000.0,989.63619655,5933000.0,5977000.0,5831000.0,5889000.0,35715.9768436,4024.0,4230.0,3992.0,4149.0,96722253.95936763,304400.0,308600.0,293100.0,300300.0,693179.62751681,1148.0,1177.0,1130.0,1154.0,24155305.32804634,339.0,355.0,331.0,342.0,399140469.74263453,47920.0,49650.0,45750.0,45850.0,787731.34418686,5650.0,5830.0,5565.0,5670.0,1465265.54289568
2025-09-25,160700000.0,161037000.0,158000000.0,158200000.0,2072.65761536,5890000.0,5903000.0,5565000.0,5619000.0,95599.57021992,4150.0,4181.0,3978.0,3987.0,141340496.9914189,300300.0,301500.0,278800.0,280100.0,1021043.80772302,1154.0,1156.0,1101.0,1108.0,35648137.40517613,343.0,344.0,321.0,324.0,507568474.5537065,45850.0,46640.0,41460.0,41610.0,920360.41281515,5665.0,5730.0,5480.0,5525.0,1668912.85444636
2025-09-26,158219000.0,159307000.0,157100000.0,158128000.0,1636.24151791,5619000.0,5840000.0,5618000.0,5817000.0,61358.28520663,3986.0,4030.0,3924.0,4015.0,104237800.52211206,280000.0,296200.0,277800.0,295500.0,1010552.73685843,1108.0,1142.0,1102.0,1142.0,32297853.26336095,324.0,336.0,322.0,335.0,355635319.0323245,41590.0,42530.0,39450.0,42020.0,860347.37787628,5525.0,5715.0,5480.0,5665.0,1203802.89003291
2025-09-27,158129000.0,158250000.0,157126000.0,157895000.0,599.24007712,5817000.0,5818000.0,5716000.0,5781000.0,14940.42185502,4016.0,4070.0,3980.0,4034.0,42445199.89785138,295600.0,296500.0,287700.0,293000.0,295535.36255354,1142.0,1143.0,1117.0,1125.0,10258246.83564892,335.0,337.0,328.0,333.0,138250527.37837273,41960.0,41970.0,40600.0,41420.0,256947.79040223,5660.0,5665.0,5540.0,5605.0,477186.94160334
2025-09-28,157892000.0,160800000.0,157559000.0,160579000.0,1115.14654906,5782000.0,5932000.0,5727000.0,5931000.0,23795.46652588,4034.0,4106.0,3995.0,4104.0,50939841.49990787,293000.0,302000.0,285800.0,301900.0,365417.28531406,1125.0,1161.0,1104.0,1159.0,11229937.70622942,333.0,340.0,325.0,340.0,184781486.20925182,41420.0,43260.0,40270.0,42990.0,377821.04033368,5595.0,5760.0,5480.0,5725.0,642262.00562778
2025-09-29,160579000.0,163200000.0,159300000.0,162976000.0,1561.77655952,5931000.0,6038000.0,5842000.0,6009000.0,36958.91141701,4103.0,4183.0,4066.0,4107.0,83361431.7755915,301900.0,306700.0,293600.0,303600.0,581129.87610817,1158.0,1166.0,1130.0,1150.0,24611705.33829395,340.0,341.0,328.0,335.0,305049670.4730719,42980.0,43960.0,41750.0,43380.0,472753.60076494,5720.0,5740.0,5540.0,5675.0,984683.87607957
2025-09-30,162976000.0,163655000.0,161111000.0,162828000.0,1347.68465165,6009000.0,6048000.0,5880000.0,5918000.0,29411.48413252,4107.0,4135.0,4043.0,4066.0,61290947.23217277,303500.0,305100.0,293900.0,297600.0,405910.37136389,1150.0,1160.0,1118.0,1152.0,18302223.88524023,335.0,337.0,326.0,333.0,206934397.8355491,43370.0,43870.0,41360.0,42840.0,381834.43146053,5680.0,5690.0,5500.0,5580.0,959204.80869534
2025-10-01,162828000.0,168429000.0,162789000.0,168424000.0,2391.53349082,5919000.0,6180000.0,5900000.0,6176000.0,48978.72914199,4065.0,4197.0,4030.0,4188.0,101734318.1393613,297700.0,316100.0,295300.0,315300.0,642856.62111461,1151.0,1209.0,1141.0,1209.0,27976910.52892088,333.0,354.0,329.0,354.0,370299068.1664346,42810.0,44180.0,42270.0,43640.0,539852.82198377,5580.0,5870.0,5555.0,5865.0,1416978.24310546
2025-10-02,168424000.0,170903000.0,167709000.0,170704000.0,2634.57350068,6173000.0,6377000.0,6139000.0,6349000.0,52875.26710706,4186.0,4379.0,4171.0,4307.0,133765872.54757369,315500.0,332800.0,311600.0,332500.0,764267.73974733,1209.0,1239.0,1190.0,1234.0,34243062.25042312,354.0,374.0,350.0,371.0,515893828.3920111,43670.0,44600.0,42090.0,43940.0,804770.22741329,5865.0,6140.0,5815.0,6110.0,1745054.67024832
2025-10-03,170749000.0,174995000.0,169100000.0,173460000.0,2241.08106806,6349000.0,6480000.0,6276000.0,6396000.0,53562.29392409,4307.0,4368.0,4243.0,4311.0,97730948.4885868,332400.0,334300.0,323000.0,330000.0,771288.30951262,1233.0,1259.0,1207.0,1228.0,28830940.51866805,371.0,374.0,359.0,367.0,431118381.81950027,43930.0,44600.0,42560.0,44430.0,532464.57974757,6110.0,6180.0,5925.0,6120.0,1323019.40882872
2025-10-04,173460000.0,174990000.0,172673000.0,174964000.0,2463.17052828,6396000.0,6433000.0,6340000.0,6411000.0,26288.29447501,4311.0,4325.0,4210.0,4244.0,67051496.25238349,330000.0,331700.0,321100.0,325700.0,360383.15138989,1227.0,1233.0,1192.0,1202.0,19375752.16274399,367.0,369.0,353.0,359.0,287062510.4796588,44440.0,44690.0,42730.0,43110.0,318875.51676298,6125.0,6135.0,5925.0,5990.0,823983.46598739
2025-10-05,174986000.0,178651000.0,174270000.0,177024000.0,3767.82109651,6411000.0,6550000.0,6381000.0,6473000.0,44662.79097685,4244.0,4357.0,4221.0,4257.0,95459135.3336229,325600.0,336700.0,323500.0,327800.0,618882.31508967,1202.0,1253.0,1187.0,1202.0,42556845.43424058,359.0,376.0,356.0,363.0,544760395.4595356,43110.0,44280.0,42530.0,43160.0,451441.71388435,5990.0,6215.0,5850.0,5925.0,1260264.01629836
2025-10-06,177002000.0,178790000.0,176500000.0,177536000.0,2611.57241052,6471000.0,6709000.0,6455000.0,6672000.0,48927.13818115,4257.0,4324.0,4250.0,4262.0,72331626.99858901,327800.0,336900.0,326600.0,331400.0,517955.90421726,1202.0,1250.0,1195.0,1242.0,30189340.88735349,362.0,384.0,360.0,379.0,543794464.2839732,43100.0,44000.0,42970.0,43630.0,301043.68104812,5925.0,6325.0,5900.0,6265.0,1372333.60983552
2025-10-07,177562000.0,178400000.0,174385000.0,175460000.0,3389.80439054,6672000.0,6793000.0,6426000.0,6432000.0,95851.94132575,4262.0,4283.0,4130.0,4133.0,105532333.09477733,331400.0,335000.0,318400.0,318600.0,772731.6507866,1242.0,1253.0,1185.0,1187.0,41463953.34188326,378.0,383.0,357.0,358.0,648128673.8014214,43600.0,43790.0,40340.0,40450.0,589473.13255473,6250.0,6325.0,5930.0,5990.0,1820948.83437999
2025-10-08,175490000.0,178617000.0,175460000.0,178011000.0,2463.9288202,6433000.0,6553000.0,6426000.0,6530000.0,45114.32455106,4132.0,4208.0,4131.0,4157.0,45234549.91915958,318600.0,330700.0,317100.0,330300.0,458037.91643716,1188.0,1229.0,1179.0,1210.0,27771758.53794155,358.0,376.0,355.0,369.0,411181072.5630542,40450.0,42650.0,40360.0,41610.0,294523.75001371,5990.0,6105.0,5930.0,6045.0,832411.00839144
2025-10-09,177853000.0,179869000.0,176496000.0,177616000.0,2825.3725964,6525000.0,6542000.0,6292000.0,6375000.0,64589.22955365,4158.0,4158.0,4067.0,4096.0,72436218.08508249,330200.0,331500.0,318800.0,322700.0,553537.71206729,1209.0,1213.0,1171.0,1190.0,25103362.8110709,369.0,370.0,355.0,363.0,407685593.8108507,41580.0,41730.0,40680.0,41460.0,239715.87252821,6060.0,6060.0,5825.0,5945.0,1194815.14946806
2025-10-10,177616000.0,178151000.0,165000000.0,172257000.0,6799.93776544,6376000.0,6415000.0,5565000.0,5900000.0,195889.51556067,4096.0,4120.0,3013.0,3688.0,377560801.38679385,322700.0,326300.0,271600.0,292900.0,1471822.21945345,1189.0,1198.0,933.0,998.0,121662382.55541463,363.0,369.0,300.0,308.0,1265238993.0662675,41480.0,41620.0,31400.0,33330.0,1097307.32333165,5955.0,6235.0,4185.0,4668.0,6883056.70155788
2025-10-11,172180000.0,173937000.0,166500000.0,170390000.0,4416.69331273,5900000.0,5983000.0,5634000.0,5777000.0,106966.5970071,3694.0,3817.0,3480.0,3674.0,308398219.2246205,292900.0,296700.0,269300.0,273900.0,1635983.6998187,998.0,1039.0,949.0,973.0,93221854.4367679,309.0,313.0,277.0,286.0,1539436157.471987,33100.0,35500.0,31500.0,33110.0,886210.2167373,4670.0,5035.0,4417.0,4614.0,4721920.3039352
2025-10-12,170390000.0,174909000.0,168132000.0,173833000.0,3435.1907301,5777000.0,6287000.0,5677000.0,6275000.0,118717.34080711,3673.0,3876.0,3550.0,3821.0,230826083.23915765,273900.0,299500.0,266000.0,297400.0,1298465.13965265,973.0,1065.0,948.0,1058.0,57688247.44323529,286.0,321.0,277.0,314.0,1038153625.1797982,33120.0,35050.0,31640.0,34030.0,1147496.08989452,4621.0,4962.0,4462.0,4899.0,2762406.30407652
2025-10-13,173833000.0,175337000.0,170778000.0,171680000.0,2243.15905637,6275000.0,6370000.0,6085000.0,6314000.0,68277.45701991,3821.0,3963.0,3805.0,3884.0,143497739.79159886,297500.0,311600.0,286800.0,310600.0,987449.47555547,1057.0,1095.0,1042.0,1086.0,43692615.05323721,314.0,324.0,304.0,319.0,652499591.6127923,34020.0,35840.0,32810.0,35450.0,1130447.60925279,4898.0,5125.0,4833.0,5030.0,1992045.06918308
2025-10-14,171695000.0,172444000.0,168000000.0,170070000.0,2556.34346069,6315000.0,6355000.0,5930000.0,6197000.0,104741.29268243,3885.0,3911.0,3667.0,3767.0,163229018.10757267,310700.0,314900.0,291000.0,304100.0,1093568.15682325,1086.0,1094.0,1012.0,1052.0,43143577.86499639,318.0,322.0,296.0,308.0,848809266.8885971,35450.0,35680.0,33260.0,34230.0,753654.06474146,5025.0,5070.0,4650.0,4889.0,2180155.82427583
2025-10-15,170109000.0,170740000.0,168001000.0,168539000.0,1724.32577247,6199000.0,6300000.0,6007000.0,6061000.0,52498.17303908,3767.0,3810.0,3650.0,3672.0,88962803.35612787,304200.0,312500.0,294500.0,295300.0,680257.76440047,1050.0,1071.0,1008.0,1019.0,25715139.61535207,307.0,313.0,298.0,299.0,434185258.8486646,34190.0,34860.0,32950.0,33350.0,376233.6926947,4889.0,4999.0,4736.0,4775.0,1100107.5058689
2025-10-16,168642000.0,170124000.0,164858000.0,165290000.0,2618.72985457,6066000.0,6178000.0,5889000.0,5955000.0,53288.36809392,3671.0,3725.0,3517.0,3562.0,130492600.60477543,295300.0,299500.0,280200.0,282800.0,724620.54186658,1018.0,1033.0,977.0,987.0,30269221.75544265,299.0,304.0,285.0,288.0,567104558.8354508,33350.0,33820.0,31600.0,32060.0,380254.63138164,4778.0,4844.0,4577.0,4616.0,1324605.54555716
2025-10-17,165291000.0,166565000.0,159671000.0,163639000.0,4263.22344629,5957000.0,6030000.0,5680000.0,5889000.0,91033.99740922,3561.0,3660.0,3372.0,3528.0,227890273.26271725,282800.0,286400.0,268700.0,280100.0,983407.87362974,987.0,1000.0,913.0,961.0,62671604.90318848,289.0,292.0,270.0,285.0,679257575.289913,32060.0,32440.0,29090.0,30700.0,749352.82413909,4612.0,4666.0,4240.0,4448.0,2476264.06936591
2025-10-18,163639000.0,164998000.0,162852000.0,163631000.0,926.13402213,5891000.0,5982000.0,5867000.0,5937000.0,20394.0983391,3527.0,3654.0,3521.0,3601.0,65907914.01102586,280000.0,286800.0,279500.0,286200.0,283716.88449721,961.0,979.0,956.0,969.0,14699958.98418458,285.0,291.0,283.0,290.0,212475568.28392103,30700.0,31100.0,30360.0,30840.0,211980.12261594,4443.0,4523.0,4432.0,4473.0,568326.47574058
2025-10-19,163631000.0,165996000.0,161250000.0,164806000.0,1399.97751435,5939000.0,6110000.0,5835000.0,6040000.0,37285.62765462,3602.0,3659.0,3520.0,3626.0,70200732.04169251,286200.0,290900.0,278500.0,285000.0,389840.13910074,969.0,1006.0,946.0,991.0,22176086.97888133,290.0,301.0,282.0,297.0,323951296.6859962,30860.0,31560.0,29990.0,31230.0,209612.79802373,4474.0,4626.0,4387.0,4564.0,882639.20791663
2025-10-20,164806000.0,167468000.0,163398000.0,165911000.0,1448.62619236,6040000.0,6136000.0,5906000.0,5973000.0,47795.02502884,3626.0,3816.0,3583.0,3740.0,94618322.96030262,285000.0,291900.0,279400.0,284600.0,473678.5060411,991.0,1015.0,973.0,995.0,26154646.73965998,296.0,304.0,291.0,300.0,316091675.63688415,31230.0,31900.0,30450.0,30520.0,576298.05456217,4564.0,4690.0,4490.0,4624.0,868146.24070217
2025-10-21,165911000.0,169336000.0,162011000.0,163400000.0,2420.85720656,5974000.0,6100000.0,5801000.0,5837000.0,64045.9147134,3740.0,3766.0,3620.0,3648.0,100120238.78721136,284400.0,293700.0,275700.0,279600.0,623277.68444862,994.0,1020.0,963.0,969.0,31068732.88941134,300.0,306.0,290.0,293.0,385526235.8723651,30530.0,31070.0,29370.0,29440.0,636935.20963418,4623.0,4737.0,4455.0,4529.0,1218880.69191732
2025-10-22,163400000.0,164406000.0,162500000.0,163153000.0,1291.51295714,5838000.0,5862000.0,5691000.0,5768000.0,48950.92214083,3648.0,3674.0,3550.0,3583.0,73570890.76534137,279700.0,282500.0,270000.0,273100.0,422616.01651314,969.0,975.0,930.0,946.0,24421392.26969186,293.0,295.0,283.0,288.0,295979752.7832692,29440.0,29760.0,28100.0,28780.0,437173.15669899,4528.0,4569.0,4333.0,4423.0,1053011.29085677
2025-10-23,163153000.0,166400000.0,163035000.0,165546000.0,1119.20412068,5768000.0,5895000.0,5746000.0,5804000.0,35561.42477091,3584.0,3638.0,3576.0,3600.0,46317514.97589472,273100.0,289500.0,272400.0,287900.0,456925.51915123,946.0,978.0,944.0,967.0,16474173.6627701,288.0,296.0,287.0,293.0,176441250.55512923,28790.0,29600.0,28520.0,28810.0,227109.59020202,4421.0,4541.0,4392.0,4507.0,790538.87311378
2025-10-24,165546000.0,167381000.0,164420000.0,165703000.0,1440.09487313,5806000.0,6000000.0,5790000.0,5869000.0,48986.53196054,3602.0,3754.0,3592.0,3742.0,88833474.09377578,287900.0,293500.0,283200.0,288800.0,503440.47632101,967.0,990.0,961.0,980.0,19037937.02746977,293.0,300.0,291.0,296.0,225195949.75633988,28810.0,29790.0,28650.0,29100.0,267813.10506639,4516.0,4665.0,4504.0,4594.0,782362.84130634
2025-10-25,165703000.0,166849000.0,165331000.0,166310000.0,515.28984273,5869000.0,5900000.0,5845000.0,5891000.0,16231.99731658,3744.0,3899.0,3735.0,3870.0,81993517.16592643,288800.0,291000.0,285700.0,288400.0,227354.61304018,980.0,986.0,968.0,973.0,13377672.62976425,296.0,299.0,292.0,294.0,123166629.27149309,29100.0,29380.0,28760.0,29310.0,195200.0630787,4594.0,4605.0,4527.0,4594.0,494198.42504685
2025-10-26,166330000.0,170000000.0,166104000.0,169514000.0,1297.92398941,5891000.0,6173000.0,5857000.0,6149000.0,45239.47008143,3870.0,3955.0,3859.0,3916.0,87404535.49936636,288400.0,298500.0,286600.0,296400.0,372302.57286311,973.0,1016.0,967.0,1008.0,20097835.92361076,294.0,306.0,291.0,305.0,277533475.8059565,29330.0,30990.0,28930.0,30820.0,349410.88229438,4594.0,4780.0,4564.0,4730.0,594800.47576434
2025-10-27,169514000.0,171500000.0,168793000.0,168980000.0,1539.67425404,6150000.0,6272000.0,6070000.0,6096000.0,55503.68803342,3916.0,3970.0,3845.0,3897.0,99216174.70482208,296400.0,303300.0,292800.0,294000.0,478170.47276477,1007.0,1025.0,985.0,988.0,27068483.98157791,305.0,310.0,296.0,297.0,304815308.1634995,30820.0,31150.0,29940.0,30080.0,373422.58969155,4728.0,4790.0,4610.0,4646.0,813685.28247815
2025-10-28,168980000.0,170859000.0,167550000.0,168263000.0,1268.51890121,6097000.0,6148000.0,5900000.0,5940000.0,45713.43765398,3896.0,3964.0,3845.0,3879.0,80322565.04897317,294000.0,301600.0,285000.0,289700.0,534657.39287283,987.0,996.0,951.0,963.0,32101006.82196325,296.0,299.0,285.0,290.0,301834094.0955254,30080.0,30350.0,28630.0,29040.0,358551.70012777,4646.0,4709.0,4473.0,4545.0,782300.23668266
2025-10-29,168263000.0,168401000.0,164000000.0,164617000.0,1947.2314325,5940000.0,5992000.0,5800000.0,5839000.0,43747.1097889,3879.0,3942.0,3790.0,3814.0,82985817.59663078,289500.0,297700.0,284900.0,290000.0,502257.69973623,962.0,981.0,940.0,957.0,28416069.33399262,289.0,294.0,281.0,287.0,332137358.0395171,29040.0,30110.0,28780.0,29360.0,296259.37443668,4545.0,4740.0,4511.0,4602.0,965219.2421549
2025-10-30,164597000.0,166201000.0,162000000.0,164258000.0,2160.38972862,5839000.0,5900000.0,5610000.0,5769000.0,58241.20624073,3813.0,3862.0,3623.0,3702.0,127440358.7152613,290000.0,295100.0,272300.0,280300.0,718087.99247628,956.0,967.0,894.0,914.0,41705827.44437795,288.0,290.0,269.0,277.0,532106639.66321975,29400.0,29780.0,26660.0,27490.0,536989.00823876,4602.0,4650.0,4235.0,4356.0,1762020.97643872
2025-10-31,164259000.0,166000000.0,163255000.0,164275000.0,1085.96360328,5770000.0,5843000.0,5715000.0,5768000.0,25536.92310258,3702.0,3811.0,3690.0,3759.0,58134128.56818649,280300.0,284000.0,277000.0,280400.0,309196.39806172,914.0,927.0,898.0,913.0,19207671.11935578,277.0,281.0,274.0,280.0,188579173.25714657,27480.0,27770.0,26720.0,27250.0,263859.27103887,4356.0,4398.0,4251.0,4320.0,760235.4344414
2025-11-01,164275000.0,164692000.0,163410000.0,164000000.0,394.93497609,5768000.0,5816000.0,5742000.0,5770000.0,11196.52480004,3761.0,3762.0,3695.0,3732.0,32789309.30844253,280400.0,280800.0,274400.0,277600.0,203105.39611705,913.0,922.0,903.0,913.0,12553001.64447912,280.0,280.0,276.0,279.0,98300647.27236176,27250.0,27910.0,27060.0,27880.0,173125.08680049,4320.0,4429.0,4293.0,4427.0,597682.68154339
2025-11-02,164001000.0,165139000.0,163300000.0,164129000.0,538.34171488,5771000.0,5814000.0,5720000.0,5798000.0,14722.82312102,3732.0,3793.0,3700.0,3747.0,37649158.65167606,277600.0,279500.0,272000.0,278600.0,225616.29344667,912.0,920.0,884.0,906.0,19339030.3810396,279.0,280.0,271.0,277.0,152000305.40815848,27900.0,28210.0,27010.0,27930.0,172647.11582482,4418.0,4479.0,4276.0,4424.0,825023.83651168
2025-11-03,164074000.0,164133000.0,158000000.0,158587000.0,3370.61616028,5792000.0,5800000.0,5305000.0,5363000.0,93796.31764493,3747.0,3753.0,3384.0,3442.0,188226553.26896134,278600.0,280300.0,244700.0,247400.0,1133294.00900395,905.0,908.0,810.0,824.0,60556943.13766061,276.0,277.0,245.0,250.0,624694300.4957,27950.0,28040.0,24500.0,24810.0,754639.26764015,4427.0,4436.0,3780.0,3849.0,3892334.60232834
2025-11-04,158589000.0,161128000.0,147651000.0,152873000.0,6623.28166665,5368000.0,5485000.0,4582000.0,4954000.0,189633.41346489,3442.0,3540.0,3100.0,3323.0,316195152.20967156,247300.0,252700.0,218600.0,233700.0,1561672.54037225,824.0,842.0,735.0,786.0,74245221.79622708,250.0,256.0,227.0,245.0,792285790.5865799,24810.0,25480.0,22500.0,24070.0,782217.19626025,3849.0,3985.0,3510.0,3777.0,3151653.37375816
2025-11-05,152873000.0,156324000.0,146679000.0,156008000.0,4638.82222413,4954000.0,5199000.0,4693000.0,5135000.0,115891.14339255,3324.0,3549.0,3116.0,3512.0,226663013.54580405,233700.0,244900.0,218600.0,243500.0,1005008.04005428,786.0,821.0,734.0,819.0,46753476.33409209,245.0,252.0,229.0,251.0,513496828.6897908,24060.0,25350.0,22660.0,24900.0,564413.72787392,3774.0,4006.0,3539.0,4001.0,1626101.44764202
2025-11-06,156008000.0,156126000.0,150500000.0,151401000.0,1828.65611327,5136000.0,5160000.0,4862000.0,4957000.0,48704.2918419,3512.0,3600.0,3266.0,3309.0,137710168.67051798,243400.0,243600.0,229900.0,232000.0,480455.23315551,818.0,819.0,776.0,795.0,22550954.6801618,251.0,251.0,235.0,242.0,272738020.08483386,24930.0,24930.0,23370.0,24070.0,269327.94702061,3999.0,4010.0,3797.0,3980.0,757042.58246063
2025-11-07,151412000.0,154961000.0,148831000.0,153850000.0,2342.63161192,4957000.0,5174000.0,4800000.0,5112000.0,65075.33970918,3309.0,3530.0,3230.0,3445.0,156787436.3056346,231900.0,245000.0,225000.0,241000.0,717791.08788516,795.0,874.0,780.0,858.0,43062138.39450932,242.0,271.0,240.0,266.0,450194167.0135551,24100.0,26890.0,24060.0,26420.0,568541.0440852,3978.0,4929.0,3977.0,4804.0,3478050.93898672
2025-11-08,153850000.0,154400000.0,151353000.0,152541000.0,879.04177043,5111000.0,5195000.0,5010000.0,5070000.0,28333.50989455,3445.0,3484.0,3350.0,3410.0,75866134.91948839,240800.0,245900.0,232800.0,235700.0,384056.35987049,858.0,884.0,827.0,848.0,26434988.06005065,267.0,274.0,258.0,263.0,250579816.24718946,26420.0,27470.0,25380.0,26080.0,410009.58901651,4804.0,5200.0,4584.0,4799.0,2822870.27359003
2025-11-09,152542000.0,156300000.0,151279000.0,155490000.0,1204.96625518,5070000.0,5360000.0,5006000.0,5320000.0,37507.35742626,3410.0,3543.0,3341.0,3510.0,82973694.41133699,235700.0,246700.0,231400.0,244300.0,381556.1768837,847.0,866.0,817.0,859.0,21422730.62065814,263.0,269.0,255.0,265.0,190850092.8426345,26100.0,26600.0,25060.0,26380.0,292630.97891737,4798.0,4883.0,4506.0,4768.0,1172867.86049464
2025-11-10,155490000.0,158330000.0,154922000.0,156797000.0,1825.40211546,5320000.0,5430000.0,5203000.0,5283000.0,59004.66212691,3508.0,3814.0,3484.0,3738.0,202279817.0225262,244300.0,252000.0,242000.0,247500.0,613520.54849237,858.0,893.0,852.0,878.0,40011716.16341758,266.0,275.0,263.0,269.0,369680107.4737942,26380.0,27140.0,26190.0,26930.0,390206.03288999,4775.0,4867.0,4620.0,4814.0,1137197.15531103
2025-11-11,156802000.0,159150000.0,153267000.0,154302000.0,1489.05390557,5284000.0,5401000.0,5092000.0,5120000.0,42734.85704364,3738.0,3804.0,3558.0,3584.0,119312826.22175631,247600.0,254900.0,231000.0,232200.0,589794.69676604,877.0,897.0,828.0,833.0,31465847.78724609,269.0,275.0,257.0,258.0,290593004.4223403,26980.0,27550.0,25400.0,25470.0,319012.22855377,4817.0,4985.0,4525.0,4530.0,1166389.51077009
2025-11-12,154302000.0,157200000.0,152000000.0,153300000.0,1370.69258931,5120000.0,5350000.0,5067000.0,5148000.0,42734.38639637,3585.0,3654.0,3490.0,3602.0,97076687.47012931,232200.0,240900.0,228100.0,231500.0,565928.65164784,833.0,866.0,812.0,824.0,23006008.7952752,258.0,266.0,252.0,256.0,236134093.2571632,25470.0,26480.0,25010.0,25380.0,234956.56115254,4540.0,4668.0,4319.0,4393.0,890851.36763913
2025-11-13,153300000.0,155271000.0,149000000.0,151306000.0,2615.18799842,5148000.0,5319000.0,4812000.0,4907000.0,84429.34948088,3602.0,3769.0,3479.0,3527.0,195826078.9712908,231200.0,234800.0,215100.0,219800.0,856177.7128734,823.0,853.0,785.0,804.0,32065069.397812,257.0,265.0,244.0,249.0,336638611.13560134,25380.0,26450.0,24090.0,24450.0,363763.55477721,4393.0,4530.0,4180.0,4300.0,860082.53479116
2025-11-14,151314000.0,151619000.0,142950000.0,143623000.0,6095.07370382,4907000.0,4935000.0,4640000.0,4728000.0,106773.19096437,3527.0,3543.0,3368.0,3411.0,192868759.38890266,219900.0,221000.0,205400.0,211200.0,1026700.10791097,803.0,806.0,749.0,758.0,46017559.43758392,249.0,252.0,236.0,240.0,434230213.4875863,24450.0,24480.0,22730.0,22970.0,524789.45141802,4294.0,4386.0,4125.0,4225.0,1224974.47836486
2025-11-15,143623000.0,146306000.0,143489000.0,144265000.0,1515.28574425,4728000.0,4869000.0,4727000.0,4786000.0,30136.03025587,3410.0,3486.0,3354.0,3378.0,75834400.6989671,211100.0,217900.0,209700.0,210900.0,292093.01465433,758.0,779.0,753.0,761.0,22196944.0252561,239.0,249.0,239.0,247.0,169925839.96780965,22970.0,23780.0,22940.0,23460.0,197941.36845281,4225.0,4414.0,4225.0,4249.0,363815.97796447
2025-11-16,144265000.0,144888000.0,138663000.0,140320000.0,3306.73095286,4786000.0,4876000.0,4500000.0,4613000.0,57987.78953557,3377.0,3421.0,3240.0,3302.0,129244191.05799179,210800.0,215100.0,201500.0,204400.0,550458.9537283,761.0,764.0,707.0,723.0,41749611.56296713,247.0,249.0,232.0,236.0,267826018.7643106,23450.0,23790.0,22020.0,22540.0,309478.49641573,4247.0,4317.0,4028.0,4122.0,694497.54489709
2025-11-17,140320000.0,142926000.0,137127000.0,137706000.0,3402.72907309,4613000.0,4799000.0,4461000.0,4528000.0,76494.83051268,3302.0,3431.0,3190.0,3235.0,148934533.5257782,204400.0,213200.0,194300.0,195900.0,827802.92851635,723.0,743.0,690.0,698.0,46396364.6728432,237.0,246.0,227.0,228.0,396746125.43902963,22550.0,23590.0,21510.0,21730.0,461200.77444062,4130.0,4246.0,3941.0,3959.0,955533.63669005
2025-11-18,137706000.0,139184000.0,132200000.0,137750000.0,6342.5202439,4528000.0,4695000.0,4386000.0,4627000.0,88826.65628278,3234.0,3317.0,3138.0,3284.0,181999752.18009758,195800.0,210700.0,192500.0,208400.0,949308.92416304,698.0,715.0,678.0,705.0,53873173.79343805,227.0,241.0,223.0,240.0,390587422.2135912,21730.0,22130.0,20900.0,21640.0,553521.6726633,3967.0,4136.0,3894.0,4071.0,1133524.52069791
2025-11-19,137750000.0,137807000.0,132449000.0,136500000.0,2862.63500623,4629000.0,4635000.0,4301000.0,4510000.0,83485.68975644,3285.0,3289.0,3026.0,3146.0,178174426.86823925,208300.0,211800.0,195400.0,204500.0,687346.54350402,705.0,708.0,657.0,692.0,38243271.89649425,239.0,241.0,220.0,231.0,374219081.40803856,21630.0,21790.0,20480.0,21280.0,382153.79648797,4078.0,4097.0,3825.0,3977.0,790685.57008179
2025-11-20,136500000.0,138621000.0,129800000.0,129896000.0,4303.83230626,4510000.0,4561000.0,4212000.0,4243000.0,87088.76132241,3145.0,3197.0,2980.0,2998.0,171763504.8513028,204400.0,215300.0,197200.0,200500.0,910828.11168334,692.0,702.0,646.0,649.0,42655119.96722505,231.0,238.0,220.0,224.0,392228567.9271304,21280.0,21640.0,20340.0,20680.0,380786.24717088,3977.0,4168.0,3761.0,3793.0,816306.33656204
2025-11-21,129896000.0,131000000.0,125015000.0,125200000.0,3350.14428838,4247000.0,4310000.0,4040000.0,4104000.0,63534.63036355,2997.0,3030.0,2854.0,2900.0,141437868.30251524,200400.0,202600.0,186500.0,191800.0,711497.71656442,649.0,657.0,595.0,618.0,39118518.09029156,224.0,226.0,207.0,212.0,354952646.545912,20690.0,20900.0,19310.0,19970.0,294146.23020867,3793.0,3852.0,3444.0,3621.0,927576.69705856
