date,makerdao_eth_tvl
2019-01-04 00:00:00+00:00,273845651
2019-01-05 00:00:00+00:00,288674544
2019-01-06 00:00:00+00:00,297321259
2019-01-07 00:00:00+00:00,286168221
2019-01-08 00:00:00+00:00,285073686
2019-01-09 00:00:00+00:00,278233166
2019-01-10 00:00:00+00:00,105898455
2019-01-11 00:00:00+00:00,244360898
2019-01-12 00:00:00+00:00,278791638
2019-01-13 00:00:00+00:00,245391943
2019-01-14 00:00:00+00:00,178407107
2019-01-15 00:00:00+00:00,249206208
2019-01-16 00:00:00+00:00,251319025
2019-01-17 00:00:00+00:00,254476809
2019-01-18 00:00:00+00:00,265692973
2019-01-19 00:00:00+00:00,232633384
2019-01-20 00:00:00+00:00,239565945
2019-01-21 00:00:00+00:00,236425378
2019-01-22 00:00:00+00:00,229107169
2019-01-23 00:00:00+00:00,223419377
2019-01-24 00:00:00+00:00,231128356
2019-01-25 00:00:00+00:00,229036911
2019-01-26 00:00:00+00:00,229350909
2019-01-27 00:00:00+00:00,232775186
2019-01-28 00:00:00+00:00,227553078
2019-01-29 00:00:00+00:00,99119725
2019-01-30 00:00:00+00:00,206497811
2019-01-31 00:00:00+00:00,210148472
2019-02-01 00:00:00+00:00,216195888
2019-02-02 00:00:00+00:00,214689445
2019-02-03 00:00:00+00:00,217434805
2019-02-04 00:00:00+00:00,217464838
2019-02-05 00:00:00+00:00,216797962
2019-02-06 00:00:00+00:00,218522363
2019-02-07 00:00:00+00:00,210990225
2019-02-08 00:00:00+00:00,216125664
2019-02-09 00:00:00+00:00,220896084
2019-02-10 00:00:00+00:00,246516060
2019-02-11 00:00:00+00:00,243147997
2019-02-12 00:00:00+00:00,249056274
2019-02-13 00:00:00+00:00,246891104
2019-02-14 00:00:00+00:00,252330117
2019-02-15 00:00:00+00:00,249014889
2019-02-16 00:00:00+00:00,252662176
2019-02-17 00:00:00+00:00,252503720
2019-02-18 00:00:00+00:00,264590109
2019-02-19 00:00:00+00:00,287766062
2019-02-20 00:00:00+00:00,306221522
2019-02-21 00:00:00+00:00,304548188
2019-02-22 00:00:00+00:00,302379099
2019-02-23 00:00:00+00:00,310103145
2019-02-24 00:00:00+00:00,310601424
2019-02-25 00:00:00+00:00,344705717
2019-02-26 00:00:00+00:00,291862956
2019-02-27 00:00:00+00:00,291068142
2019-02-28 00:00:00+00:00,294046143
2019-03-01 00:00:00+00:00,292040933
2019-03-02 00:00:00+00:00,296111729
2019-03-03 00:00:00+00:00,285473122
2019-03-04 00:00:00+00:00,287002415
2019-03-05 00:00:00+00:00,270936438
2019-03-06 00:00:00+00:00,276708574
2019-03-07 00:00:00+00:00,300290540
2019-03-08 00:00:00+00:00,302754391
2019-03-09 00:00:00+00:00,294649561
2019-03-10 00:00:00+00:00,305036738
2019-03-11 00:00:00+00:00,294082104
2019-03-12 00:00:00+00:00,291508947
2019-03-13 00:00:00+00:00,293239777
2019-03-14 00:00:00+00:00,287949170
2019-03-15 00:00:00+00:00,290717107
2019-03-16 00:00:00+00:00,296375880
2019-03-17 00:00:00+00:00,314660780
2019-03-18 00:00:00+00:00,314597923
2019-03-19 00:00:00+00:00,310599055
2019-03-20 00:00:00+00:00,307723121
2019-03-21 00:00:00+00:00,308074619
2019-03-22 00:00:00+00:00,305486486
2019-03-23 00:00:00+00:00,298000124
2019-03-24 00:00:00+00:00,299355874
2019-03-25 00:00:00+00:00,301064057
2019-03-26 00:00:00+00:00,295250525
2019-03-27 00:00:00+00:00,291362076
2019-03-28 00:00:00+00:00,306190288
2019-03-29 00:00:00+00:00,299266715
2019-03-30 00:00:00+00:00,307754976
2019-03-31 00:00:00+00:00,313300444
2019-04-01 00:00:00+00:00,310517949
2019-04-02 00:00:00+00:00,308151536
2019-04-03 00:00:00+00:00,336263593
2019-04-04 00:00:00+00:00,366829799
2019-04-05 00:00:00+00:00,352168339
2019-04-06 00:00:00+00:00,360427476
2019-04-07 00:00:00+00:00,359762073
2019-04-08 00:00:00+00:00,370316546
2019-04-09 00:00:00+00:00,389777636
2019-04-10 00:00:00+00:00,389689615
2019-04-11 00:00:00+00:00,397725873
2019-04-12 00:00:00+00:00,363504425
2019-04-13 00:00:00+00:00,363879857
2019-04-14 00:00:00+00:00,356169537
2019-04-15 00:00:00+00:00,356564060
2019-04-16 00:00:00+00:00,359978384
2019-04-17 00:00:00+00:00,349781355
2019-04-18 00:00:00+00:00,362216603
2019-04-19 00:00:00+00:00,367751489
2019-04-20 00:00:00+00:00,370528927
2019-04-21 00:00:00+00:00,363873891
2019-04-22 00:00:00+00:00,353841906
2019-04-23 00:00:00+00:00,361419880
2019-04-24 00:00:00+00:00,368961570
2019-04-25 00:00:00+00:00,345312753
2019-04-26 00:00:00+00:00,341653434
2019-04-27 00:00:00+00:00,324636100
2019-04-28 00:00:00+00:00,322142508
2019-04-29 00:00:00+00:00,326910738
2019-04-30 00:00:00+00:00,316208536
2019-05-01 00:00:00+00:00,330266902
2019-05-02 00:00:00+00:00,337903142
2019-05-03 00:00:00+00:00,330725454
2019-05-04 00:00:00+00:00,338211869
2019-05-05 00:00:00+00:00,333913390
2019-05-06 00:00:00+00:00,334871013
2019-05-07 00:00:00+00:00,334477830
2019-05-08 00:00:00+00:00,365783299
2019-05-09 00:00:00+00:00,345624122
2019-05-10 00:00:00+00:00,347011258
2019-05-11 00:00:00+00:00,342942900
2019-05-12 00:00:00+00:00,368678797
2019-05-13 00:00:00+00:00,374430300
2019-05-14 00:00:00+00:00,380020029
2019-05-15 00:00:00+00:00,405311092
2019-05-16 00:00:00+00:00,445689634
2019-05-17 00:00:00+00:00,449960367
2019-05-18 00:00:00+00:00,415545733
2019-05-19 00:00:00+00:00,426843604
2019-05-20 00:00:00+00:00,456198217
2019-05-21 00:00:00+00:00,445271008
2019-05-22 00:00:00+00:00,443650565
2019-05-23 00:00:00+00:00,443675488
2019-05-24 00:00:00+00:00,418188796
2019-05-25 00:00:00+00:00,444064522
2019-05-26 00:00:00+00:00,451283928
2019-05-27 00:00:00+00:00,432837347
2019-05-28 00:00:00+00:00,457895631
2019-05-29 00:00:00+00:00,443161246
2019-05-30 00:00:00+00:00,440208045
2019-05-31 00:00:00+00:00,460889453
2019-06-01 00:00:00+00:00,418065416
2019-06-02 00:00:00+00:00,442284043
2019-06-03 00:00:00+00:00,443397973
2019-06-04 00:00:00+00:00,432337549
2019-06-05 00:00:00+00:00,402844375
2019-06-06 00:00:00+00:00,403815131
2019-06-07 00:00:00+00:00,406761916
2019-06-08 00:00:00+00:00,409342419
2019-06-09 00:00:00+00:00,410415790
2019-06-10 00:00:00+00:00,401360284
2019-06-11 00:00:00+00:00,400410873
2019-06-12 00:00:00+00:00,394818791
2019-06-13 00:00:00+00:00,410335167
2019-06-14 00:00:00+00:00,422308648
2019-06-15 00:00:00+00:00,419465215
2019-06-16 00:00:00+00:00,429759407
2019-06-17 00:00:00+00:00,443207073
2019-06-18 00:00:00+00:00,445751775
2019-06-19 00:00:00+00:00,438027353
2019-06-20 00:00:00+00:00,436013887
2019-06-21 00:00:00+00:00,436952496
2019-06-22 00:00:00+00:00,470581244
2019-06-23 00:00:00+00:00,497501560
2019-06-24 00:00:00+00:00,495655481
2019-06-25 00:00:00+00:00,496046598
2019-06-26 00:00:00+00:00,489147945
2019-06-27 00:00:00+00:00,511626277
2019-06-28 00:00:00+00:00,475808626
2019-06-29 00:00:00+00:00,466399126
2019-06-30 00:00:00+00:00,462481827
2019-07-01 00:00:00+00:00,456268317
2019-07-02 00:00:00+00:00,449573211
2019-07-03 00:00:00+00:00,422752474
2019-07-04 00:00:00+00:00,446709587
2019-07-05 00:00:00+00:00,450396090
2019-07-06 00:00:00+00:00,446145178
2019-07-07 00:00:00+00:00,437338187
2019-07-08 00:00:00+00:00,443343259
2019-07-09 00:00:00+00:00,466967211
2019-07-10 00:00:00+00:00,470895366
2019-07-11 00:00:00+00:00,464515891
2019-07-12 00:00:00+00:00,415707720
2019-07-13 00:00:00+00:00,418931130
2019-07-14 00:00:00+00:00,402788805
2019-07-15 00:00:00+00:00,367200046
2019-07-16 00:00:00+00:00,363696330
2019-07-17 00:00:00+00:00,375940987
2019-07-18 00:00:00+00:00,352295628
2019-07-19 00:00:00+00:00,340124977
2019-07-20 00:00:00+00:00,335732017
2019-07-21 00:00:00+00:00,347864237
2019-07-22 00:00:00+00:00,379385819
2019-07-23 00:00:00+00:00,326654235
2019-07-24 00:00:00+00:00,299389606
2019-07-25 00:00:00+00:00,333327647
2019-07-26 00:00:00+00:00,307693133
2019-07-27 00:00:00+00:00,299751591
2019-07-28 00:00:00+00:00,285266012
2019-07-29 00:00:00+00:00,289864020
2019-07-30 00:00:00+00:00,289528268
2019-07-31 00:00:00+00:00,288660675
2019-08-01 00:00:00+00:00,293461759
2019-08-02 00:00:00+00:00,290558748
2019-08-03 00:00:00+00:00,298222787
2019-08-04 00:00:00+00:00,301847405
2019-08-05 00:00:00+00:00,297336305
2019-08-06 00:00:00+00:00,316363688
2019-08-07 00:00:00+00:00,300288667
2019-08-08 00:00:00+00:00,299278736
2019-08-09 00:00:00+00:00,296296933
2019-08-10 00:00:00+00:00,276635312
2019-08-11 00:00:00+00:00,272672339
2019-08-12 00:00:00+00:00,281663708
2019-08-13 00:00:00+00:00,282282671
2019-08-14 00:00:00+00:00,285695239
2019-08-15 00:00:00+00:00,280685032
2019-08-16 00:00:00+00:00,259369986
2019-08-17 00:00:00+00:00,259186355
2019-08-18 00:00:00+00:00,260035919
2019-08-19 00:00:00+00:00,264679704
2019-08-20 00:00:00+00:00,282675119
2019-08-21 00:00:00+00:00,275883048
2019-08-22 00:00:00+00:00,263283036
2019-08-23 00:00:00+00:00,260211043
2019-08-24 00:00:00+00:00,264767481
2019-08-25 00:00:00+00:00,263127927
2019-08-26 00:00:00+00:00,264998607
2019-08-27 00:00:00+00:00,265441274
2019-08-28 00:00:00+00:00,261131464
2019-08-29 00:00:00+00:00,265585269
2019-08-30 00:00:00+00:00,241709611
2019-08-31 00:00:00+00:00,242611108
2019-09-01 00:00:00+00:00,240151595
2019-09-02 00:00:00+00:00,242634046
2019-09-03 00:00:00+00:00,244596461
2019-09-04 00:00:00+00:00,252798775
2019-09-05 00:00:00+00:00,253527052
2019-09-06 00:00:00+00:00,244956890
2019-09-07 00:00:00+00:00,253180435
2019-09-08 00:00:00+00:00,243878047
2019-09-09 00:00:00+00:00,258090735
2019-09-10 00:00:00+00:00,263840576
2019-09-11 00:00:00+00:00,260842390
2019-09-12 00:00:00+00:00,258386460
2019-09-13 00:00:00+00:00,257656934
2019-09-14 00:00:00+00:00,258057393
2019-09-15 00:00:00+00:00,261561235
2019-09-16 00:00:00+00:00,285460750
2019-09-17 00:00:00+00:00,294041573
2019-09-18 00:00:00+00:00,301485525
2019-09-19 00:00:00+00:00,321203520
2019-09-20 00:00:00+00:00,313821343
2019-09-21 00:00:00+00:00,329883850
2019-09-22 00:00:00+00:00,327796890
2019-09-23 00:00:00+00:00,319217707
2019-09-24 00:00:00+00:00,317849967
2019-09-25 00:00:00+00:00,295983405
2019-09-26 00:00:00+00:00,249647313
2019-09-27 00:00:00+00:00,259172010
2019-09-28 00:00:00+00:00,252430435
2019-09-29 00:00:00+00:00,265273419
2019-09-30 00:00:00+00:00,259152760
2019-10-01 00:00:00+00:00,265888030
2019-10-02 00:00:00+00:00,276995917
2019-10-03 00:00:00+00:00,272758838
2019-10-04 00:00:00+00:00,269556328
2019-10-05 00:00:00+00:00,268161701
2019-10-06 00:00:00+00:00,267149020
2019-10-07 00:00:00+00:00,267452056
2019-10-08 00:00:00+00:00,269671918
2019-10-09 00:00:00+00:00,279112200
2019-10-10 00:00:00+00:00,287981152
2019-10-11 00:00:00+00:00,297553981
2019-10-12 00:00:00+00:00,287773252
2019-10-13 00:00:00+00:00,286269991
2019-10-14 00:00:00+00:00,285156488
2019-10-15 00:00:00+00:00,283938085
2019-10-16 00:00:00+00:00,287211943
2019-10-17 00:00:00+00:00,275267096
2019-10-18 00:00:00+00:00,274866083
2019-10-19 00:00:00+00:00,269419722
2019-10-20 00:00:00+00:00,271220330
2019-10-21 00:00:00+00:00,267970563
2019-10-22 00:00:00+00:00,275796614
2019-10-23 00:00:00+00:00,272040573
2019-10-24 00:00:00+00:00,285911141
2019-10-25 00:00:00+00:00,266833143
2019-10-26 00:00:00+00:00,281364186
2019-10-27 00:00:00+00:00,305649389
2019-10-28 00:00:00+00:00,330407226
2019-10-29 00:00:00+00:00,337225093
2019-10-30 00:00:00+00:00,349338336
2019-10-31 00:00:00+00:00,334565766
2019-11-01 00:00:00+00:00,308796617
2019-11-02 00:00:00+00:00,307951827
2019-11-03 00:00:00+00:00,310136679
2019-11-04 00:00:00+00:00,310071822
2019-11-05 00:00:00+00:00,349456757
2019-11-06 00:00:00+00:00,350406693
2019-11-07 00:00:00+00:00,348181692
2019-11-08 00:00:00+00:00,338777931
2019-11-09 00:00:00+00:00,353452143
2019-11-10 00:00:00+00:00,353001007
2019-11-11 00:00:00+00:00,345017518
2019-11-12 00:00:00+00:00,356303061
2019-11-13 00:00:00+00:00,365155872
2019-11-14 00:00:00+00:00,360919825
2019-11-15 00:00:00+00:00,355448848
2019-11-16 00:00:00+00:00,352766221
2019-11-17 00:00:00+00:00,342189804
2019-11-18 00:00:00+00:00,351687722
2019-11-19 00:00:00+00:00,350395807
2019-11-20 00:00:00+00:00,335604726
2019-11-21 00:00:00+00:00,338167221
2019-11-22 00:00:00+00:00,338702756
2019-11-23 00:00:00+00:00,305324942
2019-11-24 00:00:00+00:00,306518996
2019-11-25 00:00:00+00:00,309176698
2019-11-26 00:00:00+00:00,304655001
2019-11-27 00:00:00+00:00,315470718
2019-11-28 00:00:00+00:00,314343266
2019-11-29 00:00:00+00:00,320635077
2019-11-30 00:00:00+00:00,321797642
2019-12-01 00:00:00+00:00,322867188
2019-12-02 00:00:00+00:00,311753397
2019-12-03 00:00:00+00:00,318087935
2019-12-04 00:00:00+00:00,313835499
2019-12-05 00:00:00+00:00,312524674
2019-12-06 00:00:00+00:00,315907186
2019-12-07 00:00:00+00:00,314978161
2019-12-08 00:00:00+00:00,322867237
2019-12-09 00:00:00+00:00,323112233
2019-12-10 00:00:00+00:00,327317025
2019-12-11 00:00:00+00:00,319727867
2019-12-12 00:00:00+00:00,316868676
2019-12-13 00:00:00+00:00,315277507
2019-12-14 00:00:00+00:00,315155863
2019-12-15 00:00:00+00:00,312569437
2019-12-16 00:00:00+00:00,320130091
2019-12-17 00:00:00+00:00,319178767
2019-12-18 00:00:00+00:00,304157659
2019-12-19 00:00:00+00:00,280609764
2019-12-20 00:00:00+00:00,298737882
2019-12-21 00:00:00+00:00,300678704
2019-12-22 00:00:00+00:00,300868120
2019-12-23 00:00:00+00:00,305633691
2019-12-24 00:00:00+00:00,312459994
2019-12-25 00:00:00+00:00,300647361
2019-12-26 00:00:00+00:00,292827367
2019-12-27 00:00:00+00:00,292230785
2019-12-28 00:00:00+00:00,287970670
2019-12-29 00:00:00+00:00,299252237
2019-12-30 00:00:00+00:00,304837436
2019-12-31 00:00:00+00:00,314326635
2020-01-01 00:00:00+00:00,312539371
2020-01-02 00:00:00+00:00,312599055
2020-01-03 00:00:00+00:00,309699272
2020-01-04 00:00:00+00:00,318059064
2020-01-05 00:00:00+00:00,320249784
2020-01-06 00:00:00+00:00,326278232
2020-01-07 00:00:00+00:00,342140640
2020-01-08 00:00:00+00:00,347974558
2020-01-09 00:00:00+00:00,369404635
2020-01-10 00:00:00+00:00,337898260
2020-01-11 00:00:00+00:00,339120288
2020-01-12 00:00:00+00:00,369961913
2020-01-13 00:00:00+00:00,353190860
2020-01-14 00:00:00+00:00,352247379
2020-01-15 00:00:00+00:00,373971491
2020-01-16 00:00:00+00:00,412282805
2020-01-17 00:00:00+00:00,406336352
2020-01-18 00:00:00+00:00,427611785
2020-01-19 00:00:00+00:00,419404519
2020-01-20 00:00:00+00:00,415864244
2020-01-21 00:00:00+00:00,405275932
2020-01-22 00:00:00+00:00,428256600
2020-01-23 00:00:00+00:00,420815196
2020-01-24 00:00:00+00:00,411310305
2020-01-25 00:00:00+00:00,410787246
2020-01-26 00:00:00+00:00,412297546
2020-01-27 00:00:00+00:00,410806499
2020-01-28 00:00:00+00:00,427910766
2020-01-29 00:00:00+00:00,439942255
2020-01-30 00:00:00+00:00,453390276
2020-01-31 00:00:00+00:00,453879841
2020-02-01 00:00:00+00:00,461105759
2020-02-02 00:00:00+00:00,463879921
2020-02-03 00:00:00+00:00,478696345
2020-02-04 00:00:00+00:00,472550737
2020-02-05 00:00:00+00:00,466271889
2020-02-06 00:00:00+00:00,491700648
2020-02-07 00:00:00+00:00,521704552
2020-02-08 00:00:00+00:00,541192400
2020-02-09 00:00:00+00:00,555325758
2020-02-10 00:00:00+00:00,559119381
2020-02-11 00:00:00+00:00,533948967
2020-02-12 00:00:00+00:00,546262953
2020-02-13 00:00:00+00:00,620800831
2020-02-14 00:00:00+00:00,634520365
2020-02-15 00:00:00+00:00,658761647
2020-02-16 00:00:00+00:00,673819595
2020-02-17 00:00:00+00:00,639658790
2020-02-18 00:00:00+00:00,589350657
2020-02-19 00:00:00+00:00,619797486
2020-02-20 00:00:00+00:00,584667917
2020-02-21 00:00:00+00:00,515291084
2020-02-22 00:00:00+00:00,530818003
2020-02-23 00:00:00+00:00,533431572
2020-02-24 00:00:00+00:00,553144368
2020-02-25 00:00:00+00:00,559673214
2020-02-26 00:00:00+00:00,545385671
2020-02-27 00:00:00+00:00,494810808
2020-02-28 00:00:00+00:00,486923408
2020-02-29 00:00:00+00:00,461749793
2020-03-01 00:00:00+00:00,478554511
2020-03-02 00:00:00+00:00,469982716
2020-03-03 00:00:00+00:00,465955365
2020-03-04 00:00:00+00:00,480748807
2020-03-05 00:00:00+00:00,465449641
2020-03-06 00:00:00+00:00,486497890
2020-03-07 00:00:00+00:00,506663847
2020-03-08 00:00:00+00:00,522161132
2020-03-09 00:00:00+00:00,495174816
2020-03-10 00:00:00+00:00,460646284
2020-03-11 00:00:00+00:00,454474731
2020-03-12 00:00:00+00:00,441374880
2020-03-13 00:00:00+00:00,331500983
2020-03-14 00:00:00+00:00,299372072
2020-03-15 00:00:00+00:00,289237668
2020-03-16 00:00:00+00:00,283871789
2020-03-17 00:00:00+00:00,245803587
2020-03-18 00:00:00+00:00,257821912
2020-03-19 00:00:00+00:00,252045666
2020-03-20 00:00:00+00:00,276571287
2020-03-21 00:00:00+00:00,316774070
2020-03-22 00:00:00+00:00,292313588
2020-03-23 00:00:00+00:00,283041788
2020-03-24 00:00:00+00:00,277368017
2020-03-25 00:00:00+00:00,306622301
2020-03-26 00:00:00+00:00,297475436
2020-03-27 00:00:00+00:00,301696558
2020-03-28 00:00:00+00:00,302503959
2020-03-29 00:00:00+00:00,290508621
2020-03-30 00:00:00+00:00,293803131
2020-03-31 00:00:00+00:00,303983274
2020-04-01 00:00:00+00:00,302693350
2020-04-02 00:00:00+00:00,302033802
2020-04-03 00:00:00+00:00,315976203
2020-04-04 00:00:00+00:00,330746854
2020-04-05 00:00:00+00:00,322582396
2020-04-06 00:00:00+00:00,326809527
2020-04-07 00:00:00+00:00,337673732
2020-04-08 00:00:00+00:00,361112964
2020-04-09 00:00:00+00:00,343956443
2020-04-10 00:00:00+00:00,349274704
2020-04-11 00:00:00+00:00,329594569
2020-04-12 00:00:00+00:00,329837902
2020-04-13 00:00:00+00:00,328808647
2020-04-14 00:00:00+00:00,321470344
2020-04-15 00:00:00+00:00,326372138
2020-04-16 00:00:00+00:00,327259209
2020-04-17 00:00:00+00:00,352201526
2020-04-18 00:00:00+00:00,354206698
2020-04-19 00:00:00+00:00,362827968
2020-04-20 00:00:00+00:00,393959607
2020-04-21 00:00:00+00:00,387672972
2020-04-22 00:00:00+00:00,370972559
2020-04-23 00:00:00+00:00,382434984
2020-04-24 00:00:00+00:00,393337609
2020-04-25 00:00:00+00:00,409664339
2020-04-26 00:00:00+00:00,424628494
2020-04-27 00:00:00+00:00,430198281
2020-04-28 00:00:00+00:00,423680138
2020-04-29 00:00:00+00:00,423800300
2020-04-30 00:00:00+00:00,453511911
2020-05-01 00:00:00+00:00,448784625
2020-05-02 00:00:00+00:00,450502659
2020-05-03 00:00:00+00:00,457084778
2020-05-04 00:00:00+00:00,464193999
2020-05-05 00:00:00+00:00,439758990
2020-05-06 00:00:00+00:00,449406311
2020-05-07 00:00:00+00:00,466004980
2020-05-08 00:00:00+00:00,451466551
2020-05-09 00:00:00+00:00,464786012
2020-05-10 00:00:00+00:00,464739714
2020-05-11 00:00:00+00:00,426320483
2020-05-12 00:00:00+00:00,412280908
2020-05-13 00:00:00+00:00,405354818
2020-05-14 00:00:00+00:00,394619679
2020-05-15 00:00:00+00:00,417249294
2020-05-16 00:00:00+00:00,411793135
2020-05-17 00:00:00+00:00,411135287
2020-05-18 00:00:00+00:00,415700756
2020-05-19 00:00:00+00:00,438632484
2020-05-20 00:00:00+00:00,439262330
2020-05-21 00:00:00+00:00,451850222
2020-05-22 00:00:00+00:00,438169756
2020-05-23 00:00:00+00:00,444247643
2020-05-24 00:00:00+00:00,448903232
2020-05-25 00:00:00+00:00,445970959
2020-05-26 00:00:00+00:00,436939771
2020-05-27 00:00:00+00:00,436030579
2020-05-28 00:00:00+00:00,446544131
2020-05-29 00:00:00+00:00,448668896
2020-05-30 00:00:00+00:00,474075958
2020-05-31 00:00:00+00:00,503552611
2020-06-01 00:00:00+00:00,515599920
2020-06-02 00:00:00+00:00,501521452
2020-06-03 00:00:00+00:00,538301007
2020-06-04 00:00:00+00:00,512482274
2020-06-05 00:00:00+00:00,516341395
2020-06-06 00:00:00+00:00,515252870
2020-06-07 00:00:00+00:00,518190155
2020-06-08 00:00:00+00:00,510644093
2020-06-09 00:00:00+00:00,517402687
2020-06-10 00:00:00+00:00,483692559
2020-06-11 00:00:00+00:00,482603397
2020-06-12 00:00:00+00:00,523449596
2020-06-13 00:00:00+00:00,506985771
2020-06-14 00:00:00+00:00,502074792
2020-06-15 00:00:00+00:00,484425913
2020-06-16 00:00:00+00:00,455622656
2020-06-17 00:00:00+00:00,477359476
2020-06-18 00:00:00+00:00,479198135
2020-06-19 00:00:00+00:00,481292090
2020-06-20 00:00:00+00:00,481167465
2020-06-21 00:00:00+00:00,458157974
2020-06-22 00:00:00+00:00,419540631
2020-06-23 00:00:00+00:00,444038516
2020-06-24 00:00:00+00:00,453142518
2020-06-25 00:00:00+00:00,446855695
2020-06-26 00:00:00+00:00,441345256
2020-06-27 00:00:00+00:00,436273869
2020-06-28 00:00:00+00:00,439121733
2020-06-29 00:00:00+00:00,424855482
2020-06-30 00:00:00+00:00,422698336
2020-07-01 00:00:00+00:00,428063486
2020-07-02 00:00:00+00:00,448661260
2020-07-03 00:00:00+00:00,457608172
2020-07-04 00:00:00+00:00,478151463
2020-07-05 00:00:00+00:00,492129578
2020-07-06 00:00:00+00:00,491621876
2020-07-07 00:00:00+00:00,515037565
2020-07-08 00:00:00+00:00,537423509
2020-07-09 00:00:00+00:00,551673850
2020-07-10 00:00:00+00:00,556754564
2020-07-11 00:00:00+00:00,543534363
2020-07-12 00:00:00+00:00,557055279
2020-07-13 00:00:00+00:00,546746426
2020-07-14 00:00:00+00:00,560747398
2020-07-15 00:00:00+00:00,547750731
2020-07-16 00:00:00+00:00,546115203
2020-07-17 00:00:00+00:00,535211632
2020-07-18 00:00:00+00:00,550290845
2020-07-19 00:00:00+00:00,558767303
2020-07-20 00:00:00+00:00,579250031
2020-07-21 00:00:00+00:00,583875555
2020-07-22 00:00:00+00:00,600926369
2020-07-23 00:00:00+00:00,615171349
2020-07-24 00:00:00+00:00,705815458
2020-07-25 00:00:00+00:00,759435474
2020-07-26 00:00:00+00:00,751066408
2020-07-27 00:00:00+00:00,829753111
2020-07-28 00:00:00+00:00,871620549
2020-07-29 00:00:00+00:00,862425179
2020-07-30 00:00:00+00:00,913959100
2020-07-31 00:00:00+00:00,918144848
2020-08-01 00:00:00+00:00,1026901743
2020-08-02 00:00:00+00:00,1049234332
2020-08-03 00:00:00+00:00,1061675824
2020-08-04 00:00:00+00:00,1139845494
2020-08-05 00:00:00+00:00,1123912148
2020-08-06 00:00:00+00:00,1162086977
2020-08-07 00:00:00+00:00,1125507000
2020-08-08 00:00:00+00:00,1133544032
2020-08-09 00:00:00+00:00,1124234268
2020-08-10 00:00:00+00:00,1126434499
2020-08-11 00:00:00+00:00,1192884001
2020-08-12 00:00:00+00:00,1204203565
2020-08-13 00:00:00+00:00,1170812729
2020-08-14 00:00:00+00:00,1214878351
2020-08-15 00:00:00+00:00,1275155476
2020-08-16 00:00:00+00:00,1289377993
2020-08-17 00:00:00+00:00,1245411067
2020-08-18 00:00:00+00:00,1279659995
2020-08-19 00:00:00+00:00,1286658889
2020-08-20 00:00:00+00:00,1233800841
2020-08-21 00:00:00+00:00,1237280796
2020-08-22 00:00:00+00:00,1234540129
2020-08-23 00:00:00+00:00,1201726248
2020-08-24 00:00:00+00:00,1184714647
2020-08-25 00:00:00+00:00,1255232828
2020-08-26 00:00:00+00:00,1224653928
2020-08-27 00:00:00+00:00,1188023803
2020-08-28 00:00:00+00:00,1187188147
2020-08-29 00:00:00+00:00,1218496504
2020-08-30 00:00:00+00:00,1212543262
2020-08-31 00:00:00+00:00,1224738190
2020-09-01 00:00:00+00:00,1297105387
2020-09-02 00:00:00+00:00,1322633031
2020-09-03 00:00:00+00:00,1363147499
2020-09-04 00:00:00+00:00,1399350241
2020-09-05 00:00:00+00:00,1279724102
2020-09-06 00:00:00+00:00,1180526593
2020-09-07 00:00:00+00:00,1142500946
2020-09-08 00:00:00+00:00,1097768152
2020-09-09 00:00:00+00:00,1090795204
2020-09-10 00:00:00+00:00,1126596751
2020-09-11 00:00:00+00:00,1216577801
2020-09-12 00:00:00+00:00,1207703318
2020-09-13 00:00:00+00:00,1238820424
2020-09-14 00:00:00+00:00,1245102546
2020-09-15 00:00:00+00:00,1307389511
2020-09-16 00:00:00+00:00,1414860036
2020-09-17 00:00:00+00:00,1330840206
2020-09-18 00:00:00+00:00,1431907917
2020-09-19 00:00:00+00:00,1521281286
2020-09-20 00:00:00+00:00,1613862159
2020-09-21 00:00:00+00:00,1616223433
2020-09-22 00:00:00+00:00,1557847762
2020-09-23 00:00:00+00:00,1545023680
2020-09-24 00:00:00+00:00,1591061725
2020-09-25 00:00:00+00:00,1588580429
2020-09-26 00:00:00+00:00,1621958667
2020-09-27 00:00:00+00:00,1653453785
2020-09-28 00:00:00+00:00,1648371164
2020-09-29 00:00:00+00:00,1660560804
2020-09-30 00:00:00+00:00,1646430006
2020-10-01 00:00:00+00:00,1626461725
2020-10-02 00:00:00+00:00,1628168640
2020-10-03 00:00:00+00:00,1549674539
2020-10-04 00:00:00+00:00,1574121056
2020-10-05 00:00:00+00:00,1566494488
2020-10-06 00:00:00+00:00,1572195910
2020-10-07 00:00:00+00:00,1567823745
2020-10-08 00:00:00+00:00,1536658767
2020-10-09 00:00:00+00:00,1529021236
2020-10-10 00:00:00+00:00,1608672852
2020-10-11 00:00:00+00:00,1649731637
2020-10-12 00:00:00+00:00,1667479282
2020-10-13 00:00:00+00:00,1649974548
2020-10-14 00:00:00+00:00,1707300405
2020-10-15 00:00:00+00:00,1684531983
2020-10-16 00:00:00+00:00,1659075461
2020-10-17 00:00:00+00:00,1649007281
2020-10-18 00:00:00+00:00,1645019774
2020-10-19 00:00:00+00:00,1659523568
2020-10-20 00:00:00+00:00,1678472433
2020-10-21 00:00:00+00:00,1671221421
2020-10-22 00:00:00+00:00,1738586183
2020-10-23 00:00:00+00:00,1780297496
2020-10-24 00:00:00+00:00,1812736905
2020-10-25 00:00:00+00:00,1805740479
2020-10-26 00:00:00+00:00,1787157828
2020-10-27 00:00:00+00:00,1781335247
2020-10-28 00:00:00+00:00,1785787238
2020-10-29 00:00:00+00:00,1737191736
2020-10-30 00:00:00+00:00,1729212154
2020-10-31 00:00:00+00:00,1684870911
2020-11-01 00:00:00+00:00,1725290173
2020-11-02 00:00:00+00:00,1722800393
2020-11-03 00:00:00+00:00,1718920903
2020-11-04 00:00:00+00:00,1710854542
2020-11-05 00:00:00+00:00,1705202501
2020-11-06 00:00:00+00:00,1775036183
2020-11-07 00:00:00+00:00,1881854085
2020-11-08 00:00:00+00:00,1889865057
2020-11-09 00:00:00+00:00,1847872093
2020-11-10 00:00:00+00:00,1886405976
2020-11-11 00:00:00+00:00,1852802857
2020-11-12 00:00:00+00:00,1958847150
2020-11-13 00:00:00+00:00,1974962549
2020-11-14 00:00:00+00:00,2011746455
2020-11-15 00:00:00+00:00,1991331147
2020-11-16 00:00:00+00:00,1996618460
2020-11-17 00:00:00+00:00,1995012055
2020-11-18 00:00:00+00:00,2038260378
2020-11-19 00:00:00+00:00,2072530333
2020-11-20 00:00:00+00:00,2035356793
2020-11-21 00:00:00+00:00,2147313914
2020-11-22 00:00:00+00:00,2182168398
2020-11-23 00:00:00+00:00,2201845867
2020-11-24 00:00:00+00:00,2381975351
2020-11-25 00:00:00+00:00,2406904846
2020-11-26 00:00:00+00:00,2414599901
2020-11-27 00:00:00+00:00,2164712865
2020-11-28 00:00:00+00:00,2108736341
2020-11-29 00:00:00+00:00,2142911689
2020-11-30 00:00:00+00:00,2274518760
2020-12-01 00:00:00+00:00,2416127086
2020-12-02 00:00:00+00:00,2467049968
2020-12-03 00:00:00+00:00,2417312856
2020-12-04 00:00:00+00:00,2467753021
2020-12-05 00:00:00+00:00,2372481322
2020-12-06 00:00:00+00:00,2397419045
2020-12-07 00:00:00+00:00,2406887817
2020-12-08 00:00:00+00:00,2403182833
2020-12-09 00:00:00+00:00,2340687731
2020-12-10 00:00:00+00:00,2304965276
2020-12-11 00:00:00+00:00,2274378035
2020-12-12 00:00:00+00:00,2196013716
2020-12-13 00:00:00+00:00,2290251460
2020-12-14 00:00:00+00:00,2365081637
2020-12-15 00:00:00+00:00,2340464514
2020-12-16 00:00:00+00:00,2371212618
2020-12-17 00:00:00+00:00,2417839169
2020-12-18 00:00:00+00:00,2635167095
2020-12-19 00:00:00+00:00,2591981834
2020-12-20 00:00:00+00:00,2606847493
2020-12-21 00:00:00+00:00,2569295712
2020-12-22 00:00:00+00:00,2446120439
2020-12-23 00:00:00+00:00,2463407094
2020-12-24 00:00:00+00:00,2441393706
2020-12-25 00:00:00+00:00,2360728470
2020-12-26 00:00:00+00:00,2502081937
2020-12-27 00:00:00+00:00,2500425927
2020-12-28 00:00:00+00:00,2490063780
2020-12-29 00:00:00+00:00,2802601680
2020-12-30 00:00:00+00:00,2807860494
2020-12-31 00:00:00+00:00,2793237930
2021-01-01 00:00:00+00:00,2875568936
2021-01-02 00:00:00+00:00,2879340461
2021-01-03 00:00:00+00:00,2843505325
2021-01-04 00:00:00+00:00,3179319265
2021-01-05 00:00:00+00:00,3607812183
2021-01-06 00:00:00+00:00,3823994428
2021-01-07 00:00:00+00:00,4061676071
2021-01-08 00:00:00+00:00,4240287282
2021-01-09 00:00:00+00:00,4406717477
2021-01-10 00:00:00+00:00,4295866838
2021-01-11 00:00:00+00:00,4505109331
2021-01-12 00:00:00+00:00,3833718987
2021-01-13 00:00:00+00:00,3910376449
2021-01-14 00:00:00+00:00,3744174150
2021-01-15 00:00:00+00:00,4082842279
2021-01-16 00:00:00+00:00,4036493157
2021-01-17 00:00:00+00:00,4107743834
2021-01-18 00:00:00+00:00,4146577154
2021-01-19 00:00:00+00:00,4294925818
2021-01-20 00:00:00+00:00,4686112784
2021-01-21 00:00:00+00:00,4315328290
2021-01-22 00:00:00+00:00,4060855877
2021-01-23 00:00:00+00:00,4160841819
2021-01-24 00:00:00+00:00,4232229942
2021-01-25 00:00:00+00:00,4580541377
2021-01-26 00:00:00+00:00,4844319221
2021-01-27 00:00:00+00:00,4554423003
2021-01-28 00:00:00+00:00,4496026907
2021-01-29 00:00:00+00:00,4641957740
2021-01-30 00:00:00+00:00,5059014527
2021-01-31 00:00:00+00:00,4833263998
2021-02-01 00:00:00+00:00,4864571186
2021-02-02 00:00:00+00:00,4843357951
2021-02-03 00:00:00+00:00,5169123297
2021-02-04 00:00:00+00:00,5565804866
2021-02-05 00:00:00+00:00,5813156525
2021-02-06 00:00:00+00:00,6054768484
2021-02-07 00:00:00+00:00,6165897262
2021-02-08 00:00:00+00:00,5840660730
2021-02-09 00:00:00+00:00,6001128473
2021-02-10 00:00:00+00:00,6501223232
2021-02-11 00:00:00+00:00,6551435575
2021-02-12 00:00:00+00:00,6626224280
2021-02-13 00:00:00+00:00,6643984424
2021-02-14 00:00:00+00:00,6665737272
2021-02-15 00:00:00+00:00,6795068177
2021-02-16 00:00:00+00:00,6652975202
2021-02-17 00:00:00+00:00,6772587080
2021-02-18 00:00:00+00:00,6773200882
2021-02-19 00:00:00+00:00,7062096890
2021-02-20 00:00:00+00:00,7205820669
2021-02-21 00:00:00+00:00,7603842820
2021-02-22 00:00:00+00:00,7425268603
2021-02-23 00:00:00+00:00,6805913255
2021-02-24 00:00:00+00:00,5817597755
2021-02-25 00:00:00+00:00,6654172119
2021-02-26 00:00:00+00:00,6459512873
2021-02-27 00:00:00+00:00,6055342550
2021-02-28 00:00:00+00:00,5997627653
2021-03-01 00:00:00+00:00,5748918427
2021-03-02 00:00:00+00:00,6310862597
2021-03-03 00:00:00+00:00,6509774713
2021-03-04 00:00:00+00:00,6624098339
2021-03-05 00:00:00+00:00,6532288970
2021-03-06 00:00:00+00:00,6226289042
2021-03-07 00:00:00+00:00,6446702911
2021-03-08 00:00:00+00:00,6732182251
2021-03-09 00:00:00+00:00,6795871758
2021-03-10 00:00:00+00:00,7338104524
2021-03-11 00:00:00+00:00,7348949417
2021-03-12 00:00:00+00:00,7331493539
2021-03-13 00:00:00+00:00,7370861931
2021-03-14 00:00:00+00:00,7777282029
2021-03-15 00:00:00+00:00,7769233696
2021-03-16 00:00:00+00:00,7415859185
2021-03-17 00:00:00+00:00,7483231367
2021-03-18 00:00:00+00:00,7456182531
2021-03-19 00:00:00+00:00,7657241025
2021-03-20 00:00:00+00:00,7773597948
2021-03-21 00:00:00+00:00,7798623546
2021-03-22 00:00:00+00:00,7462746291
2021-03-23 00:00:00+00:00,7614327958
2021-03-24 00:00:00+00:00,7082005025
2021-03-25 00:00:00+00:00,7227631907
2021-03-26 00:00:00+00:00,6722072981
2021-03-27 00:00:00+00:00,6952368168
2021-03-28 00:00:00+00:00,7110114699
2021-03-29 00:00:00+00:00,7257584126
2021-03-30 00:00:00+00:00,7552381363
2021-03-31 00:00:00+00:00,7862364093
2021-04-01 00:00:00+00:00,7725854526
2021-04-02 00:00:00+00:00,8152633130
2021-04-03 00:00:00+00:00,8468487751
2021-04-04 00:00:00+00:00,8656089704
2021-04-05 00:00:00+00:00,8523059350
2021-04-06 00:00:00+00:00,8504719312
2021-04-07 00:00:00+00:00,8732900938
2021-04-08 00:00:00+00:00,8126401060
2021-04-09 00:00:00+00:00,8265102518
2021-04-10 00:00:00+00:00,8574513435
2021-04-11 00:00:00+00:00,8862416658
2021-04-12 00:00:00+00:00,8848120911
2021-04-13 00:00:00+00:00,8822811956
2021-04-14 00:00:00+00:00,9035844784
2021-04-15 00:00:00+00:00,9511760843
2021-04-16 00:00:00+00:00,9665150898
2021-04-17 00:00:00+00:00,9891903107
2021-04-18 00:00:00+00:00,10100345583
2021-04-19 00:00:00+00:00,8932499021
2021-04-20 00:00:00+00:00,9538926071
2021-04-21 00:00:00+00:00,9363703754
2021-04-22 00:00:00+00:00,9556985020
2021-04-23 00:00:00+00:00,10527100969
2021-04-24 00:00:00+00:00,9467274878
2021-04-25 00:00:00+00:00,9275793179
2021-04-26 00:00:00+00:00,9626648801
2021-04-27 00:00:00+00:00,10477924397
2021-04-28 00:00:00+00:00,10709520593
2021-04-29 00:00:00+00:00,11224462790
2021-04-30 00:00:00+00:00,11426945554
2021-05-01 00:00:00+00:00,11427628371
2021-05-02 00:00:00+00:00,11814143927
2021-05-03 00:00:00+00:00,12038162211
2021-05-04 00:00:00+00:00,12843808779
2021-05-05 00:00:00+00:00,13674721335
2021-05-06 00:00:00+00:00,13539409824
2021-05-07 00:00:00+00:00,14018569478
2021-05-08 00:00:00+00:00,13654086319
2021-05-09 00:00:00+00:00,14007238482
2021-05-10 00:00:00+00:00,14777489071
2021-05-11 00:00:00+00:00,15811745595
2021-05-12 00:00:00+00:00,15370564803
2021-05-13 00:00:00+00:00,16529780185
2021-05-14 00:00:00+00:00,14506763973
2021-05-15 00:00:00+00:00,15417807008
2021-05-16 00:00:00+00:00,15193121692
2021-05-17 00:00:00+00:00,14742087973
2021-05-18 00:00:00+00:00,13813173242
2021-05-19 00:00:00+00:00,13952637251
2021-05-20 00:00:00+00:00,10608552440
2021-05-21 00:00:00+00:00,11373056290
2021-05-22 00:00:00+00:00,10849407269
2021-05-23 00:00:00+00:00,9847841886
2021-05-24 00:00:00+00:00,8563221232
2021-05-25 00:00:00+00:00,9927124258
2021-05-26 00:00:00+00:00,9964278141
2021-05-27 00:00:00+00:00,11354837646
2021-05-28 00:00:00+00:00,11228708556
2021-05-29 00:00:00+00:00,10091532131
2021-05-30 00:00:00+00:00,9947288147
2021-05-31 00:00:00+00:00,9957422828
2021-06-01 00:00:00+00:00,10278555286
2021-06-02 00:00:00+00:00,10353139133
2021-06-03 00:00:00+00:00,10690918241
2021-06-04 00:00:00+00:00,11005512050
2021-06-05 00:00:00+00:00,10333612057
2021-06-06 00:00:00+00:00,10532769191
2021-06-07 00:00:00+00:00,10722972489
2021-06-08 00:00:00+00:00,11039147815
2021-06-09 00:00:00+00:00,10221812678
2021-06-10 00:00:00+00:00,10628396669
2021-06-11 00:00:00+00:00,10572042486
2021-06-12 00:00:00+00:00,10400789328
2021-06-13 00:00:00+00:00,10178191118
2021-06-14 00:00:00+00:00,10165012519
2021-06-15 00:00:00+00:00,10616981483
2021-06-16 00:00:00+00:00,10926456813
2021-06-17 00:00:00+00:00,10487366330
2021-06-18 00:00:00+00:00,10066305677
2021-06-19 00:00:00+00:00,9823942609
2021-06-20 00:00:00+00:00,9589363520
2021-06-21 00:00:00+00:00,9104411026
2021-06-22 00:00:00+00:00,8691419927
2021-06-23 00:00:00+00:00,8362007462
2021-06-24 00:00:00+00:00,8749299376
2021-06-25 00:00:00+00:00,8971549171
2021-06-26 00:00:00+00:00,8672078721
2021-06-27 00:00:00+00:00,8581650259
2021-06-28 00:00:00+00:00,8680353789
2021-06-29 00:00:00+00:00,9121832494
2021-06-30 00:00:00+00:00,9643812752
2021-07-01 00:00:00+00:00,9666069335
2021-07-02 00:00:00+00:00,9612406008
2021-07-03 00:00:00+00:00,9347147059
2021-07-04 00:00:00+00:00,9808485818
2021-07-05 00:00:00+00:00,10154065828
2021-07-06 00:00:00+00:00,9881185108
2021-07-07 00:00:00+00:00,10045169011
2021-07-08 00:00:00+00:00,10339071273
2021-07-09 00:00:00+00:00,9710457392
2021-07-10 00:00:00+00:00,9495613789
2021-07-11 00:00:00+00:00,9580415471
2021-07-12 00:00:00+00:00,9628572579
2021-07-13 00:00:00+00:00,9365441570
2021-07-14 00:00:00+00:00,9148037481
2021-07-15 00:00:00+00:00,9298838918
2021-07-16 00:00:00+00:00,9061700201
2021-07-17 00:00:00+00:00,8976392763
2021-07-18 00:00:00+00:00,9042174714
2021-07-19 00:00:00+00:00,9063567712
2021-07-20 00:00:00+00:00,8788053977
2021-07-21 00:00:00+00:00,8683715037
2021-07-22 00:00:00+00:00,9291748616
2021-07-23 00:00:00+00:00,9338805751
2021-07-24 00:00:00+00:00,9479425217
2021-07-25 00:00:00+00:00,9674725483
2021-07-26 00:00:00+00:00,9716387871
2021-07-27 00:00:00+00:00,9778514775
2021-07-28 00:00:00+00:00,9984795326
2021-07-29 00:00:00+00:00,10084101288
2021-07-30 00:00:00+00:00,10245620612
2021-07-31 00:00:00+00:00,10496831046
2021-08-01 00:00:00+00:00,10742079292
2021-08-02 00:00:00+00:00,10741230831
2021-08-03 00:00:00+00:00,10786868414
2021-08-04 00:00:00+00:00,10536056711
2021-08-05 00:00:00+00:00,11097091013
2021-08-06 00:00:00+00:00,11307393559
2021-08-07 00:00:00+00:00,11377014505
2021-08-08 00:00:00+00:00,11989868293
2021-08-09 00:00:00+00:00,11729922219
2021-08-10 00:00:00+00:00,12056116275
2021-08-11 00:00:00+00:00,12018252503
2021-08-12 00:00:00+00:00,12137206597
2021-08-13 00:00:00+00:00,11836390006
2021-08-14 00:00:00+00:00,12592580009
2021-08-15 00:00:00+00:00,12321051148
2021-08-16 00:00:00+00:00,12376557857
2021-08-17 00:00:00+00:00,12039098903
2021-08-18 00:00:00+00:00,11658713834
2021-08-19 00:00:00+00:00,11734054429
2021-08-20 00:00:00+00:00,11951449914
2021-08-21 00:00:00+00:00,12414230159
2021-08-22 00:00:00+00:00,12314454722
2021-08-23 00:00:00+00:00,12343749313
2021-08-24 00:00:00+00:00,12564015718
2021-08-25 00:00:00+00:00,12169986372
2021-08-26 00:00:00+00:00,12274099874
2021-08-27 00:00:00+00:00,11927579432
2021-08-28 00:00:00+00:00,12400228335
2021-08-29 00:00:00+00:00,12327530028
2021-08-30 00:00:00+00:00,12334298870
2021-08-31 00:00:00+00:00,12345435368
2021-09-01 00:00:00+00:00,12739784356
2021-09-02 00:00:00+00:00,13631146446
2021-09-03 00:00:00+00:00,13696613960
2021-09-04 00:00:00+00:00,13989417504
2021-09-05 00:00:00+00:00,13826802012
2021-09-06 00:00:00+00:00,14038915111
2021-09-07 00:00:00+00:00,14086680883
2021-09-08 00:00:00+00:00,13069718723
2021-09-09 00:00:00+00:00,13213955710
2021-09-10 00:00:00+00:00,13064303904
2021-09-11 00:00:00+00:00,12469756947
2021-09-12 00:00:00+00:00,12572138453
2021-09-13 00:00:00+00:00,12972777321
2021-09-14 00:00:00+00:00,12655483667
2021-09-15 00:00:00+00:00,12994871973
2021-09-16 00:00:00+00:00,13333661673
2021-09-17 00:00:00+00:00,13345439159
2021-09-18 00:00:00+00:00,12972402864
2021-09-19 00:00:00+00:00,13053141025
2021-09-20 00:00:00+00:00,12743776788
2021-09-21 00:00:00+00:00,11485379665
2021-09-22 00:00:00+00:00,11178765668
2021-09-23 00:00:00+00:00,11943280947
2021-09-24 00:00:00+00:00,12216671225
2021-09-25 00:00:00+00:00,11645289729
2021-09-26 00:00:00+00:00,11618710549
2021-09-27 00:00:00+00:00,11923964398
2021-09-28 00:00:00+00:00,11687908348
2021-09-29 00:00:00+00:00,11414662737
2021-09-30 00:00:00+00:00,11485228843
2021-10-01 00:00:00+00:00,11765466990
2021-10-02 00:00:00+00:00,12570604770
2021-10-03 00:00:00+00:00,12872983158
2021-10-04 00:00:00+00:00,12942124030
2021-10-05 00:00:00+00:00,12890288232
2021-10-06 00:00:00+00:00,13273531506
2021-10-07 00:00:00+00:00,13515278073
2021-10-08 00:00:00+00:00,13533783010
2021-10-09 00:00:00+00:00,13527950295
2021-10-10 00:00:00+00:00,13634056990
2021-10-11 00:00:00+00:00,13296824988
2021-10-12 00:00:00+00:00,13595404804
2021-10-13 00:00:00+00:00,13634497944
2021-10-14 00:00:00+00:00,13925331008
2021-10-15 00:00:00+00:00,14595045317
2021-10-16 00:00:00+00:00,15189467639
2021-10-17 00:00:00+00:00,15151631711
2021-10-18 00:00:00+00:00,15228201811
2021-10-19 00:00:00+00:00,15020501536
2021-10-20 00:00:00+00:00,15339298679
2021-10-21 00:00:00+00:00,16403191185
2021-10-22 00:00:00+00:00,16420148214
2021-10-23 00:00:00+00:00,16040226245
2021-10-24 00:00:00+00:00,16602206380
2021-10-25 00:00:00+00:00,16332225357
2021-10-26 00:00:00+00:00,16746802704
2021-10-27 00:00:00+00:00,16557135014
2021-10-28 00:00:00+00:00,16255279198
2021-10-29 00:00:00+00:00,17205990333
2021-10-30 00:00:00+00:00,17560228204
2021-10-31 00:00:00+00:00,17335522623
2021-11-01 00:00:00+00:00,17310759535
2021-11-02 00:00:00+00:00,17442259682
2021-11-03 00:00:00+00:00,18140882278
2021-11-04 00:00:00+00:00,18345630063
2021-11-05 00:00:00+00:00,18087440013
2021-11-06 00:00:00+00:00,18448384332
2021-11-07 00:00:00+00:00,18554112014
2021-11-08 00:00:00+00:00,18901321807
2021-11-09 00:00:00+00:00,19753787030
2021-11-10 00:00:00+00:00,19678486049
2021-11-11 00:00:00+00:00,19186245412
2021-11-12 00:00:00+00:00,19515509152
2021-11-13 00:00:00+00:00,19342337382
2021-11-14 00:00:00+00:00,19211370435
2021-11-15 00:00:00+00:00,19067082309
2021-11-16 00:00:00+00:00,18905642133
2021-11-17 00:00:00+00:00,17901243702
2021-11-18 00:00:00+00:00,18187183955
2021-11-19 00:00:00+00:00,17255607811
2021-11-20 00:00:00+00:00,18418754287
2021-11-21 00:00:00+00:00,18912608475
2021-11-22 00:00:00+00:00,18611191103
2021-11-23 00:00:00+00:00,17744252481
2021-11-24 00:00:00+00:00,18591037251
2021-11-25 00:00:00+00:00,18339357692
2021-11-26 00:00:00+00:00,19200455167
2021-11-27 00:00:00+00:00,17612997248
2021-11-28 00:00:00+00:00,18000565066
2021-11-29 00:00:00+00:00,18794535582
2021-11-30 00:00:00+00:00,19248402258
2021-12-01 00:00:00+00:00,19820031254
2021-12-02 00:00:00+00:00,19753823382
2021-12-03 00:00:00+00:00,19557459876
2021-12-04 00:00:00+00:00,18617129862
2021-12-05 00:00:00+00:00,18223173215
2021-12-06 00:00:00+00:00,18596920304
2021-12-07 00:00:00+00:00,19195592307
2021-12-08 00:00:00+00:00,19106094117
2021-12-09 00:00:00+00:00,19482328696
2021-12-10 00:00:00+00:00,18533512227
2021-12-11 00:00:00+00:00,17744439621
2021-12-12 00:00:00+00:00,18267668981
2021-12-13 00:00:00+00:00,18502793086
2021-12-14 00:00:00+00:00,17233284647
2021-12-15 00:00:00+00:00,17563663853
2021-12-16 00:00:00+00:00,18286645329
2021-12-17 00:00:00+00:00,18151228055
2021-12-18 00:00:00+00:00,18025040108
2021-12-19 00:00:00+00:00,18365612514
2021-12-20 00:00:00+00:00,18176234728
2021-12-21 00:00:00+00:00,18272441725
2021-12-22 00:00:00+00:00,18631782204
2021-12-23 00:00:00+00:00,18536968734
2021-12-24 00:00:00+00:00,18999224775
2021-12-25 00:00:00+00:00,18816440346
2021-12-26 00:00:00+00:00,18969573816
2021-12-27 00:00:00+00:00,18981906363
2021-12-28 00:00:00+00:00,18856459978
2021-12-29 00:00:00+00:00,17952424963
2021-12-30 00:00:00+00:00,17427001599
2021-12-31 00:00:00+00:00,17601219407
2022-01-01 00:00:00+00:00,17504819114
2022-01-02 00:00:00+00:00,17851869605
2022-01-03 00:00:00+00:00,18075587439
2022-01-04 00:00:00+00:00,17881365723
2022-01-05 00:00:00+00:00,17945554038
2022-01-06 00:00:00+00:00,17079567904
2022-01-07 00:00:00+00:00,16756202391
2022-01-08 00:00:00+00:00,16198311777
2022-01-09 00:00:00+00:00,15939190767
2022-01-10 00:00:00+00:00,16105927572
2022-01-11 00:00:00+00:00,15961497782
2022-01-12 00:00:00+00:00,16499781987
2022-01-13 00:00:00+00:00,16985939033
2022-01-14 00:00:00+00:00,16631532090
2022-01-15 00:00:00+00:00,16835353833
2022-01-16 00:00:00+00:00,16968604793
2022-01-17 00:00:00+00:00,17078211048
2022-01-18 00:00:00+00:00,16693599679
2022-01-19 00:00:00+00:00,16581572919
2022-01-20 00:00:00+00:00,16439300268
2022-01-21 00:00:00+00:00,16098471694
2022-01-22 00:00:00+00:00,14621123274
2022-01-23 00:00:00+00:00,14339468926
2022-01-24 00:00:00+00:00,15160167486
2022-01-25 00:00:00+00:00,14909728581
2022-01-26 00:00:00+00:00,15275956749
2022-01-27 00:00:00+00:00,15737784803
2022-01-28 00:00:00+00:00,14771664718
2022-01-29 00:00:00+00:00,15405608772
2022-01-30 00:00:00+00:00,15610447853
2022-01-31 00:00:00+00:00,15626766732
2022-02-01 00:00:00+00:00,15755419913
2022-02-02 00:00:00+00:00,16082013215
2022-02-03 00:00:00+00:00,15651620740
2022-02-04 00:00:00+00:00,15600445250
2022-02-05 00:00:00+00:00,16792651270
2022-02-06 00:00:00+00:00,16866575574
2022-02-07 00:00:00+00:00,17058212981
2022-02-08 00:00:00+00:00,17500606785
2022-02-09 00:00:00+00:00,17802119153
2022-02-10 00:00:00+00:00,18120209828
2022-02-11 00:00:00+00:00,17314779206
2022-02-12 00:00:00+00:00,16866108660
2022-02-13 00:00:00+00:00,16792499245
2022-02-14 00:00:00+00:00,16727051540
2022-02-15 00:00:00+00:00,16854800822
2022-02-16 00:00:00+00:00,17792279993
2022-02-17 00:00:00+00:00,17569873953
2022-02-18 00:00:00+00:00,16543303371
2022-02-19 00:00:00+00:00,16234033785
2022-02-20 00:00:00+00:00,16277424497
2022-02-21 00:00:00+00:00,15835998170
2022-02-22 00:00:00+00:00,15507182595
2022-02-23 00:00:00+00:00,15733808152
2022-02-24 00:00:00+00:00,15538687182
2022-02-25 00:00:00+00:00,15210909778
2022-02-26 00:00:00+00:00,15462961067
2022-02-27 00:00:00+00:00,15487101388
2022-02-28 00:00:00+00:00,15017845311
2022-03-01 00:00:00+00:00,16095950003
2022-03-02 00:00:00+00:00,16342178887
2022-03-03 00:00:00+00:00,16072333866
2022-03-04 00:00:00+00:00,15670135941
2022-03-05 00:00:00+00:00,14997770253
2022-03-06 00:00:00+00:00,15142692337
2022-03-07 00:00:00+00:00,14901251724
2022-03-08 00:00:00+00:00,14775660937
2022-03-09 00:00:00+00:00,15034844336
2022-03-10 00:00:00+00:00,15636627537
2022-03-11 00:00:00+00:00,15199804376
2022-03-12 00:00:00+00:00,15057978411
2022-03-13 00:00:00+00:00,15080234286
2022-03-14 00:00:00+00:00,14848660826
2022-03-15 00:00:00+00:00,15114573248
2022-03-16 00:00:00+00:00,15173831881
2022-03-17 00:00:00+00:00,15666520963
2022-03-18 00:00:00+00:00,15810922757
2022-03-19 00:00:00+00:00,16366770727
2022-03-20 00:00:00+00:00,16327180021
2022-03-21 00:00:00+00:00,16118664464
2022-03-22 00:00:00+00:00,16193969169
2022-03-23 00:00:00+00:00,16451172218
2022-03-24 00:00:00+00:00,16670408298
2022-03-25 00:00:00+00:00,16769779522
2022-03-26 00:00:00+00:00,16654098918
2022-03-27 00:00:00+00:00,16762460549
2022-03-28 00:00:00+00:00,17247576973
2022-03-29 00:00:00+00:00,17275060774
2022-03-30 00:00:00+00:00,17392373151
2022-03-31 00:00:00+00:00,17448229800
2022-04-01 00:00:00+00:00,14925332670
2022-04-02 00:00:00+00:00,15808626924
2022-04-03 00:00:00+00:00,15650906916
2022-04-04 00:00:00+00:00,15753527878
2022-04-05 00:00:00+00:00,15806659221
2022-04-06 00:00:00+00:00,15237046970
2022-04-07 00:00:00+00:00,14728637436
2022-04-08 00:00:00+00:00,15209024021
2022-04-09 00:00:00+00:00,15043606778
2022-04-10 00:00:00+00:00,15207459558
2022-04-11 00:00:00+00:00,15006194421
2022-04-12 00:00:00+00:00,14176444112
2022-04-13 00:00:00+00:00,14274627723
2022-04-14 00:00:00+00:00,14431146376
2022-04-15 00:00:00+00:00,14075749736
2022-04-16 00:00:00+00:00,14128722939
2022-04-17 00:00:00+00:00,14183919621
2022-04-18 00:00:00+00:00,13912998440
2022-04-19 00:00:00+00:00,14195982278
2022-04-20 00:00:00+00:00,14221208034
2022-04-21 00:00:00+00:00,14266644692
2022-04-22 00:00:00+00:00,13954591231
2022-04-23 00:00:00+00:00,13906869629
2022-04-24 00:00:00+00:00,13827425824
2022-04-25 00:00:00+00:00,13634597441
2022-04-26 00:00:00+00:00,14092052121
2022-04-27 00:00:00+00:00,13452310421
2022-04-28 00:00:00+00:00,13662627969
2022-04-29 00:00:00+00:00,13765293074
2022-04-30 00:00:00+00:00,13379725963
2022-05-01 00:00:00+00:00,13135459674
2022-05-02 00:00:00+00:00,13287531600
2022-05-03 00:00:00+00:00,13332335358
2022-05-04 00:00:00+00:00,13141525043
2022-05-05 00:00:00+00:00,13528108262
2022-05-06 00:00:00+00:00,13000857954
2022-05-07 00:00:00+00:00,12930938458
2022-05-08 00:00:00+00:00,12591541965
2022-05-09 00:00:00+00:00,11909955792
2022-05-10 00:00:00+00:00,11716483650
2022-05-11 00:00:00+00:00,11916640361
2022-05-12 00:00:00+00:00,10325929862
2022-05-13 00:00:00+00:00,10318250497
2022-05-14 00:00:00+00:00,10451479805
2022-05-15 00:00:00+00:00,10491920144
2022-05-16 00:00:00+00:00,10763483448
2022-05-17 00:00:00+00:00,10405190190
2022-05-18 00:00:00+00:00,10655526994
2022-05-19 00:00:00+00:00,10117710250
2022-05-20 00:00:00+00:00,10312866849
2022-05-21 00:00:00+00:00,9554216083
2022-05-22 00:00:00+00:00,9612826587
2022-05-23 00:00:00+00:00,9804599993
2022-05-24 00:00:00+00:00,9766888410
2022-05-25 00:00:00+00:00,9850935861
2022-05-26 00:00:00+00:00,9815132793
2022-05-27 00:00:00+00:00,9388339591
2022-05-28 00:00:00+00:00,9269124574
2022-05-29 00:00:00+00:00,9393689673
2022-05-30 00:00:00+00:00,9440668655
2022-05-31 00:00:00+00:00,10099104834
2022-06-01 00:00:00+00:00,9929904174
2022-06-02 00:00:00+00:00,9521276506
2022-06-03 00:00:00+00:00,9594318816
2022-06-04 00:00:00+00:00,9453683965
2022-06-05 00:00:00+00:00,9488117765
2022-06-06 00:00:00+00:00,9532331983
2022-06-07 00:00:00+00:00,9437743691
2022-06-08 00:00:00+00:00,9648849629
2022-06-09 00:00:00+00:00,9548893053
2022-06-10 00:00:00+00:00,9526704036
2022-06-11 00:00:00+00:00,9095298816
2022-06-12 00:00:00+00:00,8667132876
2022-06-13 00:00:00+00:00,8537468882
2022-06-14 00:00:00+00:00,7933178282
2022-06-15 00:00:00+00:00,7897522625
2022-06-16 00:00:00+00:00,7966559906
2022-06-17 00:00:00+00:00,7459592052
2022-06-18 00:00:00+00:00,7753292698
2022-06-19 00:00:00+00:00,7464889992
2022-06-20 00:00:00+00:00,7745681657
2022-06-21 00:00:00+00:00,7785097752
2022-06-22 00:00:00+00:00,7784445951
2022-06-23 00:00:00+00:00,7649226905
2022-06-24 00:00:00+00:00,7822612534
2022-06-25 00:00:00+00:00,7958790750
2022-06-26 00:00:00+00:00,8016064664
2022-06-27 00:00:00+00:00,7909454689
2022-06-28 00:00:00+00:00,7881321125
2022-06-29 00:00:00+00:00,7650160843
2022-06-30 00:00:00+00:00,7631786581
2022-07-01 00:00:00+00:00,7637836823
2022-07-02 00:00:00+00:00,7573930975
2022-07-03 00:00:00+00:00,7575882149
2022-07-04 00:00:00+00:00,7579624339
2022-07-05 00:00:00+00:00,7874087221
2022-07-06 00:00:00+00:00,7840608582
2022-07-07 00:00:00+00:00,7918526678
2022-07-08 00:00:00+00:00,7735560855
2022-07-09 00:00:00+00:00,7707155052
2022-07-10 00:00:00+00:00,7685167605
2022-07-11 00:00:00+00:00,7599094705
2022-07-12 00:00:00+00:00,7453283771
2022-07-13 00:00:00+00:00,7269666596
2022-07-14 00:00:00+00:00,7521306476
2022-07-15 00:00:00+00:00,7702956605
2022-07-16 00:00:00+00:00,7814349036
2022-07-17 00:00:00+00:00,8117588582
2022-07-18 00:00:00+00:00,8060240297
2022-07-19 00:00:00+00:00,8559463062
2022-07-20 00:00:00+00:00,8550335073
2022-07-21 00:00:00+00:00,8504268558
2022-07-22 00:00:00+00:00,8551793629
2022-07-23 00:00:00+00:00,8522223928
2022-07-24 00:00:00+00:00,8384719536
2022-07-25 00:00:00+00:00,8348216462
2022-07-26 00:00:00+00:00,8081666739
2022-07-27 00:00:00+00:00,7949002257
2022-07-28 00:00:00+00:00,8394556624
2022-07-29 00:00:00+00:00,8627540198
2022-07-30 00:00:00+00:00,8634198635
2022-07-31 00:00:00+00:00,8568869966
2022-08-01 00:00:00+00:00,8499320984
2022-08-02 00:00:00+00:00,8453595342
2022-08-03 00:00:00+00:00,8391854527
2022-08-04 00:00:00+00:00,8512608028
2022-08-05 00:00:00+00:00,8404698835
2022-08-06 00:00:00+00:00,8646186830
2022-08-07 00:00:00+00:00,8553433472
2022-08-08 00:00:00+00:00,8596830224
2022-08-09 00:00:00+00:00,8827928267
2022-08-10 00:00:00+00:00,8619359632
2022-08-11 00:00:00+00:00,9019768755
2022-08-12 00:00:00+00:00,8971660107
2022-08-13 00:00:00+00:00,9078600290
2022-08-14 00:00:00+00:00,9188866716
2022-08-15 00:00:00+00:00,9044417075
2022-08-16 00:00:00+00:00,8900423757
2022-08-17 00:00:00+00:00,8863282467
2022-08-18 00:00:00+00:00,8696415634
2022-08-19 00:00:00+00:00,8604491782
2022-08-20 00:00:00+00:00,8126033371
2022-08-21 00:00:00+00:00,8030092743
2022-08-22 00:00:00+00:00,8091843647
2022-08-23 00:00:00+00:00,8109523546
2022-08-24 00:00:00+00:00,8129175304
2022-08-25 00:00:00+00:00,8173543668
2022-08-26 00:00:00+00:00,8217213796
2022-08-27 00:00:00+00:00,7825791196
2022-08-28 00:00:00+00:00,7762089880
2022-08-29 00:00:00+00:00,7722875024
2022-08-30 00:00:00+00:00,7946964850
2022-08-31 00:00:00+00:00,7990896835
2022-09-01 00:00:00+00:00,7908410932
2022-09-02 00:00:00+00:00,7977686150
2022-09-03 00:00:00+00:00,7974594886
2022-09-04 00:00:00+00:00,7920379395
2022-09-05 00:00:00+00:00,7936570248
2022-09-06 00:00:00+00:00,8104395016
2022-09-07 00:00:00+00:00,7921235219
2022-09-08 00:00:00+00:00,8146134356
2022-09-09 00:00:00+00:00,8208324997
2022-09-10 00:00:00+00:00,8472154387
2022-09-11 00:00:00+00:00,8623642440
2022-09-12 00:00:00+00:00,8582388420
2022-09-13 00:00:00+00:00,8514457367
2022-09-14 00:00:00+00:00,8095690015
2022-09-15 00:00:00+00:00,7790748139
2022-09-16 00:00:00+00:00,7482745117
2022-09-17 00:00:00+00:00,7433730606
2022-09-18 00:00:00+00:00,7503592540
2022-09-19 00:00:00+00:00,7299423418
2022-09-20 00:00:00+00:00,7316929170
2022-09-21 00:00:00+00:00,7260129706
2022-09-22 00:00:00+00:00,7114962962
2022-09-23 00:00:00+00:00,7298437972
2022-09-24 00:00:00+00:00,7284021364
2022-09-25 00:00:00+00:00,7280128914
2022-09-26 00:00:00+00:00,7258710125
2022-09-27 00:00:00+00:00,7343708585
2022-09-28 00:00:00+00:00,7312794957
2022-09-29 00:00:00+00:00,7280371781
2022-09-30 00:00:00+00:00,7174354841
2022-10-01 00:00:00+00:00,7147664372
2022-10-02 00:00:00+00:00,7659081295
2022-10-03 00:00:00+00:00,7574746039
2022-10-04 00:00:00+00:00,7633794013
2022-10-05 00:00:00+00:00,7744314418
2022-10-06 00:00:00+00:00,7751891222
2022-10-07 00:00:00+00:00,7748214627
2022-10-08 00:00:00+00:00,7680531183
2022-10-09 00:00:00+00:00,7611892517
2022-10-10 00:00:00+00:00,7644520700
2022-10-11 00:00:00+00:00,7521888463
2022-10-12 00:00:00+00:00,7507677889
2022-10-13 00:00:00+00:00,7606527865
2022-10-14 00:00:00+00:00,7760095305
2022-10-15 00:00:00+00:00,7743949308
2022-10-16 00:00:00+00:00,7699615758
2022-10-17 00:00:00+00:00,7757267799
2022-10-18 00:00:00+00:00,7838912157
2022-10-19 00:00:00+00:00,7784291906
2022-10-20 00:00:00+00:00,7724254619
2022-10-21 00:00:00+00:00,7629009021
2022-10-22 00:00:00+00:00,7633714041
2022-10-23 00:00:00+00:00,7649037916
2022-10-24 00:00:00+00:00,7799261421
2022-10-25 00:00:00+00:00,7759432662
2022-10-26 00:00:00+00:00,7990042755
2022-10-27 00:00:00+00:00,8208478253
2022-10-28 00:00:00+00:00,8128358451
2022-10-29 00:00:00+00:00,8176884357
2022-10-30 00:00:00+00:00,8320735228
2022-10-31 00:00:00+00:00,8182950077
2022-11-01 00:00:00+00:00,8060133326
2022-11-02 00:00:00+00:00,8020162341
2022-11-03 00:00:00+00:00,7925487071
2022-11-04 00:00:00+00:00,7941866974
2022-11-05 00:00:00+00:00,8183585084
2022-11-06 00:00:00+00:00,8199221567
2022-11-07 00:00:00+00:00,8031791727
2022-11-08 00:00:00+00:00,8300746794
2022-11-09 00:00:00+00:00,7293515080
2022-11-10 00:00:00+00:00,6511477846
2022-11-11 00:00:00+00:00,6889165881
2022-11-12 00:00:00+00:00,6814262458
2022-11-13 00:00:00+00:00,6817636103
2022-11-14 00:00:00+00:00,6670766284
2022-11-15 00:00:00+00:00,6797641749
2022-11-16 00:00:00+00:00,6765144166
2022-11-17 00:00:00+00:00,6683667182
2022-11-18 00:00:00+00:00,6680255715
2022-11-19 00:00:00+00:00,6657678534
2022-11-20 00:00:00+00:00,6686263620
2022-11-21 00:00:00+00:00,6458409148
2022-11-22 00:00:00+00:00,6345844547
2022-11-23 00:00:00+00:00,6319376579
2022-11-24 00:00:00+00:00,6605492254
2022-11-25 00:00:00+00:00,6584274258
2022-11-26 00:00:00+00:00,6592626100
2022-11-27 00:00:00+00:00,6601433655
2022-11-28 00:00:00+00:00,6616248679
2022-11-29 00:00:00+00:00,6537112964
2022-11-30 00:00:00+00:00,6650925818
2022-12-01 00:00:00+00:00,6788884188
2022-12-02 00:00:00+00:00,6763644401
2022-12-03 00:00:00+00:00,6704911811
2022-12-04 00:00:00+00:00,6621306608
2022-12-05 00:00:00+00:00,6719128397
2022-12-06 00:00:00+00:00,6579498052
2022-12-07 00:00:00+00:00,6535025680
2022-12-08 00:00:00+00:00,6450580946
2022-12-09 00:00:00+00:00,6548939985
2022-12-10 00:00:00+00:00,6511112149
2022-12-11 00:00:00+00:00,6517212979
2022-12-12 00:00:00+00:00,6509121124
2022-12-13 00:00:00+00:00,6502739442
2022-12-14 00:00:00+00:00,6618883185
2022-12-15 00:00:00+00:00,6585492875
2022-12-16 00:00:00+00:00,6268914505
2022-12-17 00:00:00+00:00,6043286712
2022-12-18 00:00:00+00:00,6094428869
2022-12-19 00:00:00+00:00,6120341826
2022-12-20 00:00:00+00:00,6096614440
2022-12-21 00:00:00+00:00,6225145715
2022-12-22 00:00:00+00:00,6219806638
2022-12-23 00:00:00+00:00,6226721212
2022-12-24 00:00:00+00:00,6215350324
2022-12-25 00:00:00+00:00,6220312002
2022-12-26 00:00:00+00:00,6210618478
2022-12-27 00:00:00+00:00,6207156329
2022-12-28 00:00:00+00:00,6158238235
2022-12-29 00:00:00+00:00,6070238567
2022-12-30 00:00:00+00:00,6088516766
2022-12-31 00:00:00+00:00,6067393212
2023-01-01 00:00:00+00:00,6061065519
2023-01-02 00:00:00+00:00,6066049177
2023-01-03 00:00:00+00:00,6105567259
2023-01-04 00:00:00+00:00,6101487689
2023-01-05 00:00:00+00:00,6255950557
2023-01-06 00:00:00+00:00,6223825807
2023-01-07 00:00:00+00:00,6245325015
2023-01-08 00:00:00+00:00,6271288911
2023-01-09 00:00:00+00:00,6357349758
2023-01-10 00:00:00+00:00,6443484254
2023-01-11 00:00:00+00:00,6458303502
2023-01-12 00:00:00+00:00,6629173325
2023-01-13 00:00:00+00:00,6606967529
2023-01-14 00:00:00+00:00,6964276758
2023-01-15 00:00:00+00:00,6950958971
2023-01-16 00:00:00+00:00,7025578296
2023-01-17 00:00:00+00:00,7027867840
2023-01-18 00:00:00+00:00,7020368165
2023-01-19 00:00:00+00:00,6913535092
2023-01-20 00:00:00+00:00,6982194980
2023-01-21 00:00:00+00:00,7222619755
2023-01-22 00:00:00+00:00,7208368984
2023-01-23 00:00:00+00:00,7215831301
2023-01-24 00:00:00+00:00,7233828135
2023-01-25 00:00:00+00:00,7058874345
2023-01-26 00:00:00+00:00,7206714714
2023-01-27 00:00:00+00:00,7180183036
2023-01-28 00:00:00+00:00,7202380801
2023-01-29 00:00:00+00:00,7176999007
2023-01-30 00:00:00+00:00,7299859017
2023-01-31 00:00:00+00:00,7098932840
2023-02-01 00:00:00+00:00,7117743903
2023-02-02 00:00:00+00:00,7345330919
2023-02-03 00:00:00+00:00,7264358415
2023-02-04 00:00:00+00:00,7304165960
2023-02-05 00:00:00+00:00,7304125540
2023-02-06 00:00:00+00:00,7257188793
2023-02-07 00:00:00+00:00,7216965436
2023-02-08 00:00:00+00:00,7329835253
2023-02-09 00:00:00+00:00,7292468820
2023-02-10 00:00:00+00:00,7027563634
2023-02-11 00:00:00+00:00,7015350342
2023-02-12 00:00:00+00:00,7103609535
2023-02-13 00:00:00+00:00,7040286802
2023-02-14 00:00:00+00:00,7029538377
2023-02-15 00:00:00+00:00,7140690252
2023-02-16 00:00:00+00:00,7490750508
2023-02-17 00:00:00+00:00,7396377546
2023-02-18 00:00:00+00:00,7493976062
2023-02-19 00:00:00+00:00,7507876491
2023-02-20 00:00:00+00:00,7458462576
2023-02-21 00:00:00+00:00,7524945909
2023-02-22 00:00:00+00:00,7248275646
2023-02-23 00:00:00+00:00,7226272547
2023-02-24 00:00:00+00:00,7225716892
2023-02-25 00:00:00+00:00,7095281800
2023-02-26 00:00:00+00:00,7073513636
2023-02-27 00:00:00+00:00,7248521884
2023-02-28 00:00:00+00:00,7241570129
2023-03-01 00:00:00+00:00,7162030369
2023-03-02 00:00:00+00:00,7270363368
2023-03-03 00:00:00+00:00,7219469027
2023-03-04 00:00:00+00:00,7025402259
2023-03-05 00:00:00+00:00,7037682025
2023-03-06 00:00:00+00:00,7017684068
2023-03-07 00:00:00+00:00,6991487981
2023-03-08 00:00:00+00:00,6990087677
2023-03-09 00:00:00+00:00,6871597338
2023-03-10 00:00:00+00:00,6549142908
2023-03-11 00:00:00+00:00,6774663938
2023-03-12 00:00:00+00:00,7570393004
2023-03-13 00:00:00+00:00,8314081093
2023-03-14 00:00:00+00:00,8377427575
2023-03-15 00:00:00+00:00,8213763829
2023-03-16 00:00:00+00:00,7856907590
2023-03-17 00:00:00+00:00,7723521395
2023-03-18 00:00:00+00:00,7889174431
2023-03-19 00:00:00+00:00,7808931164
2023-03-20 00:00:00+00:00,7752251490
2023-03-21 00:00:00+00:00,7730569287
2023-03-22 00:00:00+00:00,7884878762
2023-03-23 00:00:00+00:00,7720615158
2023-03-24 00:00:00+00:00,7811116844
2023-03-25 00:00:00+00:00,7672363005
2023-03-26 00:00:00+00:00,7668937650
2023-03-27 00:00:00+00:00,7685604538
2023-03-28 00:00:00+00:00,7527828453
2023-03-29 00:00:00+00:00,7568034028
2023-03-30 00:00:00+00:00,7586519712
2023-03-31 00:00:00+00:00,7635357383
2023-04-01 00:00:00+00:00,7691462515
2023-04-02 00:00:00+00:00,7680101849
2023-04-03 00:00:00+00:00,7632517743
2023-04-04 00:00:00+00:00,7644808188
2023-04-05 00:00:00+00:00,7845316686
2023-04-06 00:00:00+00:00,7804608944
2023-04-07 00:00:00+00:00,7750802248
2023-04-08 00:00:00+00:00,7697875237
2023-04-09 00:00:00+00:00,7713698617
2023-04-10 00:00:00+00:00,7727807558
2023-04-11 00:00:00+00:00,7824439235
2023-04-12 00:00:00+00:00,7752807134
2023-04-13 00:00:00+00:00,7758511318
2023-04-14 00:00:00+00:00,8212154516
2023-04-15 00:00:00+00:00,8183012064
2023-04-16 00:00:00+00:00,8205371952
2023-04-17 00:00:00+00:00,8147829088
2023-04-18 00:00:00+00:00,7987599795
2023-04-19 00:00:00+00:00,8023544290
2023-04-20 00:00:00+00:00,7679325201
2023-04-21 00:00:00+00:00,7671319135
2023-04-22 00:00:00+00:00,7390991377
2023-04-23 00:00:00+00:00,7395703899
2023-04-24 00:00:00+00:00,7377448218
2023-04-25 00:00:00+00:00,7377707505
2023-04-26 00:00:00+00:00,7441503072
2023-04-27 00:00:00+00:00,7518519555
2023-04-28 00:00:00+00:00,7466924544
2023-04-29 00:00:00+00:00,7398461160
2023-04-30 00:00:00+00:00,7433932192
2023-05-01 00:00:00+00:00,7405021951
2023-05-02 00:00:00+00:00,7281248446
2023-05-03 00:00:00+00:00,7316535104
2023-05-04 00:00:00+00:00,7407133914
2023-05-05 00:00:00+00:00,7344919767
2023-05-06 00:00:00+00:00,7584669256
2023-05-07 00:00:00+00:00,7408985282
2023-05-08 00:00:00+00:00,7344831178
2023-05-09 00:00:00+00:00,7240131923
2023-05-10 00:00:00+00:00,7235342920
2023-05-11 00:00:00+00:00,7115335741
2023-05-12 00:00:00+00:00,6995688676
2023-05-13 00:00:00+00:00,6954917451
2023-05-14 00:00:00+00:00,6936884718
2023-05-15 00:00:00+00:00,6918087545
2023-05-16 00:00:00+00:00,6941022065
2023-05-17 00:00:00+00:00,6941681987
2023-05-18 00:00:00+00:00,6895742728
2023-05-19 00:00:00+00:00,6868132845
2023-05-20 00:00:00+00:00,6863769983
2023-05-21 00:00:00+00:00,6889054506
2023-05-22 00:00:00+00:00,6846333408
2023-05-23 00:00:00+00:00,6840534204
2023-05-24 00:00:00+00:00,6880725596
2023-05-25 00:00:00+00:00,6691266798
2023-05-26 00:00:00+00:00,6674769429
2023-05-27 00:00:00+00:00,6731165830
2023-05-28 00:00:00+00:00,6778451418
2023-05-29 00:00:00+00:00,6956810565
2023-05-30 00:00:00+00:00,6855197312
2023-05-31 00:00:00+00:00,6900015086
2023-06-01 00:00:00+00:00,6310441991
2023-06-02 00:00:00+00:00,6269144099
2023-06-03 00:00:00+00:00,6358458109
2023-06-04 00:00:00+00:00,6324405528
2023-06-05 00:00:00+00:00,6310273763
2023-06-06 00:00:00+00:00,6135249141
2023-06-07 00:00:00+00:00,6270551471
2023-06-08 00:00:00+00:00,6128399538
2023-06-09 00:00:00+00:00,6132700642
2023-06-10 00:00:00+00:00,6059963687
2023-06-11 00:00:00+00:00,5834096543
2023-06-12 00:00:00+00:00,5816446587
2023-06-13 00:00:00+00:00,5761756818
2023-06-14 00:00:00+00:00,5750475380
2023-06-15 00:00:00+00:00,5584025691
2023-06-16 00:00:00+00:00,5510976627
2023-06-17 00:00:00+00:00,5640270432
2023-06-18 00:00:00+00:00,5681099861
2023-06-19 00:00:00+00:00,5684212654
2023-06-20 00:00:00+00:00,5843039424
2023-06-21 00:00:00+00:00,6031376897
2023-06-22 00:00:00+00:00,6312796242
2023-06-23 00:00:00+00:00,6251932524
2023-06-24 00:00:00+00:00,6284782396
2023-06-25 00:00:00+00:00,6265222069
2023-06-26 00:00:00+00:00,6302695603
2023-06-27 00:00:00+00:00,6206713115
2023-06-28 00:00:00+00:00,6208539326
2023-06-29 00:00:00+00:00,6089823070
2023-06-30 00:00:00+00:00,6118031217
2023-07-01 00:00:00+00:00,6359022915
2023-07-02 00:00:00+00:00,6332604981
2023-07-03 00:00:00+00:00,6219966591
2023-07-04 00:00:00+00:00,6202437232
2023-07-05 00:00:00+00:00,6160819178
2023-07-06 00:00:00+00:00,6080139294
2023-07-07 00:00:00+00:00,5662609371
2023-07-08 00:00:00+00:00,5662968492
2023-07-09 00:00:00+00:00,5647239303
2023-07-10 00:00:00+00:00,5626239870
2023-07-11 00:00:00+00:00,5598384683
2023-07-12 00:00:00+00:00,5571778683
2023-07-13 00:00:00+00:00,5489335594
2023-07-14 00:00:00+00:00,5774576021
2023-07-15 00:00:00+00:00,5599737416
2023-07-16 00:00:00+00:00,5605115264
2023-07-17 00:00:00+00:00,5563954996
2023-07-18 00:00:00+00:00,5532183936
2023-07-19 00:00:00+00:00,5504417422
2023-07-20 00:00:00+00:00,5407450783
2023-07-21 00:00:00+00:00,5361237154
2023-07-22 00:00:00+00:00,5321742671
2023-07-23 00:00:00+00:00,5237843839
2023-07-24 00:00:00+00:00,5291701493
2023-07-25 00:00:00+00:00,5139043245
2023-07-26 00:00:00+00:00,5143795551
2023-07-27 00:00:00+00:00,5142669325
2023-07-28 00:00:00+00:00,5121402082
2023-07-29 00:00:00+00:00,5135092473
2023-07-30 00:00:00+00:00,5151202662
2023-07-31 00:00:00+00:00,5170037482
2023-08-01 00:00:00+00:00,5185973513
2023-08-02 00:00:00+00:00,5181930830
2023-08-03 00:00:00+00:00,5086613400
2023-08-04 00:00:00+00:00,5048310100
2023-08-05 00:00:00+00:00,5144085767
2023-08-06 00:00:00+00:00,5166448375
2023-08-07 00:00:00+00:00,5200265924
2023-08-08 00:00:00+00:00,5413496318
2023-08-09 00:00:00+00:00,5577750162
2023-08-10 00:00:00+00:00,5641759974
2023-08-11 00:00:00+00:00,5901958552
2023-08-12 00:00:00+00:00,5996888861
2023-08-13 00:00:00+00:00,6059799190
2023-08-14 00:00:00+00:00,6059202367
2023-08-15 00:00:00+00:00,6077512541
2023-08-16 00:00:00+00:00,6001684807
2023-08-17 00:00:00+00:00,5919639093
2023-08-18 00:00:00+00:00,5692621098
2023-08-19 00:00:00+00:00,5748429656
2023-08-20 00:00:00+00:00,5781153923
2023-08-21 00:00:00+00:00,5318418387
2023-08-22 00:00:00+00:00,5231807199
2023-08-23 00:00:00+00:00,5116291167
2023-08-24 00:00:00+00:00,5159205898
2023-08-25 00:00:00+00:00,5092288425
2023-08-26 00:00:00+00:00,5110775463
2023-08-27 00:00:00+00:00,5001766770
2023-08-28 00:00:00+00:00,5171358205
2023-08-29 00:00:00+00:00,5156995030
2023-08-30 00:00:00+00:00,5345261175
2023-08-31 00:00:00+00:00,5237921392
2023-09-01 00:00:00+00:00,5110777081
2023-09-02 00:00:00+00:00,5049669787
2023-09-03 00:00:00+00:00,5073046609
2023-09-04 00:00:00+00:00,5079848829
2023-09-05 00:00:00+00:00,5045780719
2023-09-06 00:00:00+00:00,5049047193
2023-09-07 00:00:00+00:00,5079292267
2023-09-08 00:00:00+00:00,5057056998
2023-09-09 00:00:00+00:00,5032750828
2023-09-10 00:00:00+00:00,5038218873
2023-09-11 00:00:00+00:00,5024171669
2023-09-12 00:00:00+00:00,4764987799
2023-09-13 00:00:00+00:00,4891920636
2023-09-14 00:00:00+00:00,4879489245
2023-09-15 00:00:00+00:00,4912254644
2023-09-16 00:00:00+00:00,4969411250
2023-09-17 00:00:00+00:00,4948283786
2023-09-18 00:00:00+00:00,4939287693
2023-09-19 00:00:00+00:00,4925616033
2023-09-20 00:00:00+00:00,4903516942
2023-09-21 00:00:00+00:00,4769901828
2023-09-22 00:00:00+00:00,4644894074
2023-09-23 00:00:00+00:00,4675207211
2023-09-24 00:00:00+00:00,4695039218
2023-09-25 00:00:00+00:00,4659970756
2023-09-26 00:00:00+00:00,4640984191
2023-09-27 00:00:00+00:00,4618588524
2023-09-28 00:00:00+00:00,4539907540
2023-09-29 00:00:00+00:00,4684202635
2023-09-30 00:00:00+00:00,4606435318
2023-10-01 00:00:00+00:00,4611389412
2023-10-02 00:00:00+00:00,4751174135
2023-10-03 00:00:00+00:00,4561101149
2023-10-04 00:00:00+00:00,4500057726
2023-10-05 00:00:00+00:00,4490235180
2023-10-06 00:00:00+00:00,4411303198
2023-10-07 00:00:00+00:00,4487023545
2023-10-08 00:00:00+00:00,4459722249
2023-10-09 00:00:00+00:00,4452588526
2023-10-10 00:00:00+00:00,4346614250
2023-10-11 00:00:00+00:00,4306701177
2023-10-12 00:00:00+00:00,4293188055
2023-10-13 00:00:00+00:00,4107805468
2023-10-14 00:00:00+00:00,4330606131
2023-10-15 00:00:00+00:00,4357456248
2023-10-16 00:00:00+00:00,4370847907
2023-10-17 00:00:00+00:00,4472681898
2023-10-18 00:00:00+00:00,4387933933
2023-10-19 00:00:00+00:00,4154232215
2023-10-20 00:00:00+00:00,4203873377
2023-10-21 00:00:00+00:00,4298824951
2023-10-22 00:00:00+00:00,4349788301
2023-10-23 00:00:00+00:00,4624177709
2023-10-24 00:00:00+00:00,4796525610
2023-10-25 00:00:00+00:00,4766667540
2023-10-26 00:00:00+00:00,4836050623
2023-10-27 00:00:00+00:00,4847920729
2023-10-28 00:00:00+00:00,4802226680
2023-10-29 00:00:00+00:00,4769807368
2023-10-30 00:00:00+00:00,4797127856
2023-10-31 00:00:00+00:00,4921828366
2023-11-01 00:00:00+00:00,4897418940
2023-11-02 00:00:00+00:00,4882675612
2023-11-03 00:00:00+00:00,4895413880
2023-11-04 00:00:00+00:00,4887326443
2023-11-05 00:00:00+00:00,5124952526
2023-11-06 00:00:00+00:00,5107965367
2023-11-07 00:00:00+00:00,5182223537
2023-11-08 00:00:00+00:00,5144515310
2023-11-09 00:00:00+00:00,5114729416
2023-11-10 00:00:00+00:00,5582086671
2023-11-11 00:00:00+00:00,5490356273
2023-11-12 00:00:00+00:00,5342303882
2023-11-13 00:00:00+00:00,5322600845
2023-11-14 00:00:00+00:00,5365745531
2023-11-15 00:00:00+00:00,5291717146
2023-11-16 00:00:00+00:00,5449415541
2023-11-17 00:00:00+00:00,5254328179
2023-11-18 00:00:00+00:00,5319962847
2023-11-19 00:00:00+00:00,5430702653
2023-11-20 00:00:00+00:00,5666942850
2023-11-21 00:00:00+00:00,5696207442
2023-11-22 00:00:00+00:00,5304231337
2023-11-23 00:00:00+00:00,5585000074
2023-11-24 00:00:00+00:00,5581887678
2023-11-25 00:00:00+00:00,5643068831
2023-11-26 00:00:00+00:00,5611753748
2023-11-27 00:00:00+00:00,5596775744
2023-11-28 00:00:00+00:00,5493259497
2023-11-29 00:00:00+00:00,5530737303
2023-11-30 00:00:00+00:00,5475981157
2023-12-01 00:00:00+00:00,5509190538
2023-12-02 00:00:00+00:00,5538223679
2023-12-03 00:00:00+00:00,5696652807
2023-12-04 00:00:00+00:00,5789840754
2023-12-05 00:00:00+00:00,5863283237
2023-12-06 00:00:00+00:00,5982279647
2023-12-07 00:00:00+00:00,5868175102
2023-12-08 00:00:00+00:00,6151332030
2023-12-09 00:00:00+00:00,6172692290
2023-12-10 00:00:00+00:00,6075789545
2023-12-11 00:00:00+00:00,5849994581
2023-12-12 00:00:00+00:00,5768265278
2023-12-13 00:00:00+00:00,5647133498
2023-12-14 00:00:00+00:00,5834225095
2023-12-15 00:00:00+00:00,6095551964
2023-12-16 00:00:00+00:00,5781436276
2023-12-17 00:00:00+00:00,5874767209
2023-12-18 00:00:00+00:00,5911302231
2023-12-19 00:00:00+00:00,5812232508
2023-12-20 00:00:00+00:00,5855372282
2023-12-21 00:00:00+00:00,5752820255
2023-12-22 00:00:00+00:00,5815184574
2023-12-23 00:00:00+00:00,6031289113
2023-12-24 00:00:00+00:00,6002408771
2023-12-25 00:00:00+00:00,5915055908
2023-12-26 00:00:00+00:00,5894387801
2023-12-27 00:00:00+00:00,5768899616
2023-12-28 00:00:00+00:00,6016980065
2023-12-29 00:00:00+00:00,5911036705
2023-12-30 00:00:00+00:00,5778918093
2023-12-31 00:00:00+00:00,5726152714
2024-01-01 00:00:00+00:00,5673935071
2024-01-02 00:00:00+00:00,6082622097
2024-01-03 00:00:00+00:00,6056322428
2024-01-04 00:00:00+00:00,5701679282
2024-01-05 00:00:00+00:00,5800389824
2024-01-06 00:00:00+00:00,5778191009
2024-01-07 00:00:00+00:00,5722297140
2024-01-08 00:00:00+00:00,5665761100
2024-01-09 00:00:00+00:00,5969709720
2024-01-10 00:00:00+00:00,5929188267
2024-01-11 00:00:00+00:00,6487660828
2024-01-12 00:00:00+00:00,6481241620
2024-01-13 00:00:00+00:00,6180011069
2024-01-14 00:00:00+00:00,6268817660
2024-01-15 00:00:00+00:00,6060742089
2024-01-16 00:00:00+00:00,6131720813
2024-01-17 00:00:00+00:00,6263853832
2024-01-18 00:00:00+00:00,6201251286
2024-01-19 00:00:00+00:00,6241704363
2024-01-20 00:00:00+00:00,6314141073
2024-01-21 00:00:00+00:00,6297901674
2024-01-22 00:00:00+00:00,6287301317
2024-01-23 00:00:00+00:00,5991090020
2024-01-24 00:00:00+00:00,5825326308
2024-01-25 00:00:00+00:00,5706921012
2024-01-26 00:00:00+00:00,5691647522
2024-01-27 00:00:00+00:00,5860096909
2024-01-28 00:00:00+00:00,5860346719
2024-01-29 00:00:00+00:00,5822783882
2024-01-30 00:00:00+00:00,5909531561
2024-01-31 00:00:00+00:00,5816363538
2024-02-01 00:00:00+00:00,5518013855
2024-02-02 00:00:00+00:00,5584623406
2024-02-03 00:00:00+00:00,5575854352
2024-02-04 00:00:00+00:00,5591220812
2024-02-05 00:00:00+00:00,5569692549
2024-02-06 00:00:00+00:00,5588612551
2024-02-07 00:00:00+00:00,5849831901
2024-02-08 00:00:00+00:00,5809097679
2024-02-09 00:00:00+00:00,5801705893
2024-02-10 00:00:00+00:00,5988224563
2024-02-11 00:00:00+00:00,6025738916
2024-02-12 00:00:00+00:00,6040709802
2024-02-13 00:00:00+00:00,6195896544
2024-02-14 00:00:00+00:00,5791735443
2024-02-15 00:00:00+00:00,6087689579
2024-02-16 00:00:00+00:00,6111140093
2024-02-17 00:00:00+00:00,6057975965
2024-02-18 00:00:00+00:00,6028950317
2024-02-19 00:00:00+00:00,6223831132
2024-02-20 00:00:00+00:00,6495516742
2024-02-21 00:00:00+00:00,6543695756
2024-02-22 00:00:00+00:00,6553604688
2024-02-23 00:00:00+00:00,6623774326
2024-02-24 00:00:00+00:00,6342246431
2024-02-25 00:00:00+00:00,6465407173
2024-02-26 00:00:00+00:00,6541605016
2024-02-27 00:00:00+00:00,6659955271
2024-02-28 00:00:00+00:00,6842528552
2024-02-29 00:00:00+00:00,7038207414
2024-03-01 00:00:00+00:00,6856701273
2024-03-02 00:00:00+00:00,7039317732
2024-03-03 00:00:00+00:00,6918398607
2024-03-04 00:00:00+00:00,7055797743
2024-03-05 00:00:00+00:00,7376645568
2024-03-06 00:00:00+00:00,7262433474
2024-03-07 00:00:00+00:00,7970994449
2024-03-08 00:00:00+00:00,7918234551
2024-03-09 00:00:00+00:00,8138680573
2024-03-10 00:00:00+00:00,8136449089
2024-03-11 00:00:00+00:00,8225932873
2024-03-12 00:00:00+00:00,8663041217
2024-03-13 00:00:00+00:00,8514769130
2024-03-14 00:00:00+00:00,8072620479
2024-03-15 00:00:00+00:00,7890642123
2024-03-16 00:00:00+00:00,7809578465
2024-03-17 00:00:00+00:00,7431850722
2024-03-18 00:00:00+00:00,7588994810
2024-03-19 00:00:00+00:00,7211185297
2024-03-20 00:00:00+00:00,6568203598
2024-03-21 00:00:00+00:00,7118112122
2024-03-22 00:00:00+00:00,6798785644
2024-03-23 00:00:00+00:00,6317912067
2024-03-24 00:00:00+00:00,6434700029
2024-03-25 00:00:00+00:00,6657405224
2024-03-26 00:00:00+00:00,6844485577
2024-03-27 00:00:00+00:00,6823597916
2024-03-28 00:00:00+00:00,6592615261
2024-03-29 00:00:00+00:00,6726297198
2024-03-30 00:00:00+00:00,6568853993
2024-03-31 00:00:00+00:00,6528577241
2024-04-01 00:00:00+00:00,6732948855
2024-04-02 00:00:00+00:00,6523499622
2024-04-03 00:00:00+00:00,6264511911
2024-04-04 00:00:00+00:00,6298747780
2024-04-05 00:00:00+00:00,6322370476
2024-04-06 00:00:00+00:00,6435449718
2024-04-07 00:00:00+00:00,6553409955
2024-04-08 00:00:00+00:00,6602897555
2024-04-09 00:00:00+00:00,6648688852
2024-04-10 00:00:00+00:00,6254151800
2024-04-11 00:00:00+00:00,6291760883
2024-04-12 00:00:00+00:00,6309346444
2024-04-13 00:00:00+00:00,5804358359
2024-04-14 00:00:00+00:00,5512755916
2024-04-15 00:00:00+00:00,5825538906
2024-04-16 00:00:00+00:00,5713920325
2024-04-17 00:00:00+00:00,5857145526
2024-04-18 00:00:00+00:00,5609123729
2024-04-19 00:00:00+00:00,5809464500
2024-04-20 00:00:00+00:00,5686594799
2024-04-21 00:00:00+00:00,5830881917
2024-04-22 00:00:00+00:00,5867872878
2024-04-23 00:00:00+00:00,6011542467
2024-04-24 00:00:00+00:00,6046196187
2024-04-25 00:00:00+00:00,5871166354
2024-04-26 00:00:00+00:00,5930208838
2024-04-27 00:00:00+00:00,5913650582
2024-04-28 00:00:00+00:00,6124088025
2024-04-29 00:00:00+00:00,6201923813
2024-04-30 00:00:00+00:00,5993588590
2024-05-01 00:00:00+00:00,5612575044
2024-05-02 00:00:00+00:00,5524892909
2024-05-03 00:00:00+00:00,5469517475
2024-05-04 00:00:00+00:00,5698220418
2024-05-05 00:00:00+00:00,5830270616
2024-05-06 00:00:00+00:00,5882762891
2024-05-07 00:00:00+00:00,5681393566
2024-05-08 00:00:00+00:00,5602463325
2024-05-09 00:00:00+00:00,5373313185
2024-05-10 00:00:00+00:00,5405740922
2024-05-11 00:00:00+00:00,5259618583
2024-05-12 00:00:00+00:00,5304932581
2024-05-13 00:00:00+00:00,5306637014
2024-05-14 00:00:00+00:00,5335759821
2024-05-15 00:00:00+00:00,5226681670
2024-05-16 00:00:00+00:00,5465371087
2024-05-17 00:00:00+00:00,5309474487
2024-05-18 00:00:00+00:00,5559424816
2024-05-19 00:00:00+00:00,5642353879
2024-05-20 00:00:00+00:00,5602613094
2024-05-21 00:00:00+00:00,6269557858
2024-05-22 00:00:00+00:00,6341999819
2024-05-23 00:00:00+00:00,6586629596
2024-05-24 00:00:00+00:00,6598835812
2024-05-25 00:00:00+00:00,6488202329
2024-05-26 00:00:00+00:00,6498515619
2024-05-27 00:00:00+00:00,6631215800
2024-05-28 00:00:00+00:00,6645392651
2024-05-29 00:00:00+00:00,6558590309
2024-05-30 00:00:00+00:00,6573135167
2024-05-31 00:00:00+00:00,6541711883
2024-06-01 00:00:00+00:00,6531119115
2024-06-02 00:00:00+00:00,6454713260
2024-06-03 00:00:00+00:00,6388709007
2024-06-04 00:00:00+00:00,6328075402
2024-06-05 00:00:00+00:00,6408052181
2024-06-06 00:00:00+00:00,6618459872
2024-06-07 00:00:00+00:00,6516960311
2024-06-08 00:00:00+00:00,6294927130
2024-06-09 00:00:00+00:00,6252879409
2024-06-10 00:00:00+00:00,6308215838
2024-06-11 00:00:00+00:00,6262461299
2024-06-12 00:00:00+00:00,5978032902
2024-06-13 00:00:00+00:00,6143672337
2024-06-14 00:00:00+00:00,6052474821
2024-06-15 00:00:00+00:00,5998203157
2024-06-16 00:00:00+00:00,6147857434
2024-06-17 00:00:00+00:00,6200339546
2024-06-18 00:00:00+00:00,6086353094
2024-06-19 00:00:00+00:00,6120295669
2024-06-20 00:00:00+00:00,6203130946
2024-06-21 00:00:00+00:00,6128999530
2024-06-22 00:00:00+00:00,6104442393
2024-06-23 00:00:00+00:00,6117360951
2024-06-24 00:00:00+00:00,6021159952
2024-06-25 00:00:00+00:00,5832354196
2024-06-26 00:00:00+00:00,5950537051
2024-06-27 00:00:00+00:00,5914680054
2024-06-28 00:00:00+00:00,5844153524
2024-06-29 00:00:00+00:00,5706042381
2024-06-30 00:00:00+00:00,5715576660
2024-07-01 00:00:00+00:00,5748897925
2024-07-02 00:00:00+00:00,5867710326
2024-07-03 00:00:00+00:00,5774589634
2024-07-04 00:00:00+00:00,5584600435
2024-07-05 00:00:00+00:00,5396622632
2024-07-06 00:00:00+00:00,5237414145
2024-07-07 00:00:00+00:00,5496763160
2024-07-08 00:00:00+00:00,5067094184
2024-07-09 00:00:00+00:00,5074319282
2024-07-10 00:00:00+00:00,5127716385
2024-07-11 00:00:00+00:00,5196978159
2024-07-12 00:00:00+00:00,5231429898
2024-07-13 00:00:00+00:00,5286552134
2024-07-14 00:00:00+00:00,5402991569
2024-07-15 00:00:00+00:00,5557751507
2024-07-16 00:00:00+00:00,5847908014
2024-07-17 00:00:00+00:00,5821462604
2024-07-18 00:00:00+00:00,5737560428
2024-07-19 00:00:00+00:00,5721772070
2024-07-20 00:00:00+00:00,5901219177
2024-07-21 00:00:00+00:00,6005709948
2024-07-22 00:00:00+00:00,6008291425
2024-07-23 00:00:00+00:00,5788794600
2024-07-24 00:00:00+00:00,5886177251
2024-07-25 00:00:00+00:00,5662043947
2024-07-26 00:00:00+00:00,5409114642
2024-07-27 00:00:00+00:00,5534928545
2024-07-28 00:00:00+00:00,5571759824
2024-07-29 00:00:00+00:00,5549783469
2024-07-30 00:00:00+00:00,5762308668
2024-07-31 00:00:00+00:00,5684589721
2024-08-01 00:00:00+00:00,5595056780
2024-08-02 00:00:00+00:00,5495131701
2024-08-03 00:00:00+00:00,5249764092
2024-08-04 00:00:00+00:00,5120279402
2024-08-05 00:00:00+00:00,4904629177
2024-08-06 00:00:00+00:00,4486209417
2024-08-07 00:00:00+00:00,4632847318
2024-08-08 00:00:00+00:00,4411861537
2024-08-09 00:00:00+00:00,4801879448
2024-08-10 00:00:00+00:00,4808279752
2024-08-11 00:00:00+00:00,4831780476
2024-08-12 00:00:00+00:00,4745984180
2024-08-13 00:00:00+00:00,4921331802
2024-08-14 00:00:00+00:00,4993415369
2024-08-15 00:00:00+00:00,4947468678
2024-08-16 00:00:00+00:00,4794007125
2024-08-17 00:00:00+00:00,4847459346
2024-08-18 00:00:00+00:00,4897466097
2024-08-19 00:00:00+00:00,4912254946
2024-08-20 00:00:00+00:00,4960062049
2024-08-21 00:00:00+00:00,4865961152
2024-08-22 00:00:00+00:00,4951917396
2024-08-23 00:00:00+00:00,4919290773
2024-08-24 00:00:00+00:00,5159464442
2024-08-25 00:00:00+00:00,5162078489
2024-08-26 00:00:00+00:00,5114630050
2024-08-27 00:00:00+00:00,4967436528
2024-08-28 00:00:00+00:00,4643082700
2024-08-29 00:00:00+00:00,4717986945
2024-08-30 00:00:00+00:00,4736908096
2024-08-31 00:00:00+00:00,4717521574
2024-09-01 00:00:00+00:00,4700124641
2024-09-02 00:00:00+00:00,4576757492
2024-09-03 00:00:00+00:00,4761190371
2024-09-04 00:00:00+00:00,4579455162
2024-09-05 00:00:00+00:00,4953156524
2024-09-06 00:00:00+00:00,5260141958
2024-09-07 00:00:00+00:00,5069695419
2024-09-08 00:00:00+00:00,5200734033
2024-09-09 00:00:00+00:00,5245802111
2024-09-10 00:00:00+00:00,5299148056
2024-09-11 00:00:00+00:00,5362894924
2024-09-12 00:00:00+00:00,5309572635
2024-09-13 00:00:00+00:00,5449384580
2024-09-14 00:00:00+00:00,5620236330
2024-09-15 00:00:00+00:00,5608698914
2024-09-16 00:00:00+00:00,5449015788
2024-09-17 00:00:00+00:00,5363530049
2024-09-18 00:00:00+00:00,5515009122
2024-09-19 00:00:00+00:00,5600539769
2024-09-20 00:00:00+00:00,5733894601
2024-09-21 00:00:00+00:00,6013005419
2024-09-22 00:00:00+00:00,6093108024
2024-09-23 00:00:00+00:00,6073933557
2024-09-24 00:00:00+00:00,6144945093
2024-09-25 00:00:00+00:00,6102429362
2024-09-26 00:00:00+00:00,5988989304
2024-09-27 00:00:00+00:00,6179645416
2024-09-28 00:00:00+00:00,6225296540
2024-09-29 00:00:00+00:00,6225898712
2024-09-30 00:00:00+00:00,6210298771
2024-10-01 00:00:00+00:00,6101129069
2024-10-02 00:00:00+00:00,6221947279
2024-10-03 00:00:00+00:00,5962074997
2024-10-04 00:00:00+00:00,5881168337
2024-10-05 00:00:00+00:00,5947165425
2024-10-06 00:00:00+00:00,5927777480
2024-10-07 00:00:00+00:00,5967812989
2024-10-08 00:00:00+00:00,5897790454
2024-10-09 00:00:00+00:00,5816178067
2024-10-10 00:00:00+00:00,5615882605
2024-10-11 00:00:00+00:00,5560331340
2024-10-12 00:00:00+00:00,5741773811
2024-10-13 00:00:00+00:00,5813708020
2024-10-14 00:00:00+00:00,5789246435
2024-10-15 00:00:00+00:00,6031782305
2024-10-16 00:00:00+00:00,5946524793
2024-10-17 00:00:00+00:00,5930492145
2024-10-18 00:00:00+00:00,5832964929
2024-10-19 00:00:00+00:00,5970012762
2024-10-20 00:00:00+00:00,5982107754
2024-10-21 00:00:00+00:00,6118664088
2024-10-22 00:00:00+00:00,5927832271
2024-10-23 00:00:00+00:00,5777476006
2024-10-24 00:00:00+00:00,5529085483
2024-10-25 00:00:00+00:00,5416941225
2024-10-26 00:00:00+00:00,5055612162
2024-10-27 00:00:00+00:00,5094851742
2024-10-28 00:00:00+00:00,5169280876
2024-10-29 00:00:00+00:00,5244479246
2024-10-30 00:00:00+00:00,5350407452
2024-10-31 00:00:00+00:00,5367883118
2024-11-01 00:00:00+00:00,5039528274
2024-11-02 00:00:00+00:00,5198420034
2024-11-03 00:00:00+00:00,5175781236
2024-11-04 00:00:00+00:00,5152047860
2024-11-05 00:00:00+00:00,5044859389
2024-11-06 00:00:00+00:00,5125116410
2024-11-07 00:00:00+00:00,5632456479
2024-11-08 00:00:00+00:00,5800915136
2024-11-09 00:00:00+00:00,5941470516
2024-11-10 00:00:00+00:00,6217112653
2024-11-11 00:00:00+00:00,6331358240
2024-11-12 00:00:00+00:00,6421608167
2024-11-13 00:00:00+00:00,5944210724
2024-11-14 00:00:00+00:00,5980461749
2024-11-15 00:00:00+00:00,5740721710
2024-11-16 00:00:00+00:00,6039518229
2024-11-17 00:00:00+00:00,6170787855
2024-11-18 00:00:00+00:00,6074931820
2024-11-19 00:00:00+00:00,6138027507
2024-11-20 00:00:00+00:00,6114330476
2024-11-21 00:00:00+00:00,5957201514
2024-11-22 00:00:00+00:00,6383914531
2024-11-23 00:00:00+00:00,6288090673
2024-11-24 00:00:00+00:00,6524699281
2024-11-25 00:00:00+00:00,6461076680
2024-11-26 00:00:00+00:00,6348860824
2024-11-27 00:00:00+00:00,6118251882
2024-11-28 00:00:00+00:00,6775319571
2024-11-29 00:00:00+00:00,6655892609
2024-11-30 00:00:00+00:00,6626494104
2024-12-01 00:00:00+00:00,6873268745
2024-12-02 00:00:00+00:00,6852832935
2024-12-03 00:00:00+00:00,6632939818
2024-12-04 00:00:00+00:00,6524325267
2024-12-05 00:00:00+00:00,6798935143
2024-12-06 00:00:00+00:00,6669299651
2024-12-07 00:00:00+00:00,6961537647
2024-12-08 00:00:00+00:00,6974117944
2024-12-09 00:00:00+00:00,6767063695
2024-12-10 00:00:00+00:00,6223691989
2024-12-11 00:00:00+00:00,6253975855
2024-12-12 00:00:00+00:00,6705922405
2024-12-13 00:00:00+00:00,6788531186
2024-12-14 00:00:00+00:00,6979046527
2024-12-15 00:00:00+00:00,6977577411
2024-12-16 00:00:00+00:00,7085242059
2024-12-17 00:00:00+00:00,7132372596
2024-12-18 00:00:00+00:00,6975960392
2024-12-19 00:00:00+00:00,6546925647
2024-12-20 00:00:00+00:00,6260867747
2024-12-21 00:00:00+00:00,6371030937
2024-12-22 00:00:00+00:00,6361750346
2024-12-23 00:00:00+00:00,6347249180
2024-12-24 00:00:00+00:00,6552940444
2024-12-25 00:00:00+00:00,6764106920
2024-12-26 00:00:00+00:00,6797764981
2024-12-27 00:00:00+00:00,6531440833
2024-12-28 00:00:00+00:00,6566861424
2024-12-29 00:00:00+00:00,6649039646
2024-12-30 00:00:00+00:00,6403083027
2024-12-31 00:00:00+00:00,6664037136
2025-01-01 00:00:00+00:00,6665977767
2025-01-02 00:00:00+00:00,6471637222
2025-01-03 00:00:00+00:00,6975384405
2025-01-04 00:00:00+00:00,7507657878
2025-01-05 00:00:00+00:00,7604273968
2025-01-06 00:00:00+00:00,7567775033
2025-01-07 00:00:00+00:00,7564733878
2025-01-08 00:00:00+00:00,7093146309
2025-01-09 00:00:00+00:00,7028562809
2025-01-10 00:00:00+00:00,6905232192
2025-01-11 00:00:00+00:00,7035439426
2025-01-12 00:00:00+00:00,7058789879
2025-01-13 00:00:00+00:00,7204481909
2025-01-14 00:00:00+00:00,7013779545
2025-01-15 00:00:00+00:00,7169920854
2025-01-16 00:00:00+00:00,7657287634
2025-01-17 00:00:00+00:00,7331832971
2025-01-18 00:00:00+00:00,7542665834
2025-01-19 00:00:00+00:00,7111040165
2025-01-20 00:00:00+00:00,6791887936
2025-01-21 00:00:00+00:00,6970542876
2025-01-22 00:00:00+00:00,7098781818
2025-01-23 00:00:00+00:00,7089865433
2025-01-24 00:00:00+00:00,7412947293
2025-01-25 00:00:00+00:00,7214966554
2025-01-26 00:00:00+00:00,7317042127
2025-01-27 00:00:00+00:00,7198286305
2025-01-28 00:00:00+00:00,6958180330
2025-01-29 00:00:00+00:00,6852489009
2025-01-30 00:00:00+00:00,6893587188
2025-01-31 00:00:00+00:00,7079548419
2025-02-01 00:00:00+00:00,6916013541
2025-02-02 00:00:00+00:00,6694107358
2025-02-03 00:00:00+00:00,6267065342
2025-02-04 00:00:00+00:00,6142496175
2025-02-05 00:00:00+00:00,6567367095
2025-02-06 00:00:00+00:00,6924244716
2025-02-07 00:00:00+00:00,7058965515
2025-02-08 00:00:00+00:00,7198033310
2025-02-09 00:00:00+00:00,7278474232
2025-02-10 00:00:00+00:00,7276761119
2025-02-11 00:00:00+00:00,7278374694
2025-02-12 00:00:00+00:00,7267231618
2025-02-13 00:00:00+00:00,7541236339
2025-02-14 00:00:00+00:00,7434293094
2025-02-15 00:00:00+00:00,7486785628
2025-02-16 00:00:00+00:00,7544680989
2025-02-17 00:00:00+00:00,7464739891
2025-02-18 00:00:00+00:00,7548954706
2025-02-19 00:00:00+00:00,7551221248
2025-02-20 00:00:00+00:00,7558692474
2025-02-21 00:00:00+00:00,7257096729
2025-02-22 00:00:00+00:00,6545806647
2025-02-23 00:00:00+00:00,6753880027
2025-02-24 00:00:00+00:00,6994496902
2025-02-25 00:00:00+00:00,6578866974
2025-02-26 00:00:00+00:00,6116396182
2025-02-27 00:00:00+00:00,5493847379
2025-02-28 00:00:00+00:00,5458803888
2025-03-01 00:00:00+00:00,5861399686
2025-03-02 00:00:00+00:00,5934700103
2025-03-03 00:00:00+00:00,6413575646
2025-03-04 00:00:00+00:00,6025528541
2025-03-05 00:00:00+00:00,6075270591
2025-03-06 00:00:00+00:00,6415446278
2025-03-07 00:00:00+00:00,6422446931
2025-03-08 00:00:00+00:00,6409505968
2025-03-09 00:00:00+00:00,6489389951
2025-03-10 00:00:00+00:00,6247473414
2025-03-11 00:00:00+00:00,5981595081
2025-03-12 00:00:00+00:00,6112189711
2025-03-13 00:00:00+00:00,6096059007
2025-03-14 00:00:00+00:00,6302130698
2025-03-15 00:00:00+00:00,6458555633
2025-03-16 00:00:00+00:00,6538524115
2025-03-17 00:00:00+00:00,6499698123
2025-03-18 00:00:00+00:00,6633604916
2025-03-19 00:00:00+00:00,6652719628
2025-03-20 00:00:00+00:00,6868362786
2025-03-21 00:00:00+00:00,6664979527
2025-03-22 00:00:00+00:00,6409859957
2025-03-23 00:00:00+00:00,6442371700
2025-03-24 00:00:00+00:00,6505023774
2025-03-25 00:00:00+00:00,6814193804
2025-03-26 00:00:00+00:00,7155496699
2025-03-27 00:00:00+00:00,7104133235
2025-03-28 00:00:00+00:00,6731087578
2025-03-29 00:00:00+00:00,6344055123
2025-03-30 00:00:00+00:00,6319018981
2025-03-31 00:00:00+00:00,6337060877
2025-04-01 00:00:00+00:00,6773871133
2025-04-02 00:00:00+00:00,6925916044
2025-04-03 00:00:00+00:00,7006416533
2025-04-04 00:00:00+00:00,6996215688
2025-04-05 00:00:00+00:00,7166519464
2025-04-06 00:00:00+00:00,7208496271
2025-04-07 00:00:00+00:00,6820789002
2025-04-08 00:00:00+00:00,6611302465
2025-04-09 00:00:00+00:00,6452250262
2025-04-10 00:00:00+00:00,6425736421
2025-04-11 00:00:00+00:00,6122180109
2025-04-12 00:00:00+00:00,5541100265
2025-04-13 00:00:00+00:00,5735465471
2025-04-14 00:00:00+00:00,5673971541
2025-04-15 00:00:00+00:00,5531022073
2025-04-16 00:00:00+00:00,5505160453
2025-04-17 00:00:00+00:00,5636799578
2025-04-18 00:00:00+00:00,5603866091
2025-04-19 00:00:00+00:00,5470860763
2025-04-20 00:00:00+00:00,5637621236
2025-04-21 00:00:00+00:00,5631724681
2025-04-22 00:00:00+00:00,5511865351
2025-04-23 00:00:00+00:00,5741125558
2025-04-24 00:00:00+00:00,5702115967
2025-04-25 00:00:00+00:00,5975802331
2025-04-26 00:00:00+00:00,6152839687
2025-04-27 00:00:00+00:00,6225476536
2025-04-28 00:00:00+00:00,6195006601
2025-04-29 00:00:00+00:00,6243329083
2025-04-30 00:00:00+00:00,6239092008
2025-05-01 00:00:00+00:00,5969017789
2025-05-02 00:00:00+00:00,5953997136
2025-05-03 00:00:00+00:00,5926003674
2025-05-04 00:00:00+00:00,5954209770
2025-05-05 00:00:00+00:00,5953388259
2025-05-06 00:00:00+00:00,5672019351
2025-05-07 00:00:00+00:00,5581762911
2025-05-08 00:00:00+00:00,5419729911
2025-05-09 00:00:00+00:00,6381378264
2025-05-10 00:00:00+00:00,6237783001
2025-05-11 00:00:00+00:00,6460874995
2025-05-12 00:00:00+00:00,6390682127
2025-05-13 00:00:00+00:00,6093386121
2025-05-14 00:00:00+00:00,6093732603
2025-05-15 00:00:00+00:00,5863867880
2025-05-16 00:00:00+00:00,5703079209
2025-05-17 00:00:00+00:00,5620606135
2025-05-18 00:00:00+00:00,5572640081
2025-05-19 00:00:00+00:00,5541298853
2025-05-20 00:00:00+00:00,5669723135
2025-05-21 00:00:00+00:00,5700321285
2025-05-22 00:00:00+00:00,5698724394
2025-05-23 00:00:00+00:00,5481202586
2025-05-24 00:00:00+00:00,4949916619
2025-05-25 00:00:00+00:00,4954735060
2025-05-26 00:00:00+00:00,4989689896
2025-05-27 00:00:00+00:00,5307289875
2025-05-28 00:00:00+00:00,5428016691
2025-05-29 00:00:00+00:00,5492967763
2025-05-30 00:00:00+00:00,5444189358
2025-05-31 00:00:00+00:00,5316930279
2025-06-01 00:00:00+00:00,5346795016
2025-06-02 00:00:00+00:00,5328707342
2025-06-03 00:00:00+00:00,5028575257
2025-06-04 00:00:00+00:00,5140104760
2025-06-05 00:00:00+00:00,5258906369
2025-06-06 00:00:00+00:00,4979122743
2025-06-07 00:00:00+00:00,5026877812
2025-06-08 00:00:00+00:00,5095582367
2025-06-09 00:00:00+00:00,5070896146
2025-06-10 00:00:00+00:00,5055120806
2025-06-11 00:00:00+00:00,5201745840
2025-06-12 00:00:00+00:00,5083303403
2025-06-13 00:00:00+00:00,4697730042
2025-06-14 00:00:00+00:00,4645331730
2025-06-15 00:00:00+00:00,4768856968
2025-06-16 00:00:00+00:00,4622144330
2025-06-17 00:00:00+00:00,4771277612
2025-06-18 00:00:00+00:00,4778324597
2025-06-19 00:00:00+00:00,4969476782
2025-06-20 00:00:00+00:00,5019863227
2025-06-21 00:00:00+00:00,4896528317
2025-06-22 00:00:00+00:00,4781856070
2025-06-23 00:00:00+00:00,4670179981
2025-06-24 00:00:00+00:00,4864710835
2025-06-25 00:00:00+00:00,4946826276
2025-06-26 00:00:00+00:00,4913275632
2025-06-27 00:00:00+00:00,4923097108
2025-06-28 00:00:00+00:00,4838327796
2025-06-29 00:00:00+00:00,5071596934
2025-06-30 00:00:00+00:00,4981693628
2025-07-01 00:00:00+00:00,5067952501
2025-07-02 00:00:00+00:00,5233248710
2025-07-03 00:00:00+00:00,5230003410
2025-07-04 00:00:00+00:00,5362593705
2025-07-05 00:00:00+00:00,5394225448
2025-07-06 00:00:00+00:00,5403511681
2025-07-07 00:00:00+00:00,5459902355
2025-07-08 00:00:00+00:00,5262335918
2025-07-09 00:00:00+00:00,5471782814
2025-07-10 00:00:00+00:00,5600532937
2025-07-11 00:00:00+00:00,5866808292
2025-07-12 00:00:00+00:00,5827774796
2025-07-13 00:00:00+00:00,5708244168
2025-07-14 00:00:00+00:00,5762760959
2025-07-15 00:00:00+00:00,5304826314
2025-07-16 00:00:00+00:00,5447869782
2025-07-17 00:00:00+00:00,5360442399
2025-07-18 00:00:00+00:00,5457766112
2025-07-19 00:00:00+00:00,5647785980
2025-07-20 00:00:00+00:00,5577970975
2025-07-21 00:00:00+00:00,5700185684
2025-07-22 00:00:00+00:00,5700043854
2025-07-23 00:00:00+00:00,5730925634
2025-07-24 00:00:00+00:00,5738089150
2025-07-25 00:00:00+00:00,5852578121
2025-07-26 00:00:00+00:00,5745207647
2025-07-27 00:00:00+00:00,5836102617
2025-07-28 00:00:00+00:00,5930863389
2025-07-29 00:00:00+00:00,5659259895
2025-07-30 00:00:00+00:00,5661874103
2025-07-31 00:00:00+00:00,5534108497
2025-08-01 00:00:00+00:00,5454422765
2025-08-02 00:00:00+00:00,5269937296
2025-08-03 00:00:00+00:00,5195248951
2025-08-04 00:00:00+00:00,5381500592
2025-08-05 00:00:00+00:00,5696680186
2025-08-06 00:00:00+00:00,5837642368
2025-08-07 00:00:00+00:00,5889516780
2025-08-08 00:00:00+00:00,5928887501
2025-08-09 00:00:00+00:00,6246779201
2025-08-10 00:00:00+00:00,6502660828
2025-08-11 00:00:00+00:00,6499205736
2025-08-12 00:00:00+00:00,6388253808
2025-08-13 00:00:00+00:00,6644121894
2025-08-14 00:00:00+00:00,6751963307
2025-08-15 00:00:00+00:00,6446811408
2025-08-16 00:00:00+00:00,6322870051
2025-08-17 00:00:00+00:00,6391684113
2025-08-18 00:00:00+00:00,6507447466
2025-08-19 00:00:00+00:00,6328001305
2025-08-20 00:00:00+00:00,5850553530
2025-08-21 00:00:00+00:00,6105285265
2025-08-22 00:00:00+00:00,6001632582
2025-08-23 00:00:00+00:00,6452113055
2025-08-24 00:00:00+00:00,6341243972
2025-08-25 00:00:00+00:00,6185920927
2025-08-26 00:00:00+00:00,5967329315
2025-08-27 00:00:00+00:00,6301749527
2025-08-28 00:00:00+00:00,6210606426
2025-08-29 00:00:00+00:00,6111777084
2025-08-30 00:00:00+00:00,6129537198
2025-08-31 00:00:00+00:00,6143764325
2025-09-01 00:00:00+00:00,6107798361
2025-09-02 00:00:00+00:00,5945009853
2025-09-03 00:00:00+00:00,6149009144
2025-09-04 00:00:00+00:00,6365485210
2025-09-05 00:00:00+00:00,6120356715
2025-09-06 00:00:00+00:00,6215764352
2025-09-07 00:00:00+00:00,6126297761
2025-09-08 00:00:00+00:00,5970742779
2025-09-09 00:00:00+00:00,5994693605
2025-09-10 00:00:00+00:00,5863281942
2025-09-11 00:00:00+00:00,5857493666
2025-09-12 00:00:00+00:00,5844761899
2025-09-13 00:00:00+00:00,6192287017
2025-09-14 00:00:00+00:00,5994872147
2025-09-15 00:00:00+00:00,5832814541
2025-09-16 00:00:00+00:00,5696102481
2025-09-17 00:00:00+00:00,5965977563
2025-09-18 00:00:00+00:00,5890846302
2025-09-19 00:00:00+00:00,6072990651
2025-09-20 00:00:00+00:00,6068688759
2025-09-21 00:00:00+00:00,6067659295
2025-09-22 00:00:00+00:00,6115320839
2025-09-23 00:00:00+00:00,6031993177
2025-09-24 00:00:00+00:00,6055471138
2025-09-25 00:00:00+00:00,6164865913
2025-09-26 00:00:00+00:00,5847636051
2025-09-27 00:00:00+00:00,6158543118
2025-09-28 00:00:00+00:00,6135020294
2025-09-29 00:00:00+00:00,6186776317
2025-09-30 00:00:00+00:00,5826659252
2025-10-01 00:00:00+00:00,6071019961
2025-10-02 00:00:00+00:00,6211322734
2025-10-03 00:00:00+00:00,6367489854
2025-10-04 00:00:00+00:00,6117770105
2025-10-05 00:00:00+00:00,6262956668
2025-10-06 00:00:00+00:00,6258821993
2025-10-07 00:00:00+00:00,6017819483
2025-10-08 00:00:00+00:00,5931533908
2025-10-09 00:00:00+00:00,5714244006
2025-10-10 00:00:00+00:00,5916466613
2025-10-11 00:00:00+00:00,5596531595
2025-10-12 00:00:00+00:00,5567724995
2025-10-13 00:00:00+00:00,6110212606
2025-10-14 00:00:00+00:00,6087962406
2025-10-15 00:00:00+00:00,6052013458
2025-10-16 00:00:00+00:00,5872771981
2025-10-17 00:00:00+00:00,5940121789
2025-10-18 00:00:00+00:00,5994395509
2025-10-19 00:00:00+00:00,6063156836
2025-10-20 00:00:00+00:00,6268715245
2025-10-21 00:00:00+00:00,6119823466
2025-10-22 00:00:00+00:00,6654186833
2025-10-23 00:00:00+00:00,6582888951
2025-10-24 00:00:00+00:00,6434303947
2025-10-25 00:00:00+00:00,6794869251
2025-10-26 00:00:00+00:00,6895115346
2025-10-27 00:00:00+00:00,7061568718
2025-10-28 00:00:00+00:00,7005767888
2025-10-29 00:00:00+00:00,6902554375
2025-10-30 00:00:00+00:00,6855040728
2025-10-31 00:00:00+00:00,6762768427
2025-11-01 00:00:00+00:00,6589093740
2025-11-02 00:00:00+00:00,6527258635
2025-11-03 00:00:00+00:00,6573602807
2025-11-04 00:00:00+00:00,6522282742
2025-11-05 00:00:00+00:00,5945804152
2025-11-06 00:00:00+00:00,5960261919
2025-11-07 00:00:00+00:00,6197299142
2025-11-08 00:00:00+00:00,6211980810
2025-11-09 00:00:00+00:00,6136328022
2025-11-10 00:00:00+00:00,6394879794
2025-11-11 00:00:00+00:00,6216928141
2025-11-12 00:00:00+00:00,6077266558
2025-11-13 00:00:00+00:00,6126306346
2025-11-14 00:00:00+00:00,5984202363
2025-11-15 00:00:00+00:00,5995050324
2025-11-16 00:00:00+00:00,6026552272
2025-11-17 00:00:00+00:00,5938816444
2025-11-18 00:00:00+00:00,5841931581
2025-11-19 00:00:00+00:00,5835472271
2025-11-20 00:00:00+00:00,5316444353
2025-11-21 00:00:00+00:00,5409501783
2025-11-21 08:06:59+00:00,5301732216
