model,confidence_threshold,total_predictions,base_accuracy,date_start,date_end,initial_capital,final_capital,total_return,total_return_pct,annual_return_pct,num_trades,num_wins,num_losses,win_rate,avg_profit_per_trade,avg_win,avg_loss,expectancy,profit_factor,max_drawdown,max_drawdown_pct,sharpe_ratio,sortino_ratio,calmar_ratio,recovery_factor,max_consecutive_wins,max_consecutive_losses,num_days,years,sufficient_trades,t_statistic,p_value,is_significant,is_very_significant,confidence_95_lower,confidence_95_upper,stat_warning
AdaBoost,0.0,518,62.93436293436293,2022-10-10,2025-10-05,10000.0,13714.346270291546,3714.346270291546,37.14346270291546,16.609474342155316,518,300,218,57.91505791505791,7.170552645350484,30.9306456903582,25.526823104660135,7.170552645350483,1.667465966042157,-339.88891852779307,2.776322441878037,2.415054651753113,3.0263713911909313,5.982545143754944,10.92811818161062,7,5,518,2.0555555555555554,True,3.4625142753441063,0.0005795088971491011,True,True,0.0002674385750643546,0.0009689300011323276,
AdaBoost,0.05,518,62.93436293436293,2022-10-10,2025-10-05,10000.0,16469.466707664807,6469.4667076648075,64.69466707664807,27.47108031999499,433,254,179,58.66050808314087,14.941031657424489,52.147773110509135,37.855126605611815,14.941031657424485,1.9547523770400321,-396.85652022570684,2.8099095607579128,3.6618145923941734,5.532774923458561,9.776499821789729,16.301777539110066,7,4,518,2.0555555555555554,True,4.799986642353975,2.19008538188249e-06,True,True,0.0006883282430082485,0.0016429101175393925,
AdaBoost,0.1,518,62.93436293436293,2022-10-10,2025-10-05,10000.0,18893.99577919899,8893.995779198991,88.93995779198991,36.27864331169823,362,217,145,59.94475138121547,24.569049113809392,72.82294404234226,47.64540053785704,24.56904911380939,2.287383487872535,-408.39734628831866,2.722456538373565,4.674179350002456,7.7502135812785395,13.325701549443878,21.77780012537115,8,4,518,2.0555555555555554,True,5.602210037171752,4.203166965843416e-08,True,True,0.0011533943871100878,0.0024011569950518315,
AdaBoost,0.15,518,62.93436293436293,2022-10-10,2025-10-05,10000.0,15653.14026011834,5653.14026011834,56.5314026011834,24.35721537491795,300,179,121,59.66666666666667,18.8438008670611,57.021918978113206,37.63457220631351,18.843800867061105,2.2414161952704954,-356.5183346931717,2.536007223970326,4.293628262363748,6.7950338784120925,9.604552835927946,15.856520436693863,7,4,518,2.0555555555555554,True,4.684732504353235,4.261538541542254e-06,True,True,0.0008758182165536471,0.0021446247936648686,
AdaBoost,0.2,518,62.93436293436293,2022-10-10,2025-10-05,10000.0,16538.80725069315,6538.807250693149,65.3880725069315,27.73188862368743,232,139,93,59.91379310344828,28.184514011608336,75.77375559525392,42.94349222631356,28.184514011608336,2.6372621726538332,-310.56346045847386,2.655286431341219,4.885725589649588,8.715530342548439,10.444029049506232,21.054657367097015,9,4,518,2.0555555555555554,True,4.687840134820094,4.720728976907985e-06,True,True,0.0012731038613678324,0.0031191610422194715,
Bagging,0.0,518,60.810810810810814,2022-10-10,2025-10-05,10000.0,13258.578170189821,3258.5781701898213,32.58578170189821,14.707842806521732,518,286,232,55.21235521235521,6.290691448242895,28.805992265575377,21.465239731744568,6.290691448242892,1.654341425332009,-261.61724788473293,2.391793286851947,2.300508634945129,3.2700857787987667,6.149295128209027,12.45551735039095,9,5,518,2.0555555555555554,True,3.2982872595730384,0.0010397346146461062,True,True,0.00022316581233146533,0.000880608079176751,
Bagging,0.05,518,60.810810810810814,2022-10-10,2025-10-05,10000.0,15089.161919259996,5089.161919259996,50.891619192599954,22.15694583202772,458,262,196,57.20524017467249,11.111707247292571,42.72403359558659,31.145586136651488,11.111707247292564,1.8336690701223937,-294.46476391631586,2.942751033802278,3.171445697499138,4.996096685414542,7.529330744435797,17.282753466239132,9,5,518,2.0555555555555554,True,4.275527934533067,2.3227565091975075e-05,True,True,0.0004911616812158573,0.0013267160474149148,
Bagging,0.1,518,60.810810810810814,2022-10-10,2025-10-05,10000.0,14644.601267538723,4644.601267538723,46.44601267538723,20.392626709191795,405,229,176,56.54320987654321,11.468151277873366,43.10513756313339,29.695882013743372,11.468151277873366,1.8886679950096763,-264.1737651739495,2.0329226526089563,3.2450794087560904,5.3213403613253485,10.031186716829028,17.581614375978667,8,5,518,2.0555555555555554,True,4.1138890038631635,4.716560484481901e-05,True,True,0.0004977029852035795,0.0014086850793803975,
Bagging,0.15,518,60.810810810810814,2022-10-10,2025-10-05,10000.0,14638.532232783171,4638.532232783171,46.38532232783171,20.368351724621814,357,206,151,57.70308123249299,12.993087486787589,45.76462900639127,31.715108228698227,12.993087486787585,1.9685843190880603,-293.0122943103215,2.3547742952843977,3.35680361829713,5.492910073348573,8.649810627460509,15.830503780399825,8,5,518,2.0555555555555554,True,3.995395464790438,7.851151803925859e-05,True,True,0.0005488841411337097,0.001613052130385379,
Bagging,0.2,518,60.810810810810814,2022-10-10,2025-10-05,10000.0,12655.79797612781,2655.7979761278093,26.557979761278094,12.140496810329848,295,168,127,56.949152542372886,9.002705003823085,34.15918466114039,24.275157849950986,9.002705003823086,1.8614483669634625,-230.67199354958393,2.1867482561951967,3.011384179199222,4.893759318275559,5.55184931595809,11.513309159297373,7,5,518,2.0555555555555554,True,3.258193718264328,0.0012526751801948646,True,True,0.00031983161709484313,0.0012956256744611446,
BiLSTM,0.0,368,58.69565217391305,2022-11-09,2025-10-05,10000.0,9975.637184356348,-24.36281564365163,-0.24362815643651628,-0.1668964531700512,368,198,170,53.80434782608695,-0.06620330337952346,9.214855444633091,10.875907021653036,-0.06620330337952307,0.986823105422699,-225.89036111945643,2.2222103010688743,-0.029504724659331388,-0.027982912343561737,-0.0751038068223222,-0.10785239141199109,7,5,368,1.4603174603174602,True,-0.03565457015709899,0.9715771798388805,False,False,-0.00023263318068923437,0.00022434745920328313,
BiLSTM,0.05,368,58.69565217391305,2022-11-09,2025-10-05,10000.0,10829.62666642822,829.6266664282193,8.296266664282195,5.609433434115774,321,170,151,52.95950155763239,2.5845067489975286,20.831712496550665,17.958705019770903,2.5845067489975264,1.3059361088626935,-319.8880409302892,2.9040617272586466,1.1811406228422903,1.430772926098099,1.9315820257756444,2.593490722615084,7,9,368,1.4603174603174602,True,1.3330727541023646,0.18345620482399436,False,False,-0.00012092553429073164,0.0006291845507675328,
BiLSTM,0.1,368,58.69565217391305,2022-11-09,2025-10-05,10000.0,11730.881610619372,1730.8816106193717,17.308816106193717,11.55175946600604,281,153,128,54.44839857651246,6.159721034232688,29.00049918404414,21.142146597963812,6.159721034232691,1.6395997927791446,-309.38960941030564,2.630429781390681,2.068279299860863,2.7107861695584874,4.391586328489158,5.594504656825482,7,6,368,1.4603174603174602,True,2.184047477432756,0.029788423480115622,True,False,5.70562936973827e-05,0.001099048701911751,
BiLSTM,0.15,368,58.69565217391305,2022-11-09,2025-10-05,10000.0,10195.336591172405,195.33659117240495,1.9533659117240494,1.333547746930397,254,144,110,56.69291338582677,0.769041697529135,9.642665764571591,10.847338899326447,0.7690416975291336,1.1637071736171742,-180.0968528545618,1.780166940448351,0.5331426311639273,0.4814081270224759,0.7491138705196553,1.0846196814452393,7,5,368,1.4603174603174602,True,0.535254095392043,0.5929443191747322,False,False,-0.00021147016159510221,0.00036932225882759044,
BiLSTM,0.2,368,58.69565217391305,2022-11-09,2025-10-05,10000.0,11012.09478599731,1012.0947859973094,10.120947859973093,6.8247308727797495,222,126,96,56.75675675675676,4.558985522510372,23.63560542655199,20.479078101544257,4.558985522510371,1.5148012019159323,-234.10367060072895,2.2837540930313884,1.7913156508998456,2.0791588054285075,2.9883825467919802,4.32327602296962,7,4,368,1.4603174603174602,True,1.6813120950676566,0.09411491611598523,False,False,-7.609251572137304e-05,0.0009600990212289896,
CatBoost,0.0,518,63.32046332046332,2022-10-10,2025-10-05,10000.0,12362.471106508434,2362.471106508434,23.624711065084337,10.868450717303002,518,297,221,57.33590733590733,4.560755031869574,23.484977698830615,20.871345113322416,4.56075503186957,1.5121813879769765,-306.34406319869413,2.6751228901046833,1.8639230809315857,2.29883725576208,4.062785585479289,7.7118227193328694,8,5,518,2.0555555555555554,True,2.6723454358202865,0.007770109514208481,True,False,0.0001101149747193112,0.0007213984247969474,
CatBoost,0.05,518,63.32046332046332,2022-10-10,2025-10-05,10000.0,13246.717497879217,3246.7174978792173,32.46717497879217,14.657911143347224,234,143,91,61.111111111111114,13.874861102047964,41.84535206790541,30.078767558585167,13.874861102047966,2.186159445958605,-270.28790979161386,2.6373851629840783,3.732069805443212,5.3993752943036535,5.557743840024671,12.01207075959249,15,4,518,2.0555555555555554,True,3.596312450921203,0.00039400773333508145,True,True,0.0005496264713867389,0.001881479203632456,
CatBoost,0.1,518,63.32046332046332,2022-10-10,2025-10-05,10000.0,12771.780222323245,2771.7802223232447,27.717802223232447,12.639285783299004,202,127,75,62.87128712871287,13.721684268927001,39.003390095973614,29.088670931538612,13.721684268926994,2.2704970164486613,-285.15083585998036,2.7806323526351666,3.6519341151947873,4.808063207175283,4.545471741821938,9.720400131263482,13,4,518,2.0555555555555554,True,3.2696280320381246,0.00126692595539216,True,True,0.0004866225852121134,0.0019653503467470562,
CatBoost,0.15,518,63.32046332046332,2022-10-10,2025-10-05,10000.0,11895.652954859028,1895.652954859028,18.95652954859028,8.811646553255281,177,110,67,62.14689265536724,10.70990369976853,35.11143956472399,29.352319362098637,10.709903699768534,1.9639213629229266,-293.2951159579661,2.8659732477120103,3.0150587268900466,3.6634270366674477,3.074573902701246,6.463295335373758,13,5,518,2.0555555555555554,True,2.526865573122715,0.012389804364084586,True,False,0.00021784842452682762,0.0017718232173383056,
CatBoost,0.2,518,63.32046332046332,2022-10-10,2025-10-05,10000.0,14423.118186169304,4423.118186169304,44.231181861693045,19.503364606248397,157,102,55,64.96815286624204,28.17272730044145,63.363012409170345,37.089255992110324,28.172727300441444,3.1682918275505685,-234.41618423950422,1.8628090820992043,5.805209525707657,12.420943115149125,10.469867681915103,18.868655338447883,12,4,518,2.0555555555555554,True,4.582130512761351,9.369432297634489e-06,True,True,0.0013403335226269875,0.003371559843694717,
DTW_LSTM,0.0,368,58.96739130434783,2022-11-09,2025-10-05,10000.0,10869.980907078527,869.9809070785268,8.699809070785268,5.878758274726459,368,195,173,52.9891304347826,2.3640785518438614,17.09444540415511,14.239514142957834,2.3640785518438605,1.3531575108468983,-334.6648629954907,3.0005215266859318,1.1621978620126572,1.4612545083857027,1.9592454919727011,2.5995585532690026,10,7,368,1.4603174603174602,True,1.404441684713548,0.16103310387874906,False,False,-9.271843240377293e-05,0.0005561203857478832,
DTW_LSTM,0.05,368,58.96739130434783,2022-11-09,2025-10-05,10000.0,11619.560935550146,1619.5609355501456,16.195609355501457,10.825777053453223,304,168,136,55.26315789473685,5.327503077467564,29.35614642506973,24.354938704864516,5.32750307746757,1.4889577606874171,-439.1915829024765,3.9863203021323885,1.7781469438869608,2.2204994425135225,2.7157318612009744,3.6875955701313448,8,4,368,1.4603174603174602,True,1.9530086602760903,0.051738887282435336,False,False,-3.82319882994591e-06,0.0010117907916984414,
DTW_LSTM,0.1,368,58.96739130434783,2022-11-09,2025-10-05,10000.0,11682.30054262689,1682.30054262689,16.8230054262689,11.23520427336777,257,144,113,56.03112840466926,6.545916508275867,32.180179630026686,26.12075508050394,6.545916508275868,1.569953486244692,-338.4642812218208,3.2299815974990977,2.077132008943427,2.579382504654058,3.4784112336946245,4.970393143270423,8,5,368,1.4603174603174602,True,2.097637264292645,0.03691789202420824,True,False,3.7711326444914346e-05,0.0011948004217086678,
DTW_LSTM,0.15,368,58.96739130434783,2022-11-09,2025-10-05,10000.0,15182.573698664786,5182.573698664786,51.82573698664786,33.10126243350764,211,124,87,58.767772511848335,24.56196065717907,71.54160441765428,42.397531599130446,24.56196065717906,2.4050302076914445,-463.5942336872358,3.1655366368552476,4.719291576923062,9.330413438523458,10.456761753479995,11.179115964072178,8,4,368,1.4603174603174602,True,4.318349295366458,2.4231529453634403e-05,True,True,0.0010888442346821735,0.0029179394434145226,
DTW_LSTM,0.2,368,58.96739130434783,2022-11-09,2025-10-05,10000.0,14643.112307233585,4643.112307233585,46.43112307233585,29.84429333905487,170,101,69,59.411764705882355,27.312425336668213,75.40579251592291,43.08511212861765,27.31242533666821,2.561826797912278,-393.6518627169389,2.9604411995684647,5.00882597407479,11.177394337448012,10.081028916705115,11.79497100607468,8,4,368,1.4603174603174602,True,4.113960648388985,6.063937609889459e-05,True,True,0.0011815083050977318,0.0033614788214967064,
DecisionTree,0.0,518,53.28185328185329,2022-10-10,2025-10-05,10000.0,11444.84951161329,1444.8495116132908,14.448495116132909,6.785679388888788,518,249,269,48.06949806949807,2.7892847714541817,17.67498529177769,10.989672215759775,2.789284771454181,1.488748678765089,-332.2456673726083,2.823672215367591,1.5265632329733485,2.3814221396411193,2.403139908364121,4.3487384592224485,8,12,518,2.0555555555555554,True,2.188665578457486,0.029067766754792675,True,False,2.706429010704243e-05,0.0005015749225145845,
DecisionTree,0.05,518,53.28185328185329,2022-10-10,2025-10-05,10000.0,11605.917299913517,1605.9172999135171,16.05917299913517,7.514165626166447,502,243,259,48.40637450199203,3.1990384460428816,19.425008906089307,12.024555460487163,3.1990384460428816,1.5156492409048956,-388.21381947917143,3.239616901226011,1.636995135115465,2.5740321582865193,2.319461175586151,4.136682465523817,8,12,518,2.0555555555555554,True,2.3104627811883227,0.021267880187355353,True,False,4.503611715331524e-05,0.0005568642874832896,
DecisionTree,0.1,518,53.28185328185329,2022-10-10,2025-10-05,10000.0,11605.917299913517,1605.9172999135171,16.05917299913517,7.514165626166447,502,243,259,48.40637450199203,3.1990384460428816,19.425008906089307,12.024555460487163,3.1990384460428816,1.5156492409048956,-388.21381947917143,3.239616901226011,1.636995135115465,2.5740321582865193,2.319461175586151,4.136682465523817,8,12,518,2.0555555555555554,True,2.3104627811883227,0.021267880187355353,True,False,4.503611715331524e-05,0.0005568642874832896,
DecisionTree,0.15,518,53.28185328185329,2022-10-10,2025-10-05,10000.0,11523.143588256833,1523.143588256833,15.23143588256833,7.140445188847444,487,235,252,48.25462012320328,3.127604904018138,19.122385331320874,11.788162557950685,3.1276049040181357,1.5127364471441023,-357.86645648622834,3.0148103401793467,1.6060162824907736,2.5400158821989174,2.368455850666437,4.25617869641115,8,12,518,2.0555555555555554,True,2.232616624442395,0.02602896606536348,True,False,3.5426612246874966e-05,0.0005553577135718395,
DecisionTree,0.2,518,53.28185328185329,2022-10-10,2025-10-05,10000.0,11404.31304625153,1404.3130462515292,14.043130462515292,6.60151101068327,472,226,246,47.88135593220339,2.9752395047701636,19.569820648404725,12.270188700357519,2.9752395047701663,1.4652405727666014,-316.51505210031974,2.702898262009842,1.4731175206131935,2.0990679644350845,2.442382350630714,4.43679703992855,9,12,518,2.0555555555555554,True,2.0160816825124965,0.04435867648555426,True,False,7.170348135157611e-06,0.0005589739282172229,
EMD_LSTM,0.0,368,54.347826086956516,2022-11-09,2025-10-05,10000.0,10004.11057280109,4.110572801089802,0.04110572801089802,0.028146664354600226,368,179,189,48.641304347826086,0.011170034785552969,9.447841891018426,8.92620701423923,0.011170034785553007,1.002436540224185,-311.08619973304303,3.0274832928401376,0.02690117487316845,0.02709867874999039,0.009297050266525277,0.013213613476320288,8,6,368,1.4603174603174602,True,0.03250834698165621,0.9740843317779653,False,False,-0.0002503128452998432,0.0002587280539487443,
EMD_LSTM,0.05,368,54.347826086956516,2022-11-09,2025-10-05,10000.0,10396.397996946256,396.39799694625617,3.963979969462562,2.697793844524776,315,157,158,49.84126984126984,1.258406339511925,15.842754322652416,13.233635643735273,1.2584063395119252,1.1895811664669795,-324.0571132870591,3.149963355826187,0.5812247786137111,0.6695535598791601,0.8564524534975698,1.223234981406242,8,6,368,1.4603174603174602,True,0.649829057593762,0.5162777508330505,False,False,-0.0002629534261645415,0.0005223028378899831,
EMD_LSTM,0.1,368,54.347826086956516,2022-11-09,2025-10-05,10000.0,10357.72180863104,357.7218086310404,3.577218086310404,2.436017989925232,265,132,133,49.81132075471698,1.3498936174756475,16.958966279223652,14.141817595687787,1.3498936174756473,1.1901903797500677,-282.56367271605814,2.660448169987145,0.7743164921702543,0.9980156333180009,0.9156419649163857,1.2659865480673695,8,6,368,1.4603174603174602,True,0.7940377973751472,0.42788657927444684,False,False,-0.00020204292760151542,0.0004751257866286603,
EMD_LSTM,0.15,368,54.347826086956516,2022-11-09,2025-10-05,10000.0,9989.747789673871,-10.252210326128989,-0.1025221032612899,-0.07021670246621925,228,118,110,51.75438596491229,-0.0449658347636922,8.367707399062839,9.069469849232151,-0.04496583476369054,0.9897235545621731,-191.12302347067998,1.8802635339401033,-0.02664838200629752,-0.0300274739106821,-0.03734407501861175,-0.05364194297450391,8,6,368,1.4603174603174602,True,-0.025347667317787297,0.9797999216107548,False,False,-0.00023271170181016923,0.0002268006405590232,
EMD_LSTM,0.2,368,54.347826086956516,2022-11-09,2025-10-05,10000.0,11603.36292281652,1603.3629228165191,16.033629228165193,10.71995870170257,198,107,91,54.04040404040404,8.097792539477325,35.48827444509441,24.108598272621887,8.097792539477329,1.7308335631529543,-322.7629907992614,2.8621906965499067,2.482990560522375,4.147060691234612,3.745368439155518,4.967617008524102,8,4,368,1.4603174603174602,True,2.200935894439899,0.028902449690523236,True,False,7.934849328119131e-05,0.0014468539244719106,
ExtraTrees,0.0,518,60.231660231660236,2022-10-10,2025-10-05,10000.0,10864.610151288756,864.6101512887562,8.646101512887562,4.116700341543633,518,285,233,55.01930501930502,1.6691315661945028,15.469206773740543,15.210788752048506,1.6691315661945048,1.243956657474258,-351.87588632607003,3.2216924275651753,0.8630758957807706,1.0017164400786602,1.277806753469284,2.45714521763948,8,5,518,2.0555555555555554,True,1.2374099309417286,0.21649663971931807,False,False,-9.676631656488e-05,0.0004261043625029163,
ExtraTrees,0.05,518,60.231660231660236,2022-10-10,2025-10-05,10000.0,12777.915269930982,2777.9152699309816,27.77915269930982,12.66560503972749,386,219,167,56.73575129533679,7.196671683759023,32.005877243777945,25.337555966804707,7.1966716837590265,1.6565046445297362,-439.4626074428561,3.6257338319668433,2.264271797547678,2.885492080903342,3.493252849411952,6.321164128377402,8,5,518,2.0555555555555554,True,2.8023471840325778,0.005329613417997909,True,False,0.00019259677498951994,0.0010982941622566308,
ExtraTrees,0.1,518,60.231660231660236,2022-10-10,2025-10-05,10000.0,13677.010533880544,3677.0105338805442,36.77010533880544,16.45492822118666,266,163,103,61.278195488721806,13.823347871731421,47.38683334498386,39.29168253739623,13.823347871731427,1.908567134098206,-453.750059288157,3.5507528589619626,3.383443630896362,4.41492646153589,4.634208258019157,8.103603423543433,8,5,518,2.0555555555555554,True,3.4761578827589545,0.0005941933647755678,True,True,0.0005174695810394848,0.001869478470915376,
ExtraTrees,0.15,518,60.231660231660236,2022-10-10,2025-10-05,10000.0,15430.875951254575,5430.875951254575,54.30875951254575,23.49502754754653,167,106,61,63.47305389221557,32.52021527697351,82.36905528762357,54.102359167762664,32.52021527697351,2.645598355945724,-306.45083956298004,2.3408578028942277,4.993711510909916,7.555511225060332,10.036930700573683,17.721850457317647,9,4,518,2.0555555555555554,True,4.065195297467187,7.394888431969446e-05,True,True,0.0013555455882092453,0.003915602898049174,
ExtraTrees,0.2,518,60.231660231660236,2022-10-10,2025-10-05,10000.0,13348.180499413533,3348.1804994135327,33.48180499413533,15.084316443123491,96,62,34,64.58333333333334,34.87688020222426,80.82347645078247,48.90808942749956,34.87688020222427,3.0134889380120478,-396.7704005202377,3.2091686526143604,5.43375221899639,9.726499763062545,4.7003813373395005,8.438584367743822,7,5,518,2.0555555555555554,True,3.353784681020373,0.001146260462702419,True,True,0.0012452773989094852,0.004858178194055849,
GRU,0.0,368,57.88043478260869,2022-11-09,2025-10-05,10000.0,11985.11307265448,1985.1130726544798,19.851130726544795,13.201652547452781,368,195,173,52.9891304347826,5.394329001778495,26.172977680706133,18.026691185452087,5.394329001778489,1.636536229550851,-281.89788129960834,2.658409179775081,1.9662014066584454,2.7003413862015098,4.965997201593221,7.0419581144160865,10,6,368,1.4603174603174602,True,2.376028477002534,0.01801272079294667,True,False,8.624149020359845e-05,0.0009143565439678044,
GRU,0.05,368,57.88043478260869,2022-11-09,2025-10-05,10000.0,13482.275026561316,3482.275026561316,34.82275026561316,22.704240138787448,298,164,134,55.033557046979865,11.685486666313146,41.62380275027025,24.95543749614182,11.685486666313142,2.041341273536403,-318.37165086531786,3.0368919663847054,3.064880762906001,4.75891440817272,7.476143501349476,10.937767282660596,10,8,368,1.4603174603174602,True,3.3328935656738268,0.0009683108617565719,True,True,0.00041645168887938005,0.001617366091488207,
GRU,0.1,368,57.88043478260869,2022-11-09,2025-10-05,10000.0,13040.391792681221,3040.391792681221,30.403917926812206,19.935852122237428,248,146,102,58.87096774193549,12.259644325327509,39.41804804824188,26.614149238844043,12.25964432532751,2.1199968259680495,-339.86589907556663,3.1949275923044183,3.3380707307612827,5.043169563458679,6.239844737094094,8.945857177642917,9,6,368,1.4603174603174602,True,3.311472133718999,0.0010668589500651248,True,True,0.0004393238576360258,0.0017290268710029458,
GRU,0.15,368,57.88043478260869,2022-11-09,2025-10-05,10000.0,13055.014758937166,3055.0147589371663,30.55014758937166,20.027933086954274,213,127,86,59.624413145539904,14.342792295479606,42.46593305277918,27.18789231123022,14.342792295479608,2.3065899711110935,-355.76492712028994,3.3628982830041148,3.5844327498050146,5.0581414466860615,5.955557201409939,8.587172388424381,9,6,368,1.4603174603174602,True,3.2954138908147903,0.0011519234881865329,True,True,0.0005095174451718157,0.0020264662804911925,
GRU,0.2,368,57.88043478260869,2022-11-09,2025-10-05,10000.0,15359.447293040135,5359.447293040135,53.59447293040135,34.16114661253597,180,108,72,60.0,29.774707183556288,72.72313569221384,34.647935579430026,29.774707183556295,3.1483752701007313,-306.9682298623993,2.5914689548662486,5.734841626861296,11.418370384449922,13.18215545217639,17.45928982762335,8,4,368,1.4603174603174602,True,4.846825801136031,2.70933523261767e-06,True,True,0.0014281876924853415,0.0033897193149464624,
GradientBoosting,0.0,518,61.77606177606177,2022-10-10,2025-10-05,10000.0,11531.419699402313,1531.4196994023132,15.314196994023133,7.1778734372594855,518,292,226,56.37065637065637,2.95640868610483,17.14244012064565,15.372446087726665,2.956408686104832,1.4408012440907034,-206.06163365785505,1.8936746134578786,1.5744486112669063,1.9824790893814312,3.7904470948958755,7.4318526560120555,8,5,518,2.0555555555555554,True,2.2573198450602474,0.024404566746132523,True,False,3.61918061752723e-05,0.0005219267159863141,
GradientBoosting,0.05,518,61.77606177606177,2022-10-10,2025-10-05,10000.0,15059.742646939618,5059.742646939618,50.597426469396176,22.041021842022303,500,283,217,56.599999999999994,10.119485293879235,39.385188705465325,28.04730763459478,10.119485293879237,1.8313377774152864,-357.021790632567,2.8721447642688287,2.968631225489606,4.363049815445052,7.67406368795389,14.172083552588836,8,5,518,2.0555555555555554,True,4.181585518237451,3.419522567809251e-05,True,True,0.00043948942322548113,0.0012185005428244269,
GradientBoosting,0.1,518,61.77606177606177,2022-10-10,2025-10-05,10000.0,16972.726621794835,6972.7266217948345,69.72726621794834,29.351377051483475,477,274,203,57.44234800838575,14.617875517389638,49.22104172625335,32.087875917234285,14.61787551738964,2.070448137250093,-448.26008499063755,3.0649105240176175,3.5719958673959757,5.79817366609007,9.576585293918603,15.555091464234359,8,5,518,2.0555555555555554,True,4.914392809699668,1.2273215113211626e-06,True,True,0.000673398191627522,0.0015706559712912556,
GradientBoosting,0.15,518,61.77606177606177,2022-10-10,2025-10-05,10000.0,16191.31621254578,6191.31621254578,61.9131621254578,26.419171567868105,460,265,195,57.608695652173914,13.459383070751716,45.25462541234614,29.749536008850967,13.459383070751711,2.067254949524948,-403.0242281603787,2.939600972391458,3.533765777431425,5.58220613874321,8.987332572003906,15.362143960442049,8,5,518,2.0555555555555554,True,4.774373665430318,2.428014342842158e-06,True,True,0.0006233450679991319,0.0014954451277092357,
GradientBoosting,0.2,518,61.77606177606177,2022-10-10,2025-10-05,10000.0,16718.15550277486,6718.155502774862,67.18155502774862,28.403872382817895,442,252,190,57.01357466063348,15.199446838857098,50.98081205726916,32.25794281924732,15.199446838857098,2.0961242435894487,-418.4586649725734,3.100880105285593,3.7926669584623407,6.782572310522908,9.159938926500958,16.054525966657145,8,6,518,2.0555555555555554,True,5.022912033535775,7.405287223038559e-07,True,True,0.0007154858924181731,0.001635296763476404,
Hybrid_LSTM_GRU,0.0,368,58.69565217391305,2022-11-09,2025-10-05,10000.0,10058.238204139061,58.238204139061054,0.5823820413906106,0.3984399679291206,368,193,175,52.44565217391305,0.1582559895083621,11.125088189346396,11.936593236598728,0.15825598950836284,1.0278797921099647,-232.5649335748294,2.264448879498558,0.12380792724350353,0.12746880712854988,0.17595449892308965,0.25041696202373737,9,5,368,1.4603174603174602,True,0.14961395094776453,0.881151385106693,False,False,-0.00022625918968371505,0.00026352347773760446,
Hybrid_LSTM_GRU,0.05,368,58.69565217391305,2022-11-09,2025-10-05,10000.0,10150.329099830225,150.32909983022546,1.5032909983022547,1.0270044269970358,312,168,144,53.84615384615385,0.48182403791736245,14.104359943097332,15.41113451812594,0.4818240379173613,1.0677401187385933,-211.52525926779708,2.080146765574806,0.2682471768152914,0.26608668158537874,0.493717291487961,0.7106910084904067,11,6,368,1.4603174603174602,True,0.29847790415178854,0.7655377631064229,False,False,-0.0002946197381528916,0.0003999881456443894,
Hybrid_LSTM_GRU,0.1,368,58.69565217391305,2022-11-09,2025-10-05,10000.0,12267.15882248763,2267.1588224876305,22.671588224876306,15.019199227706048,260,145,115,55.769230769230774,8.719841624952402,39.21447441660738,29.72991276452561,8.719841624952403,1.6631174702569036,-389.6813629505068,3.1458986817889576,2.4601694199101938,3.285711823579994,4.774215811414873,5.81798114572798,9,5,368,1.4603174603174602,True,2.4989146290066024,0.01307741905579214,True,False,0.00016948087272606758,0.0014294581497598683,
Hybrid_LSTM_GRU,0.15,368,58.69565217391305,2022-11-09,2025-10-05,10000.0,9748.881439908222,-251.1185600917779,-2.5111856009177793,-1.726498240211638,218,120,98,55.04587155963303,-1.151920000420996,8.257457719696216,12.673607004646156,-1.151920000420997,0.7978133387194822,-237.15789108695571,2.3799657443419036,-0.6829725208747001,-0.5938043940702254,-0.7254298698694257,-1.058866559070992,10,4,368,1.4603174603174602,True,-0.6352303019779378,0.5259474776546682,False,False,-0.00046441396368511836,0.00023802202220936288,
Hybrid_LSTM_GRU,0.2,368,58.69565217391305,2022-11-09,2025-10-05,10000.0,11921.139600307919,1921.139600307919,19.21139600307919,12.787529556886735,163,92,71,56.44171779141104,11.786132517226482,39.136138036541624,23.653311254280467,11.786132517226475,2.143954177865575,-189.77011406365273,1.6460169144686578,3.7437135813007276,6.0127112511402725,7.7687716599283005,10.123509751717439,8,3,368,1.4603174603174602,True,3.010898718035131,0.003022424690826136,True,True,0.0003748568828831168,0.001803631245294144,
KNN,0.0,518,55.4054054054054,2022-10-10,2025-10-05,10000.0,9762.40505344952,-237.59494655048002,-2.3759494655048,-1.163004378209076,518,263,255,50.77220077220077,-0.45867750299322957,4.558755532812919,5.633520202667806,-0.4586775029932295,0.834606985523533,-261.77338350870923,2.61533369445374,-0.5619993072817614,-0.5267096617104737,-0.4446868025580922,-0.9076359993741503,7,6,518,2.0555555555555554,True,-0.8057501401817249,0.42075736980397127,False,False,-0.0001567505638344193,6.556824757313683e-05,
KNN,0.05,518,55.4054054054054,2022-10-10,2025-10-05,10000.0,9762.40505344952,-237.59494655048002,-2.3759494655048,-1.163004378209076,518,263,255,50.77220077220077,-0.45867750299322957,4.558755532812919,5.633520202667806,-0.4586775029932295,0.834606985523533,-261.77338350870923,2.61533369445374,-0.5619993072817614,-0.5267096617104737,-0.4446868025580922,-0.9076359993741503,7,6,518,2.0555555555555554,True,-0.8057501401817249,0.42075736980397127,False,False,-0.0001567505638344193,6.556824757313683e-05,
KNN,0.1,518,55.4054054054054,2022-10-10,2025-10-05,10000.0,9762.40505344952,-237.59494655048002,-2.3759494655048,-1.163004378209076,518,263,255,50.77220077220077,-0.45867750299322957,4.558755532812919,5.633520202667806,-0.4586775029932295,0.834606985523533,-261.77338350870923,2.61533369445374,-0.5619993072817614,-0.5267096617104737,-0.4446868025580922,-0.9076359993741503,7,6,518,2.0555555555555554,True,-0.8057501401817249,0.42075736980397127,False,False,-0.0001567505638344193,6.556824757313683e-05,
KNN,0.15,518,55.4054054054054,2022-10-10,2025-10-05,10000.0,9956.093506192532,-43.906493807467996,-0.43906493807467994,-0.21384049043240427,312,156,156,50.0,-0.14072594169061,8.786445717184993,9.067897600566212,-0.1407259416906097,0.9689617267663405,-304.86423804569677,2.9817279906313754,-0.08980194850173605,-0.1209551691279833,-0.07171696784693092,-0.14401982367274824,7,7,518,2.0555555555555554,True,-0.09992238388403074,0.9204703257545725,False,False,-0.000246325534715374,0.00022251618372892934,
KNN,0.2,518,55.4054054054054,2022-10-10,2025-10-05,10000.0,9934.126743074314,-65.87325692568629,-0.6587325692568629,-0.3210083164767674,298,151,147,50.671140939597315,-0.22105119773722082,9.11896564892741,9.815218162678446,-0.22105119773722315,0.9543446323224624,-304.1915966631932,2.9817279906314007,-0.1428049934459117,-0.18516955200509058,-0.10765848443767394,-0.21655186286629224,7,7,518,2.0555555555555554,True,-0.15529277665950403,0.8766959973255447,False,False,-0.0002704125988440858,0.0002308575741137146,
LSTM,0.0,368,59.78260869565217,2022-11-09,2025-10-05,10000.0,10128.117527172208,128.1175271722077,1.281175271722077,0.8755648858290721,368,196,172,53.2608695652174,0.3481454542722988,10.934533215471008,11.71541269220995,0.34814545427230037,1.063580290647358,-328.2841176431848,3.2300340596074637,0.2686164994837872,0.3019932258803076,0.27106986170154407,0.39026416535770364,8,6,368,1.4603174603174602,True,0.32460583641372887,0.7456643515756014,False,False,-0.00018701051589874016,0.00026095753868733517,
LSTM,0.05,368,59.78260869565217,2022-11-09,2025-10-05,10000.0,12679.612102080351,2679.612102080351,26.79612102080351,17.653587307222285,302,166,136,54.966887417218544,8.872887755232899,39.93165920826654,29.03708328302875,8.8728877552329,1.6785471519404016,-411.05471106715413,3.7538684786948084,2.443877186712661,3.294594769190183,4.7027719291221155,6.518869702584633,8,5,368,1.4603174603174602,True,2.675362149145187,0.007873299065825578,True,False,0.00021152372072598532,0.0013882333394629313,
LSTM,0.1,368,59.78260869565217,2022-11-09,2025-10-05,10000.0,14133.82179832483,4133.8217983248305,41.338217983248306,26.73459130257818,236,139,97,58.89830508474576,17.51619406069841,52.59211967797732,32.74724574138169,17.516194060698403,2.3013833256976963,-330.9587847441162,2.764123532864443,4.0152467420371645,7.5855194227497575,9.671995836913013,12.49044288557239,8,5,368,1.4603174603174602,True,3.885688387801402,0.0001327438734644897,True,True,0.0007316580871737246,0.0022366312229268295,
LSTM,0.15,368,59.78260869565217,2022-11-09,2025-10-05,10000.0,13845.89819545584,3845.8981954558403,38.4589819545584,24.96093176562859,187,113,74,60.42780748663101,20.566300510459016,53.04179141810006,29.02465182147934,20.566300510459016,2.7906019185190956,-276.5572124697246,2.591840497248314,4.604207921628279,10.246669216942646,9.6305817399369,13.90633844299707,8,4,368,1.4603174603174602,True,3.96620776632441,0.00010411351353698751,True,True,0.000884469384084566,0.0026351211383337124,
LSTM,0.2,368,59.78260869565217,2022-11-09,2025-10-05,10000.0,13941.774793938232,3941.7747939382316,39.417747939382316,25.55282811430859,142,88,54,61.97183098591549,27.758977422100283,60.87825183131711,26.213173466993798,27.75897742210028,3.7847002046237246,-221.78092585007835,2.1821340289317592,5.658373991971562,16.36738498635571,11.71001770538252,17.773281353342494,8,4,368,1.4603174603174602,True,4.2475211562245185,3.90380088311098e-05,True,True,0.0012639936204671453,0.0034650331348898356,
LightGBM,0.0,518,61.38996138996139,2022-10-10,2025-10-05,10000.0,12684.608365844475,2684.608365844475,26.846083658444748,12.264616085282153,518,290,228,55.98455598455598,5.182641632904401,23.877328525422122,18.59568818652603,5.182641632904403,1.6331896930999688,-297.9213524479874,2.7998426830012986,2.0333954707358046,2.6484156064800612,4.380466145381806,9.01113110485482,9,5,518,2.0555555555555554,True,2.9153215393001086,0.003707365953874995,True,False,0.00015189945502345548,0.000779642632790305,
LightGBM,0.05,518,61.38996138996139,2022-10-10,2025-10-05,10000.0,14480.761309564099,4480.761309564099,44.80761309564099,19.735474832337772,419,243,176,57.995226730310264,10.693941072945313,39.839289750129645,29.5465119302126,10.693941072945314,1.8616540299985753,-306.5761066409068,2.7992954845181828,3.172393823010056,5.116495992292781,7.050157777729084,14.61549420357283,7,5,518,2.0555555555555554,True,4.090664262871278,5.161852887598416e-05,True,True,0.0004643855252345483,0.0013235085041643751,
LightGBM,0.1,518,61.38996138996139,2022-10-10,2025-10-05,10000.0,12294.110883740204,2294.1108837402044,22.941108837402044,10.56977849932721,350,199,151,56.85714285714286,6.554602524972009,29.94787081951523,24.274936485717408,6.55460252497201,1.625863112699665,-255.1633022901533,2.1763733415160202,2.554517412700316,3.7366954910896757,4.856601713364355,8.990755579466153,7,5,518,2.0555555555555554,True,3.0105276419658464,0.0027978663793240626,True,True,0.00020702145408062742,0.0009872260934489984,
LightGBM,0.15,518,61.38996138996139,2022-10-10,2025-10-05,10000.0,13017.771229782436,3017.7712297824364,30.177712297824367,13.689544164217015,258,150,108,58.139534883720934,11.696787712334963,42.10393437948111,30.535360436479127,11.696787712334967,1.9150809357504006,-278.450676813527,2.2239359698143266,3.5276490378851446,5.743716927234678,6.1555477990492395,10.837722731783407,9,4,518,2.0555555555555554,True,3.5693978169698903,0.00042686022294523117,True,True,0.0004633069830786437,0.0016036445749080972,
LightGBM,0.2,518,61.38996138996139,2022-10-10,2025-10-05,10000.0,14587.2111519696,4587.211151969601,45.872111519696006,20.16287018713534,176,111,65,63.06818181818182,26.063699727099944,59.3703744929186,30.813852565298077,26.06369972709994,3.290284186682579,-222.76934524316312,1.747601657310031,5.492511506515095,11.957958097150836,11.537451971847364,20.591752186381147,9,3,518,2.0555555555555554,True,4.590151701620134,8.427547995705333e-06,True,True,0.001235167907420271,0.0030985015335519028,
LogisticRegression,0.0,518,56.56370656370656,2022-10-10,2025-10-05,10000.0,11505.781956811865,1505.7819568118648,15.057819568118646,7.061883305087435,518,269,249,51.930501930501926,2.9069149745402476,17.221922902740637,12.55789278725054,2.9069149745402436,1.4815550823757213,-579.6657451023893,4.805226245588166,1.4861194853367825,2.367990068574902,1.4696255585408031,2.597672830479039,8,10,518,2.0555555555555554,True,2.130680533092831,0.03358676390441503,True,False,2.1447994508776017e-05,0.0005287510085342812,
LogisticRegression,0.05,518,56.56370656370656,2022-10-10,2025-10-05,10000.0,11544.072579903745,1544.0725799037446,15.440725799037446,7.235068724066895,134,80,54,59.70149253731343,11.522929700774197,38.72852881669493,28.78166158207134,11.522929700774192,1.9934776205796207,-260.27713409428,2.246807033369975,3.3393016847665553,6.3931489470996175,3.2201558107173325,5.932417326158341,9,4,518,2.0555555555555554,True,2.4350494514490273,0.016215037068523404,True,False,0.00020370801239279603,0.0019667225417809514,
LogisticRegression,0.1,518,56.56370656370656,2022-10-10,2025-10-05,10000.0,11769.417065695396,1769.4170656953956,17.694170656953958,8.248360772469221,95,60,35,63.1578947368421,18.625442796793642,48.073401476481386,31.85677208267105,18.625442796793646,2.586939605004198,-257.1696807139979,2.140041789088089,4.866728502362873,8.801843630912149,3.8542989274915036,6.880348650676243,9,3,518,2.0555555555555554,True,2.9881242457279096,0.0035808936890878874,True,False,0.0005811693442812533,0.002883033360987745,
LogisticRegression,0.15,518,56.56370656370656,2022-10-10,2025-10-05,10000.0,11402.383524331543,1402.3835243315425,14.023835243315425,6.592736284044065,61,40,21,65.57377049180327,22.98989384150065,46.81251320077088,22.386523985680743,22.989893841500646,3.9830521195709747,-100.57948675170701,0.9317101941575928,7.055478124318085,17.093339303042846,7.075951648253562,13.943037190013714,9,4,518,2.0555555555555554,True,3.471291595155554,0.0009662712808540611,True,True,0.0009175884533260859,0.0034131125244770007,
LogisticRegression,0.2,518,56.56370656370656,2022-10-10,2025-10-05,10000.0,10880.802141222342,880.8021412223425,8.808021412223423,4.192159361909087,48,31,17,64.58333333333334,18.350044608798783,40.03371840231533,21.190772308790212,18.350044608798793,3.445021347270363,-95.84684066241789,0.9051253113561034,6.136806475823175,13.609353383677995,4.631578975101455,9.189683615390258,7,3,518,2.0555555555555554,True,2.6783219238814175,0.010162422506573912,True,False,0.00044061634543802975,0.0031001737217158046,
MLP,0.0,518,62.74131274131274,2022-10-10,2025-10-05,10000.0,12546.675623190366,2546.6756231903655,25.466756231903652,11.669061577653107,518,295,223,56.94980694980695,4.916362206931202,25.702451296791327,22.58093053526044,4.916362206931204,1.505739568230681,-273.8028674982379,2.4460214081841043,1.9502580813371533,2.5174161390583487,4.770629373320192,9.301128386490529,9,5,518,2.0555555555555554,True,2.7961257283901113,0.005364416094319028,True,False,0.0001322238986575834,0.0007569806667311453,
MLP,0.05,518,62.74131274131274,2022-10-10,2025-10-05,10000.0,12614.979240723698,2614.9792407236982,26.149792407236983,11.964395189608169,462,267,195,57.7922077922078,5.6601282266746455,26.250103658095394,22.53229967173222,5.660128226674651,1.595152299046191,-334.081434373933,2.980450806079002,1.9732596676297571,2.4640157660871322,4.014290443984276,7.827370729607159,8,5,518,2.0555555555555554,True,2.671806220357223,0.007811564748897479,True,False,0.00013525635502060953,0.0008874901058367757,
MLP,0.1,518,62.74131274131274,2022-10-10,2025-10-05,10000.0,11096.246988581666,1096.2469885816663,10.962469885816663,5.190754328859359,406,232,174,57.14285714285714,2.700115735422849,15.507137882421635,14.375913793908866,2.700115735422848,1.4382517966954858,-405.25942520483295,3.9536057585210655,1.3143064771258584,1.3982174190917933,1.3129165237762799,2.705049951713234,9,6,518,2.0555555555555554,True,1.6682433202263085,0.09604032638325212,False,False,-4.6598273768312236e-05,0.0005690342165126955,
MLP,0.15,518,62.74131274131274,2022-10-10,2025-10-05,10000.0,13455.171690237485,3455.1716902374847,34.55171690237485,15.532155301087869,344,200,144,58.139534883720934,10.044103750690393,39.97017408711517,31.519882827677357,10.044103750690391,1.7612416575293337,-330.0552460758445,3.208873064597675,2.7810030286983825,3.6940437462294047,4.84037697609434,10.468464692857841,7,4,518,2.0555555555555554,True,3.24922968825688,0.001271695177512588,True,True,0.00034553999453192563,0.0014055581320221787,
MLP,0.2,518,62.74131274131274,2022-10-10,2025-10-05,10000.0,15115.263270392992,5115.263270392992,51.152632703929925,22.25969872428002,297,175,122,58.92255892255892,17.22310865452184,57.23029189474942,40.16424435400134,17.22310865452183,2.0439232241664342,-402.51685774374164,3.055254269329902,3.8551376555714008,6.584998530096937,7.285710700982724,12.7081963698762,10,4,518,2.0555555555555554,True,4.1852156853976155,3.760168772951631e-05,True,True,0.0007462565932515548,0.0020710244960345124,
NaiveBayes,0.0,518,50.57915057915058,2022-10-10,2025-10-05,10000.0,9542.703108994667,-457.29689100533324,-4.572968910053332,-2.251429065080779,518,238,280,45.94594594594595,-0.8828125308983161,3.849822079077561,4.905551949377811,-0.8828125308983155,0.6670704542494899,-504.12052006544764,5.01771045932662,-1.3484338020619429,-1.2878407003711934,-0.44869648883306074,-0.9071181846475214,6,9,518,2.0555555555555554,True,-1.9332776944019678,0.053747642291139056,False,False,-0.00018105398017884215,1.4532010494230013e-06,
NaiveBayes,0.05,518,50.57915057915058,2022-10-10,2025-10-05,10000.0,9844.509052970658,-155.49094702934235,-1.5549094702934234,-0.7594863412185959,181,88,93,48.61878453038674,-0.8590660056869176,4.074410966036944,5.52730228000627,-0.8590660056869175,0.6975114473058693,-186.2726216121573,1.85706151339353,-1.2147356426303624,-1.2706240771800585,-0.4089720969074077,-0.8347493350530804,5,7,518,2.0555555555555554,True,-1.029486821895938,0.3046323234383795,False,False,-0.0002506924481623273,7.879178866153946e-05,
NaiveBayes,0.1,518,50.57915057915058,2022-10-10,2025-10-05,10000.0,9893.38599475089,-106.61400524911005,-1.0661400524911004,-0.5200901968069882,133,64,69,48.1203007518797,-0.8016090620233939,5.14773150321731,6.319837992101728,-0.801609062023394,0.7555110569625794,-145.26619878539532,1.4471090368973796,-0.9591005409521038,-1.0436280321303926,-0.35939945335568374,-0.7339216289855086,6,5,518,2.0555555555555554,True,-0.696770389117569,0.4871717318843487,False,False,-0.0003060567050665868,0.00014660872382848655,
NaiveBayes,0.15,518,50.57915057915058,2022-10-10,2025-10-05,10000.0,9884.834284278848,-115.16571572115208,-1.1516571572115208,-0.5619320216003088,122,58,64,47.540983606557376,-0.9439812764027883,5.527210809093369,6.8084991038836815,-0.9439812764027886,0.735703231991854,-195.19533010459963,1.9367696990419383,-1.0121029853773729,-1.0340422847794333,-0.2901387923810867,-0.5900024127597625,6,5,518,2.0555555555555554,True,-0.7042135072254068,0.4826529294975349,False,False,-0.0003577512651072065,0.00017001996353518346,
NaiveBayes,0.2,518,50.57915057915058,2022-10-10,2025-10-05,10000.0,9884.832238418634,-115.167761581366,-1.15167761581366,-0.5619420338125125,114,54,60,47.368421052631575,-1.0102435226435598,8.875418668673825,9.907339494829206,-1.0102435226435604,0.8062585122853053,-298.8065934991555,2.9364109998107284,-0.4867121013653823,-0.44473466369589626,-0.19137036125008847,-0.38542577067226425,5,5,518,2.0555555555555554,True,-0.32735901082591184,0.7440020398514795,False,False,-0.0006815463685822444,0.00048825501914192773,
RandomForest,0.0,518,62.93436293436293,2022-10-10,2025-10-05,10000.0,13015.089481387513,3015.089481387513,30.15089481387513,13.678149653698114,518,297,221,57.33590733590733,5.820636064454622,25.717812055199758,20.919007687813732,5.820636064454618,1.6521790628603905,-374.0970145159954,3.298144535930884,2.0152311788078707,2.3709945074283234,4.1472256611815,8.059645932455298,8,5,518,2.0555555555555554,True,2.8892790147318403,0.0040233219701566,True,False,0.00016550778512043054,0.000868751840335992,
RandomForest,0.05,518,62.93436293436293,2022-10-10,2025-10-05,10000.0,13807.518689013319,3807.518689013319,38.07518689013319,16.994208941019618,467,273,194,58.45824411134903,8.15314494435398,29.583551689328246,22.004076918419084,8.153144944353977,1.8919431188901719,-613.098304162877,5.83630837882017,2.230544680383044,2.47762477542588,2.9118079165746646,6.210290687742313,7,5,518,2.0555555555555554,True,3.036470715113816,0.0025278143128926915,True,True,0.00024826604699136113,0.0011589590278103898,
RandomForest,0.1,518,62.93436293436293,2022-10-10,2025-10-05,10000.0,16006.744117769966,6006.744117769966,60.067441177699656,25.71602765230989,391,231,160,59.07928388746802,15.362516925242865,50.795224515318985,35.79345465792953,15.36251692524286,2.0488551913986686,-489.36990685806086,3.538948651905131,3.6243331083498678,5.73660913786379,7.266572697647398,12.274445227610185,6,4,518,2.0555555555555554,True,4.514568163791016,8.414595527246856e-06,True,True,0.0006875572351112089,0.0017484016069548823,
RandomForest,0.15,518,62.93436293436293,2022-10-10,2025-10-05,10000.0,15682.537500336968,5682.537500336968,56.825375003369686,24.4707785654124,321,190,131,59.19003115264797,17.70260903531773,54.51885124602955,35.6949941710582,17.70260903531772,2.215244598434636,-276.6690240880562,2.1445985930410094,4.574242558117984,8.647339592821039,11.410423677800326,20.539117160178986,6,6,518,2.0555555555555554,True,5.1626351739633485,4.285789904931894e-07,True,True,0.0008755807699823562,0.0019538266889555095,
RandomForest,0.2,518,62.93436293436293,2022-10-10,2025-10-05,10000.0,14355.324323454208,4355.324323454208,43.55324323454208,19.229770215967523,254,152,102,59.84251968503938,17.146946155331563,49.70133638928746,31.365478507034087,17.14694615533157,2.3613456610746346,-233.14530668977204,1.85150511135878,4.801313050781101,8.862597969362433,10.386020593729395,18.68072913536918,7,5,518,2.0555555555555554,True,4.820328226387255,2.4745204193675266e-06,True,True,0.0008490510467355083,0.002022072030909741,
Residual_LSTM,0.0,368,57.33695652173913,2022-11-09,2025-10-05,10000.0,10359.797545016092,359.79754501609204,3.59797545016092,2.4500752166350503,368,189,179,51.358695652173914,0.9777107201524254,12.553874163746386,11.245165764983097,0.9777107201524249,1.1787472228454885,-230.60759757136475,2.184304634605008,0.6754467130490729,0.8313074965816658,1.1216728554339683,1.5602154864162603,8,9,368,1.4603174603174602,True,0.8162340945680874,0.4148957293697584,False,False,-0.00013914492327464322,0.000336629471992866,
Residual_LSTM,0.05,368,57.33695652173913,2022-11-09,2025-10-05,10000.0,11963.087657880209,1963.087657880209,19.630876578802088,13.0591530534645,286,153,133,53.4965034965035,6.8639428597210586,33.251933507030806,23.49216668192098,6.86394285972106,1.6282969884342673,-347.23050149105256,2.848952343760555,2.2300509308650547,3.1249696124682536,4.583843981127008,5.653557649602951,10,4,368,1.4603174603174602,True,2.3757324402055127,0.01817540091882518,True,False,0.0001092609253726055,0.00116500739692965,
Residual_LSTM,0.1,368,57.33695652173913,2022-11-09,2025-10-05,10000.0,13033.99873731465,3033.9987373146505,30.339987373146503,19.89558476423492,233,130,103,55.793991416309005,13.021453808217434,45.31868511783604,27.742042019456544,13.021453808217428,2.0617927259958684,-363.07251510340757,3.145938335574801,3.622173693119717,7.0881579438686995,6.324213205088063,8.356453906874581,10,4,368,1.4603174603174602,True,3.482947772754268,0.0005926053909279765,True,True,0.0004996678113889563,0.0018012645295067597,
Residual_LSTM,0.15,368,57.33695652173913,2022-11-09,2025-10-05,10000.0,13237.915485542504,3237.915485542504,32.37915485542504,21.17693021722784,189,109,80,57.67195767195767,17.131827965833438,50.53313778734261,28.377456665972808,17.131827965833438,2.426271002567101,-278.6362726814532,2.4799987057824486,4.2698376763512185,8.842778088495216,8.539089221236686,11.620581392302082,8,4,368,1.4603174603174602,True,3.697787897756073,0.00028531890376236855,True,True,0.000700073473102942,0.0023011269131763042,
Residual_LSTM,0.2,368,57.33695652173913,2022-11-09,2025-10-05,10000.0,14988.188492301282,4988.188492301282,49.88188492301282,31.931943098108697,160,98,62,61.25000000000001,31.176178076883012,70.89544179135913,31.605883923417938,31.176178076883023,3.5455593425761416,-233.80711345223608,1.9681030677112559,5.96992005278855,13.613122406040977,16.22473112408841,21.334631006940292,8,4,368,1.4603174603174602,True,4.756946161687979,4.380360979386014e-06,True,True,0.001494313163401119,0.0036160356189272984,
SVM,0.0,518,62.54826254826254,2022-10-10,2025-10-05,10000.0,10334.396772571261,334.39677257126095,3.3439677257126093,1.6130584690884353,518,295,223,56.94980694980695,0.6455536150023953,9.011883641377265,10.422013011816379,0.6455536150023944,1.1438817141210496,-223.99265092945643,2.2109772150172042,0.5147074391481795,0.5041771907825907,0.7295681104863324,1.4928917140079514,9,7,518,2.0555555555555554,True,0.7379468014865316,0.4608815915968518,False,False,-0.00010894740282392576,0.0002400354828696413,
SVM,0.05,518,62.54826254826254,2022-10-10,2025-10-05,10000.0,11985.502761304868,1985.5027613048678,19.85502761304868,9.210703768749884,388,228,160,58.76288659793815,5.117275158002205,23.634044007059188,21.269120451903994,5.117275158002206,1.583446423476551,-352.5246292734355,3.414273028787439,1.8658568878489479,2.0607142899802797,2.6977056875914274,5.632238420892896,11,6,518,2.0555555555555554,True,2.315228833750037,0.02112275201019218,True,False,7.163426402643797e-05,0.0008784779351976171,
SVM,0.1,518,62.54826254826254,2022-10-10,2025-10-05,10000.0,12555.826783433604,2555.826783433604,25.55826783433604,11.708677505267474,293,171,122,58.36177474402731,8.722958305234158,31.400799668356314,23.063196392256742,8.722958305234155,1.9083476335155114,-313.49681851723653,2.7446217037294067,2.919784467065428,3.89867683583551,4.266044201777484,8.15264025811184,8,4,518,2.0555555555555554,True,3.1483596200572355,0.0018118463591963389,True,True,0.00029471729809258567,0.0012776365375806857,
SVM,0.15,518,62.54826254826254,2022-10-10,2025-10-05,10000.0,13775.343489894134,3775.343489894134,37.75343489894134,16.861499805134493,240,143,97,59.583333333333336,15.730597874558912,48.42606691529154,32.46993895868609,15.730597874558915,2.1986800146328362,-229.71741195242612,1.948441498664276,3.845132814281229,5.845120529371525,8.653839397638386,16.434729339001947,7,4,518,2.0555555555555554,True,3.75246539395385,0.0002198493532087741,True,True,0.0006417062391103141,0.0020600557228528664,
SVM,0.2,518,62.54826254826254,2022-10-10,2025-10-05,10000.0,14650.600429875272,4650.600429875272,46.50600429875272,20.41661714079346,180,108,72,60.0,25.836669054862696,70.43719881461621,41.064125584767595,25.836669054862686,2.5729465005609784,-378.3874579850617,2.6941192887949494,4.663905179139305,8.194052985515597,7.57821571810415,12.290577638698776,7,4,518,2.0555555555555554,True,3.9417193057999484,0.0001159022658876105,True,True,0.0010738303524068522,0.0032268280523381496,
StackingEnsemble,0.0,518,60.61776061776062,2022-10-10,2025-10-05,10000.0,12324.390998567831,2324.390998567831,23.24390998567831,10.702180096743996,518,287,231,55.4054054054054,4.487241309976482,20.579331463014725,15.505961607434662,4.487241309976485,1.648930969252123,-207.15747202864623,1.936724742393011,2.0239305348639696,2.751843737857076,5.525916957884483,11.220406272607965,7,5,518,2.0555555555555554,True,2.901751463133238,0.0038690636448680937,True,False,0.00013198628939021509,0.0006853337317136327,
StackingEnsemble,0.05,518,60.61776061776062,2022-10-10,2025-10-05,10000.0,12406.147759252584,2406.1477592525844,24.061477592525844,11.058834250453998,415,238,177,57.34939759036145,5.7979464078375775,25.236365446849394,20.339588797161362,5.797946407837578,1.6683544722849817,-292.52825457214385,2.7915967349511646,2.154622336198173,2.829423629749385,3.961472698400852,8.225351642602359,9,4,518,2.0555555555555554,True,2.76499872688071,0.005946794532605164,True,False,0.0001523922370837734,0.0009019568360756754,
StackingEnsemble,0.1,518,60.61776061776062,2022-10-10,2025-10-05,10000.0,13714.490922108744,3714.4909221087437,37.14490922108744,16.61007268792616,338,195,143,57.692307692307686,10.98961811274774,40.11559108641727,28.727617760437976,10.989618112747738,1.9041982252193324,-249.79256147688284,1.9397492954609292,3.214558840749544,5.322089412871505,8.562999727229814,14.87030238269326,7,4,518,2.0555555555555554,True,3.7228836145769075,0.00023076608183446326,True,True,0.0004460686521536722,0.0014455013966913296,
StackingEnsemble,0.15,518,60.61776061776062,2022-10-10,2025-10-05,10000.0,16494.314270102688,6494.314270102688,64.94314270102689,27.564603348978455,278,169,109,60.79136690647482,23.360842698211126,67.68412336487604,45.36057411524182,23.360842698211123,2.313494505425746,-303.9723464615272,2.7767603803778167,4.565848930906368,7.261222581745996,9.926893059900225,21.364819351830917,8,6,518,2.0555555555555554,True,4.795607884668538,2.651781518781566e-06,True,True,0.0010738716222781501,0.0025694175060254035,
StackingEnsemble,0.2,518,60.61776061776062,2022-10-10,2025-10-05,10000.0,15894.533743139615,5894.533743139615,58.94533743139615,25.286515750248828,231,143,88,61.904761904761905,25.51746209151346,69.44239552649348,45.860554740329036,25.51746209151348,2.4605871727783266,-301.4832462700815,2.7767603803778123,4.7117244007337975,7.63296107096055,9.106481037736604,19.551778800534212,6,5,518,2.0555555555555554,True,4.511132665539525,1.0284742608999743e-05,True,True,0.0011440464377515855,0.002918409043861045,
TabNet,0.0,518,56.56370656370656,2022-10-10,2025-10-05,10000.0,10246.07466166224,246.07466166224003,2.4607466166224006,1.1896488833485153,518,268,250,51.737451737451735,0.4750476093865584,9.386219778671364,9.077728956086753,0.4750476093865581,1.1084300546326582,-193.45481381195532,1.916728845485612,0.4470338096445064,0.5030103124817004,0.620666238811214,1.2720007158955113,10,7,518,2.0555555555555554,True,0.6409217059878769,0.5218575433768604,False,False,-9.996878590495223e-05,0.00019678075526862243,
TabNet,0.05,518,56.56370656370656,2022-10-10,2025-10-05,10000.0,10967.184578941235,967.1845789412346,9.671845789412346,4.593753841706216,489,255,234,52.14723926380368,1.9778825745219684,15.163147997818992,12.390675899583766,1.9778825745219661,1.333578851135286,-248.19681303081234,2.2159373823292543,1.2134087584365592,1.6110751247225754,2.073052189262474,3.8968452782718193,9,7,518,2.0555555555555554,True,1.6902902429451914,0.09161104128066704,False,False,-3.1178901653737274e-05,0.00041509441642937223,
TabNet,0.1,518,56.56370656370656,2022-10-10,2025-10-05,10000.0,10561.88180012831,561.8818001283107,5.618818001283107,2.6951238592107574,446,240,206,53.81165919282511,1.2598246639648074,12.060585149721552,11.323585610703246,1.2598246639648067,1.2408761365695629,-182.84181786213594,1.8123836780083995,0.8658398633511362,1.12065900761764,1.487060323878213,3.073048642253019,9,6,518,2.0555555555555554,True,1.1518733643326797,0.24999157423448945,False,False,-8.841545025591469e-05,0.00033881848390727727,
TabNet,0.15,518,56.56370656370656,2022-10-10,2025-10-05,10000.0,11312.88856023785,1312.8885602378505,13.128885602378503,6.18490630763151,417,230,187,55.15587529976019,3.1484138135200435,20.063372273768373,17.656080549352232,3.148413813520044,1.3976417314222223,-214.14348673407767,2.122655334794847,1.4793636534851593,1.9571074360887672,2.9137591045742135,6.130882523026203,9,6,518,2.0555555555555554,True,1.903017146646475,0.0577283760845107,False,False,-9.913850607406246e-06,0.0006120362286999249,
TabNet,0.2,518,56.56370656370656,2022-10-10,2025-10-05,10000.0,11398.035946642975,1398.0359466429745,13.980359466429745,6.572962370942248,386,212,174,54.92227979274611,3.6218547840491815,22.46879824497187,19.341087823511806,3.621854784049175,1.4154207571900685,-444.7514912859515,3.7673706672216962,1.522303825708874,1.9415484070205733,1.7447081669268232,3.143409238720488,9,6,518,2.0555555555555554,True,1.884059963047548,0.060310131516377694,False,False,-1.5054021764474956e-05,0.0007061116059373805,
VMD_Hybrid,0.0,368,49.72826086956522,2022-11-09,2025-10-05,10000.0,9657.905807052728,-342.09419294727195,-3.4209419294727192,-2.355425414902701,368,162,206,44.02173913043478,-0.9296037851828125,4.880376479543739,5.498617391424081,-0.9296037851828127,0.6979874568715791,-312.3318557975999,3.137473474106614,-1.0943841128473293,-1.0287226780367356,-0.750739547072474,-1.0952907511584693,8,8,368,1.4603174603174602,True,-1.3224931118951806,0.18682754255736794,False,False,-0.00023292133490704624,4.560465034623073e-05,
VMD_Hybrid,0.05,368,49.72826086956522,2022-11-09,2025-10-05,10000.0,9770.31401171587,-229.68598828413087,-2.296859882841309,-1.5786016064449182,114,50,64,43.859649122807014,-2.0147893709134364,5.764867056858765,8.092645955110468,-2.0147893709134364,0.5565302637917554,-186.367855366585,1.8721247666063128,-1.6625463889027539,-1.4439657878342373,-0.8432138896952485,-1.2324335000386157,4,7,368,1.4603174603174602,True,-1.1182165797739654,0.2658461199914328,False,False,-0.0005597553179994731,0.00015585243657273234,
VMD_Hybrid,0.1,368,49.72826086956522,2022-11-09,2025-10-05,10000.0,9816.613276884571,-183.38672311542905,-1.8338672311542907,-1.2594595648058204,49,20,29,40.816326530612244,-3.7425861860292065,10.5476297743262,13.59790753799845,-3.7425861860292056,0.5349519703853293,-138.27107115076979,1.3889771725781872,-2.037898164467598,-1.839441685527639,-0.9067532495642393,-1.3262840996976546,3,6,368,1.4603174603174602,True,-0.8986286234093784,0.37333635961271416,False,False,-0.001209136775483871,0.0004621676814167067,
VMD_Hybrid,0.15,368,49.72826086956522,2022-11-09,2025-10-05,10000.0,9822.491673415348,-177.5083265846515,-1.7750832658465152,-1.2189736051232192,43,18,25,41.86046511627907,-4.128100618247765,11.673490980294478,15.505246569198182,-4.128100618247765,0.5420690002124013,-132.39267461999225,1.3299267976540659,-2.1028802382663447,-1.8992131721580572,-0.916571955143273,-1.340771512428124,3,5,368,1.4603174603174602,True,-0.8686573468900289,0.38997141980773253,False,False,-0.001368099473741813,0.0005447416026781131,
VMD_Hybrid,0.2,368,49.72826086956522,2022-11-09,2025-10-05,10000.0,9826.121754591246,-173.87824540875408,-1.7387824540875407,-1.1939761595776033,34,14,20,41.17647058823529,-5.114066041434022,14.696602685755062,18.98153415046638,-5.1140660414340235,0.5419805268888539,-128.76259344409482,1.2934614701928397,-2.3135306354464147,-2.1393052014497704,-0.923085988328354,-1.3503785591600967,3,6,368,1.4603174603174602,True,-0.8497955310540769,0.40156218959941004,False,False,-0.0017302889470649453,0.000710709642284539,
VotingHard,0.0,518,61.38996138996139,2022-10-10,2025-10-05,10000.0,12876.173717988351,2876.173717988351,28.76173717988351,13.086251303499497,518,289,229,55.79150579150579,5.5524589150354675,25.130995597465844,19.155825369778412,5.5524589150354675,1.6556601094681243,-252.43259913688962,2.1006592121371694,2.1526045457519962,2.972602679425771,6.229592704942275,11.39382840339355,7,6,518,2.0555555555555554,True,3.0862340789788694,0.0021357434179691123,True,True,0.00017981689788728114,0.0008097015014185479,
VotingHard,0.05,518,61.38996138996139,2022-10-10,2025-10-05,10000.0,12876.173717988351,2876.173717988351,28.76173717988351,13.086251303499497,518,289,229,55.79150579150579,5.5524589150354675,25.130995597465844,19.155825369778412,5.5524589150354675,1.6556601094681243,-252.43259913688962,2.1006592121371694,2.1526045457519962,2.972602679425771,6.229592704942275,11.39382840339355,7,6,518,2.0555555555555554,True,3.0862340789788694,0.0021357434179691123,True,True,0.00017981689788728114,0.0008097015014185479,
VotingHard,0.1,518,61.38996138996139,2022-10-10,2025-10-05,10000.0,12876.173717988351,2876.173717988351,28.76173717988351,13.086251303499497,518,289,229,55.79150579150579,5.5524589150354675,25.130995597465844,19.155825369778412,5.5524589150354675,1.6556601094681243,-252.43259913688962,2.1006592121371694,2.1526045457519962,2.972602679425771,6.229592704942275,11.39382840339355,7,6,518,2.0555555555555554,True,3.0862340789788694,0.0021357434179691123,True,True,0.00017981689788728114,0.0008097015014185479,
VotingHard,0.15,518,61.38996138996139,2022-10-10,2025-10-05,10000.0,12876.173717988351,2876.173717988351,28.76173717988351,13.086251303499497,518,289,229,55.79150579150579,5.5524589150354675,25.130995597465844,19.155825369778412,5.5524589150354675,1.6556601094681243,-252.43259913688962,2.1006592121371694,2.1526045457519962,2.972602679425771,6.229592704942275,11.39382840339355,7,6,518,2.0555555555555554,True,3.0862340789788694,0.0021357434179691123,True,True,0.00017981689788728114,0.0008097015014185479,
VotingHard,0.2,518,61.38996138996139,2022-10-10,2025-10-05,10000.0,12876.173717988351,2876.173717988351,28.76173717988351,13.086251303499497,518,289,229,55.79150579150579,5.5524589150354675,25.130995597465844,19.155825369778412,5.5524589150354675,1.6556601094681243,-252.43259913688962,2.1006592121371694,2.1526045457519962,2.972602679425771,6.229592704942275,11.39382840339355,7,6,518,2.0555555555555554,True,3.0862340789788694,0.0021357434179691123,True,True,0.00017981689788728114,0.0008097015014185479,
VotingSoft,0.0,518,61.969111969111964,2022-10-10,2025-10-05,10000.0,15347.420611808573,5347.420611808573,53.47420611808573,23.169649608787644,518,290,228,55.98455598455598,10.32320581430229,39.20210692947894,26.40872981465047,10.323205814302288,1.88810023576325,-421.6000838405889,3.926321482854041,3.0239705879536944,5.286202557800375,5.901108635644792,12.683632704946247,9,5,518,2.0555555555555554,True,4.335529765924636,1.7484379569987522e-05,True,True,0.00045766230173802493,0.001216092590205329,
VotingSoft,0.05,518,61.969111969111964,2022-10-10,2025-10-05,10000.0,15508.599928553116,5508.599928553116,55.08599928553116,23.797248168422612,482,267,215,55.3941908713693,11.42863055716414,43.57372862835372,28.491095884731756,11.428630557164144,1.8992772731587522,-407.9099058302927,3.7988261571029995,3.114468344684069,5.798087290601523,6.264368829809915,13.504452453392785,8,5,518,2.0555555555555554,True,4.307320319221271,2.004212433845482e-05,True,True,0.0005012714073327024,0.001342244058845006,
VotingSoft,0.1,518,61.969111969111964,2022-10-10,2025-10-05,10000.0,17011.45811297795,7011.458112977951,70.11458112977951,29.494893010633703,443,253,190,57.11060948081265,15.827219216654502,52.24516445035164,32.66614996295274,15.827219216654505,2.12968351528381,-401.26846237641985,3.768860216747921,3.775788906531081,7.305678890470413,7.825945064124531,17.47323492968824,7,5,518,2.0555555555555554,True,5.006212714400774,8.032824481875967e-07,True,True,0.0007367680477295286,0.001689130499284939,
VotingSoft,0.15,518,61.969111969111964,2022-10-10,2025-10-05,10000.0,17179.3521265923,7179.352126592301,71.793521265923,30.11507711593442,395,226,169,57.21518987341773,18.175575004031085,56.61995701836561,33.235255382002066,18.17557500403109,2.2782021092317777,-490.96234698888657,4.463918071103737,4.030929847742999,8.210165818514694,6.74633284846293,14.623019811241885,7,5,518,2.0555555555555554,True,5.046653848895086,6.880717248751184e-07,True,True,0.0008458289857875936,0.0019254077398254733,
VotingSoft,0.2,518,61.969111969111964,2022-10-10,2025-10-05,10000.0,17413.512378433395,7413.5123784333955,74.13512378433396,30.974867614342827,362,210,152,58.011049723756905,20.479315962523213,59.917143912242814,34.0071568627473,20.47931596252321,2.434201275622638,-378.86767160038835,3.381580397416062,4.335844500259231,9.067951370155487,9.159879102094212,19.567550715313647,8,5,518,2.0555555555555554,True,5.1967008024532575,3.401009802092354e-07,True,True,0.0009630056299936855,0.002135588468978531,
XGBoost,0.0,518,60.810810810810814,2022-10-10,2025-10-05,10000.0,12766.483429104035,2766.483429104035,27.664834291040354,12.61655740214016,518,288,230,55.5984555984556,5.340701600586958,27.338938037610554,22.2049161988165,5.340701600586959,1.5416903497628416,-359.3973687268244,3.3772295550746207,2.024587643553547,2.946834694467951,3.73577134642285,7.697561723683127,7,6,518,2.0555555555555554,True,2.902693573580495,0.00385763345750225,True,False,0.00015468644564333914,0.0008025521517792667,
XGBoost,0.05,518,60.810810810810814,2022-10-10,2025-10-05,10000.0,15765.554562906374,5765.5545629063745,57.655545629063745,24.790889204068513,488,276,212,56.557377049180324,11.814660989562272,44.19887208872793,30.34591572444585,11.814660989562272,1.896200079646063,-354.3892672542788,3.3772295550746207,3.277637747811768,5.516202904765726,7.340599387689758,16.26898751075753,7,6,518,2.0555555555555554,True,4.561110493988493,6.446574695277628e-06,True,True,0.0005371694050271314,0.001350226933045037,
XGBoost,0.1,518,60.810810810810814,2022-10-10,2025-10-05,10000.0,15796.961803385931,5796.9618033859315,57.96961803385932,24.911768581497018,459,265,194,57.73420479302832,12.629546412605512,44.761132850238894,31.261538154264823,12.629546412605514,1.9558469663825326,-404.20224413721553,2.8722373965552084,3.2077267199157515,5.406669256512639,8.673297204254327,14.341735820294018,9,6,518,2.0555555555555554,True,4.329157977320495,1.8398060043334615e-05,True,True,0.0005509888887647819,0.0014670458457884108,
XGBoost,0.15,518,60.810810810810814,2022-10-10,2025-10-05,10000.0,16983.40782764226,6983.407827642259,69.83407827642259,29.390972051644184,434,251,183,57.83410138248848,16.090801446180297,52.29412717772893,33.56512619654488,16.090801446180294,2.136915091224488,-446.739548626083,3.032283895333108,3.770807678623768,6.72707418479251,9.692684809914697,15.631944494547781,8,6,518,2.0555555555555554,True,4.94856155881129,1.072451192084794e-06,True,True,0.0007442091173825265,0.001724873337888208,
XGBoost,0.2,518,60.810810810810814,2022-10-10,2025-10-05,10000.0,15004.747055152851,5004.747055152851,50.04747055152852,21.824004362930303,397,228,169,57.43073047858942,12.606415756052506,43.87371394437038,29.576684758364504,12.606415756052508,2.0012578536861763,-398.848874638712,2.867805781562689,3.651523043596634,6.4893082389659185,7.610000824755377,12.547978378242348,8,4,518,2.0555555555555554,True,4.583202315682857,6.147060098834118e-06,True,True,0.000589695730435722,0.0014756138828797324,
